Unifier ID,Project Name,Description,County,Corridor,Category,Estimated Cost,Unfunded Amount,Status,Readiness,Design Percent,Modes,Year Needed,Fatalities 5yr,Serious Injuries 5yr,High Crash Location,Disadvantaged Community,Rural,Environmental Justice,Tags
UNF-1001,US 13 Intersection Safety Improvements,"Systemic safety package at high-crash US 13 intersections including signal upgrades, left-turn protection, lighting, and pedestrian accommodations in New Castle County.",New Castle,US 13,safety,18400000,18400000,unfunded,final-design,80,auto; pedestrian; transit,2026,6,41,true,true,false,true,intersection; signal; pedestrian; high-crash; lighting; safety
UNF-1002,Bridge Rehabilitation - Group 3,"Bundled rehabilitation of load-posted and structurally deficient bridges in Kent and Sussex Counties, restoring legal loads and improving freight reliability.",Kent,US 113,bridge,41200000,36800000,partially-funded,preliminary-design,35,auto; freight,2027,0,3,false,false,true,false,bridge; structurally-deficient; rural; freight; load-posting
UNF-1003,Wilmington High-Injury Network Complete Streets,"Complete streets conversion on a high-injury urban corridor with protected bike lanes, bus stop improvements, curb extensions, and leading pedestrian intervals.",New Castle,SR 52,complete-streets,22100000,22100000,unfunded,final-design,70,auto; pedestrian; bicycle; transit,2026,8,62,true,true,false,true,complete-streets; bike-ped; equity; vru; transit; high-crash
UNF-1004,SR 1 Pedestrian Crossing & Lighting — Coastal Towns,"Marked crossings, refuge islands, RRFBs, and continuous lighting at SR 1 crossings serving beach communities and transit stops.",Sussex,SR 1,bike-ped,9600000,9600000,unfunded,construction-ready,95,pedestrian; bicycle; auto,2025,4,19,true,false,false,false,pedestrian; lighting; crossing; vru; tourism; safety
UNF-1005,Dover Transit Signal Priority and Queue Jump,"Transit signal priority, queue jumps, and pedestrian safety upgrades on DART routes serving employment and medical destinations in Dover.",Kent,US 13,transit,7400000,7400000,unfunded,final-design,75,transit; pedestrian; auto,2026,2,14,false,true,false,true,transit; signal; equity; pedestrian; tsp
UNF-1016,DART Low-No Bus Fleet Replacement and Maintenance Facility,"Replace diesel buses with low- and no-emission transit buses and rehabilitate the DART bus maintenance garage, including depot charging and related equipment.",New Castle,Statewide,transit,28600000,28600000,unfunded,final-design,70,transit,2026,0,1,false,true,false,true,transit; bus-fleet; low-no; garage; zero-emission
UNF-1006,I-95 / SR 141 Interchange Safety and Operations,"Ramp realignment, auxiliary lanes, and wrong-way detection to reduce severe crashes and freight delay at a major New Castle interchange.",New Castle,I-95,safety,67500000,67500000,unfunded,preliminary-design,30,auto; freight,2028,5,27,true,false,false,false,interstate; interchange; freight; wrong-way; high-crash
UNF-1007,Statewide Vulnerable Road User Safety Action Plan Update,"Data-driven update to Delaware's VRU safety action plan, including equity analysis, high-injury network refresh, and implementation strategy.",Kent,Statewide,planning,1800000,1800000,unfunded,planning,10,pedestrian; bicycle,2025,21,140,true,true,true,true,safety-plan; vru; data-driven; equity; planning
UNF-1008,SR 1 Coastal Resilience and Flood Mitigation,"Raise and armor critical SR 1 segments that flood during coastal storms, protecting an evacuation route and seasonal economy.",Sussex,SR 1,resilience,54000000,54000000,unfunded,preliminary-design,25,auto; transit; freight,2028,1,6,false,false,false,false,flood; sea-level; evacuation; coastal; resilience
UNF-1009,US 13 Alternative Fuel Corridor Charging,DC fast charging sites along the US 13 alternative fuel corridor with rural coverage gaps between Dover and Delmar.,Sussex,US 13,ev-charging,6200000,6200000,unfunded,row,55,auto; freight,2026,0,0,false,false,true,false,ev; corridor; alternative-fuel; rural
UNF-1010,Newark Bicycle Boulevard and School Access,"Low-stress bicycle boulevard connecting neighborhoods, UD campus, and elementary schools with traffic calming and crossing improvements.",New Castle,SR 896,bike-ped,4100000,4100000,unfunded,construction-ready,90,bicycle; pedestrian,2025,1,9,false,false,false,false,bicycle; school; traffic-calming; vru; complete-streets
UNF-1011,Seaford US 13 Freight Bottleneck Relief,"Intersection capacity, turning-radius, and signal timing improvements for agricultural and industrial freight on US 13 in western Sussex.",Sussex,US 13,freight,15300000,15300000,unfunded,preliminary-design,40,freight; auto,2027,2,11,false,true,true,false,freight; bottleneck; rural; signal; agriculture
UNF-1012,Statewide Pavement Preservation Package FY26,Preventive pavement treatments on NHS and state routes to extend service life. Limited safety or equity components.,Kent,Statewide,pavement,28000000,28000000,unfunded,construction-ready,100,auto,2026,0,2,false,false,true,false,pavement; preservation; state-of-good-repair
UNF-1013,Claymont I-495 Local Access Safety Retrofit,"Pedestrian overpass approach lighting, barrier upgrades, and speed management on local streets feeding I-495 ramps.",New Castle,I-495,safety,8700000,8700000,unfunded,final-design,65,auto; pedestrian,2026,3,18,true,true,false,true,safety; pedestrian; lighting; speed-management; equity
UNF-1014,Milford SR 1 / SR 14 Systemic Lane Departure Countermeasures,"Rumble strips, high-friction surface treatment, and curve warning upgrades on a rural fatal crash corridor.",Kent,SR 1,safety,5300000,5300000,unfunded,construction-ready,85,auto,2025,7,22,true,false,true,false,lane-departure; rural; high-friction; systemic; safety
UNF-1015,Georgetown Downtown Multimodal Safety Project,"Road diet, on-street parking reconfiguration, ADA ramps, and pedestrian lighting in Georgetown's downtown core.",Sussex,US 113,complete-streets,6900000,6900000,unfunded,final-design,72,auto; pedestrian; bicycle,2026,2,16,true,true,true,true,road-diet; ada; downtown; equity; complete-streets; safety
UNF-2016,T202710629 DART Bus Fleet Replacement — Elsmere Division,"Replace diesel buses with low- and no-emission transit buses and related equipment at the DART Elsmere division, including depot charging.",New Castle,SR 52,transit,14680000,13087923,partially-funded,planning,9,transit,2028,1,17,true,true,false,false,transit; bus-fleet; low-no; zero-emission; garage
UNF-2017,T202210666 SR 2 Bridge Preservation — Viola Northbound,"Deck overlay, joint replacement, and scour countermeasures on the SR 2 bridge near Viola (MP 32.3).",Kent,SR 2,bridge,12090000,9081394,unfunded,row,52,auto; freight,2026,0,3,false,false,true,false,bridge; preservation; state-of-good-repair
UNF-2018,T202310703 Hartly Community Charging Hub — SR 72,Public DC fast charging adjacent to SR 72 serving Hartly residents without home charging.,Kent,SR 72,ev-charging,1130000,1116728,unfunded,planning,11,auto,2026,1,17,true,false,true,false,ev; equity; community; charging
UNF-2019,T202410740 Red Lion Adaptive Signal System — SR 42,"Adaptive signal control, detection, and communications along SR 42 MP 39.3 in Red Lion.",New Castle,SR 42,signals,2890000,2525171,unfunded,preliminary-design,21,auto; transit,2026,1,11,false,false,false,true,signal; operations; congestion; safety
UNF-2020,T202510777 SR 71 Intersection Safety Package — New Castle Northbound,"Systemic safety package at SR 71 MP 12.0 serving New Castle: signal upgrades, left-turn protection, lighting, and pedestrian intervals.",New Castle,SR 71,safety,9240000,7762081,unfunded,planning,13,auto; pedestrian,2025,5,22,true,true,false,false,intersection; signal; safety; pedestrian; high-crash
UNF-2021,T202610814 SR 20 Pavement Rehab — Harrington FY27,Mill and overlay of deteriorated SR 20 lanes through Harrington (MP 28.2) to restore ride quality. Limited safety or equity components.,Kent,SR 20,pavement,6650000,5763563,unfunded,row,42,auto,2028,1,10,false,true,false,false,pavement; preservation; state-of-good-repair
UNF-2022,T202710851 Milton Sidewalk and Crossing Gap Closure — SR 92,"Fill sidewalk gaps and add high-visibility crossings along SR 92 MP 20.6 in Milton, with ADA curb ramps.",Sussex,SR 92,bike-ped,1920000,1638028,unfunded,preliminary-design,34,pedestrian; bicycle,2029,1,17,true,true,true,false,pedestrian; ada; crossing; vru
UNF-2023,T202210888 SR 141 Lane Departure Countermeasures — Frankford,"Rumble strips, high-friction surface treatment, and curve warning upgrades on SR 141 MP 31.0 near Frankford.",Sussex,SR 141,safety,9050000,7627937,unfunded,row,49,auto,2025,0,1,false,false,true,false,lane-departure; rural; high-friction; systemic; safety
UNF-2024,T202310925 SR 7 Bridge Preservation — Hockessin Northbound,"Deck overlay, joint replacement, and scour countermeasures on the SR 7 bridge near Hockessin (MP 23.4).",New Castle,SR 7,bridge,36280000,35740226,unfunded,construction-ready,99,auto; freight,2027,1,16,true,false,false,false,bridge; preservation; state-of-good-repair
UNF-2025,T202410962 DART Bus Maintenance Facility Rehab — Bethel,"Rehabilitate the DART bus maintenance garage in Bethel, including lifts, bus wash, and charging/fueling for the transit fleet.",Sussex,SR 20,transit,33660000,29170040,unfunded,preliminary-design,30,transit,2026,1,15,true,true,true,false,transit; bus-fleet; garage; facility; low-no
UNF-2026,T202510999 SR 1 Pavement Rehab — Bethel Group A,Mill and overlay of deteriorated SR 1 lanes through Bethel (MP 22.5) to restore ride quality. Limited safety or equity components.,Sussex,SR 1,pavement,6690000,6049073,unfunded,final-design,69,auto,2029,0,10,false,false,false,false,pavement; preservation; state-of-good-repair
UNF-2027,T202611036 Christiana DART Stop and Access Improvements — SR 10,"Accessible pads, shelters, lighting, and sidewalk connections to DART stops on SR 10 in Christiana.",New Castle,SR 10,transit,4780000,4393264,unfunded,planning,18,transit; pedestrian,2027,0,10,false,true,true,false,transit; equity; pedestrian; ada
UNF-2028,T202711073 US 202 Pavement Rehab — Viola Group B,Mill and overlay of deteriorated US 202 lanes through Viola (MP 14.3) to restore ride quality. Limited safety or equity components.,Kent,US 202,pavement,17240000,13577349,unfunded,row,52,auto,2029,1,15,true,true,true,false,pavement; preservation; state-of-good-repair
UNF-2029,T202211110 SR 141 Concrete Pavement Restoration — Bethany Beach,"Slab repair, diamond grinding, and joint resealing on SR 141 MP 20.4 in Sussex County near Bethany Beach.",Sussex,SR 141,pavement,18730000,17926675,unfunded,final-design,63,auto,2025,0,3,false,true,true,false,pavement; concrete; preservation
UNF-2030,T202311147 SR 52 Pavement Rehab — Kenton FY27,Mill and overlay of deteriorated SR 52 lanes through Kenton (MP 19.0) to restore ride quality. Limited safety or equity components.,Kent,SR 52,pavement,18550000,18387687,partially-funded,final-design,84,auto,2027,0,9,false,false,true,true,pavement; preservation; state-of-good-repair
UNF-2031,T202411184 SR 1 Lane Departure Countermeasures — Kenton,"Rumble strips, high-friction surface treatment, and curve warning upgrades on SR 1 MP 1.8 near Kenton.",Kent,SR 1,safety,6950000,6885031,unfunded,final-design,83,auto,2029,4,19,true,false,true,false,lane-departure; rural; high-friction; systemic; safety
UNF-2032,T202511221 Edgemoor Complete Streets — SR 9 Town Center,"Lane reallocation, bicycle facilities, and pedestrian lighting on SR 9 through Edgemoor town center (Phase 1).",New Castle,SR 9,complete-streets,4720000,3651984,unfunded,final-design,61,auto; pedestrian; bicycle,2029,5,24,true,false,false,true,complete-streets; bike-ped; equity; safety
UNF-2033,T202611258 Bethany Beach Local Road Safety Plan,Data-driven local road safety plan for Bethany Beach identifying a high-injury network and proven countermeasures.,Sussex,SR 71,planning,820000,629061,unfunded,final-design,66,auto; pedestrian,2027,1,5,false,false,false,true,safety-plan; data-driven; planning
UNF-2034,T202711295 New Castle County Freight and Multimodal Plan Update,"Update the New Castle County freight and multimodal plan, including bottleneck screening on SR 202 and equity analysis.",New Castle,SR 202,planning,1390000,1285373,unfunded,construction-ready,98,auto; freight; transit,2029,1,8,false,true,false,true,planning; freight; multimodal; data-driven
UNF-2035,T202211332 SR 10 Pavement Rehab — Clayton Phase 2,Mill and overlay of deteriorated SR 10 lanes through Clayton (MP 15.5) to restore ride quality. Limited safety or equity components.,Kent,SR 10,pavement,14200000,13779510,partially-funded,row,52,auto,2029,0,0,false,false,false,false,pavement; preservation; state-of-good-repair
UNF-2036,T202311369 Little Creek Adaptive Signal System — SR 896,"Adaptive signal control, detection, and communications along SR 896 MP 44.8 in Little Creek.",Kent,SR 896,signals,3490000,3397721,unfunded,planning,14,auto; transit,2026,0,13,false,true,false,true,signal; operations; congestion; safety
UNF-2037,T202411406 Kenton Roundabout Conversion — SR 404,Convert a high-crash SR 404 intersection in Kenton (MP 12.2) to a single-lane roundabout with pedestrian crossings.,Kent,SR 404,safety,9700000,8650787,unfunded,row,50,auto; pedestrian,2026,4,19,true,true,true,false,roundabout; intersection; safety; pedestrian
UNF-2038,T202511443 Smyrna Sidewalk and Crossing Gap Closure — SR 18,"Fill sidewalk gaps and add high-visibility crossings along SR 18 MP 27.0 in Smyrna, with ADA curb ramps.",Kent,SR 18,bike-ped,7090000,5907719,unfunded,construction-ready,89,pedestrian; bicycle,2028,5,32,true,true,true,false,pedestrian; ada; crossing; vru
UNF-2039,T202611480 SR 404 Intersection Safety Package — Gumboro Phase 2,"Systemic safety package at SR 404 MP 25.2 serving Gumboro: signal upgrades, left-turn protection, lighting, and pedestrian intervals.",Sussex,SR 404,safety,10960000,8669486,unfunded,final-design,70,auto; pedestrian,2027,3,14,true,false,false,false,intersection; signal; safety; pedestrian; high-crash
UNF-2040,T202711517 I-295 Concrete Pavement Restoration — Odessa,"Slab repair, diamond grinding, and joint resealing on I-295 MP 11.6 in New Castle County near Odessa.",New Castle,I-295,pavement,16360000,13809474,partially-funded,row,50,auto,2026,1,17,true,false,false,true,pavement; concrete; preservation
UNF-2041,T202211554 US 113 Drainage and Flood Mitigation — Delmar,Stormwater upgrades and roadway raising where US 113 MP 30.5 floods near Delmar.,Sussex,US 113,resilience,30780000,26440103,unfunded,preliminary-design,29,auto,2028,1,16,true,false,true,false,flood; drainage; resilience
UNF-2042,T202311591 SR 72 Pavement Rehab — Bethany Beach Group A,Mill and overlay of deteriorated SR 72 lanes through Bethany Beach (MP 17.0) to restore ride quality. Limited safety or equity components.,Sussex,SR 72,pavement,10030000,8080644,unfunded,construction-ready,93,auto,2027,0,6,false,false,false,false,pavement; preservation; state-of-good-repair
UNF-2043,T202411628 Rising Sun Complete Streets — SR 42 Town Center,"Lane reallocation, bicycle facilities, and pedestrian lighting on SR 42 through Rising Sun town center (Northbound).",Kent,SR 42,complete-streets,10320000,9276846,unfunded,final-design,75,auto; pedestrian; bicycle,2028,4,26,true,true,false,false,complete-streets; bike-ped; equity; safety
UNF-2044,T202511665 SR 58 Concrete Pavement Restoration — Pike Creek,"Slab repair, diamond grinding, and joint resealing on SR 58 MP 11.1 in New Castle County near Pike Creek.",New Castle,SR 58,pavement,9820000,9687751,unfunded,planning,6,auto,2025,1,11,false,false,false,false,pavement; concrete; preservation
UNF-2045,T202611702 New Castle County Freight and Multimodal Plan Update,"Update the New Castle County freight and multimodal plan, including bottleneck screening on SR 71 and equity analysis.",New Castle,SR 71,planning,1310000,1252468,unfunded,row,51,auto; freight; transit,2028,1,6,false,false,false,true,planning; freight; multimodal; data-driven
UNF-2046,T202711739 Magnolia School Zone and Speed Management,"School-zone flashers, gateway treatments, and speed management on local streets feeding SR 4 in Magnolia.",Kent,SR 4,safety,1000000,819295,unfunded,preliminary-design,24,auto; pedestrian,2025,0,6,false,false,true,false,safety; school; speed-management; lighting
UNF-2047,T202211776 SR 141 Pavement Rehab — Bear FY26,Mill and overlay of deteriorated SR 141 lanes through Bear (MP 34.4) to restore ride quality. Limited safety or equity components.,New Castle,SR 141,pavement,19870000,17974830,unfunded,planning,14,auto,2027,0,2,false,false,false,false,pavement; preservation; state-of-good-repair
UNF-2048,T202311813 Dewey Beach School Zone and Speed Management,"School-zone flashers, gateway treatments, and speed management on local streets feeding SR 36 in Dewey Beach.",Sussex,SR 36,safety,4450000,4243547,partially-funded,row,45,auto; pedestrian,2025,6,31,true,true,false,false,safety; school; speed-management; lighting
UNF-2049,T202411850 Kenton Truck Route Geometric Improvements — SR 141,Widen turning radii and upgrade shoulders for freight movements on SR 141 MP 3.1 near Kenton.,Kent,SR 141,freight,15610000,15469862,unfunded,row,52,freight; auto,2027,1,12,false,true,true,false,freight; geometry; shoulders
UNF-2050,T202511887 Hartly Sidewalk and Crossing Gap Closure — SR 7,"Fill sidewalk gaps and add high-visibility crossings along SR 7 MP 23.2 in Hartly, with ADA curb ramps.",Kent,SR 7,bike-ped,6550000,5330018,unfunded,row,58,pedestrian; bicycle,2028,1,6,false,false,true,false,pedestrian; ada; crossing; vru
UNF-2051,T202611924 DART Bus Maintenance Facility Rehab — Ellendale,"Rehabilitate the DART bus maintenance garage in Ellendale, including lifts, bus wash, and charging/fueling for the transit fleet.",Sussex,SR 58,transit,7150000,5556260,unfunded,final-design,69,transit,2029,1,14,false,false,true,false,transit; bus-fleet; garage; facility; low-no
UNF-2052,T202711961 US 202 Pavement Rehab — Smyrna Southbound,Mill and overlay of deteriorated US 202 lanes through Smyrna (MP 2.6) to restore ride quality. Limited safety or equity components.,Kent,US 202,pavement,8050000,6934297,unfunded,construction-ready,99,auto,2025,0,12,false,true,false,true,pavement; preservation; state-of-good-repair
UNF-2053,T202211998 Delaware City Complete Streets — US 202 Town Center,"Lane reallocation, bicycle facilities, and pedestrian lighting on US 202 through Delaware City town center (Phase 1).",New Castle,US 202,complete-streets,11160000,8410807,unfunded,final-design,75,auto; pedestrian; bicycle,2026,2,9,true,true,false,true,complete-streets; bike-ped; equity; safety
UNF-2054,T202312035 Delmar DART Stop and Access Improvements — SR 4,"Accessible pads, shelters, lighting, and sidewalk connections to DART stops on SR 4 in Delmar.",Sussex,SR 4,transit,1350000,1093121,partially-funded,final-design,77,transit; pedestrian,2025,1,10,false,false,true,true,transit; equity; pedestrian; ada
UNF-2055,T202412072 SR 2 Drainage and Flood Mitigation — Rising Sun,Stormwater upgrades and roadway raising where SR 2 MP 40.5 floods near Rising Sun.,Kent,SR 2,resilience,8370000,7554132,unfunded,planning,7,auto,2025,1,15,true,false,true,false,flood; drainage; resilience
UNF-2056,T202512109 US 301 Bridge Preservation — Christiana Group A,"Deck overlay, joint replacement, and scour countermeasures on the US 301 bridge near Christiana (MP 44.6).",New Castle,US 301,bridge,21750000,19698731,unfunded,row,55,auto; freight,2029,0,10,false,false,false,true,bridge; preservation; state-of-good-repair
UNF-2057,T202612146 SR 8 Lane Departure Countermeasures — Milford,"Rumble strips, high-friction surface treatment, and curve warning upgrades on SR 8 MP 37.1 near Milford.",Kent,SR 8,safety,6900000,6712745,unfunded,row,42,auto,2026,0,3,false,false,false,false,lane-departure; rural; high-friction; systemic; safety
UNF-2058,T202712183 US 13 Pavement Rehab — Newark Group B,Mill and overlay of deteriorated US 13 lanes through Newark (MP 28.8) to restore ride quality. Limited safety or equity components.,New Castle,US 13,pavement,11390000,9207966,unfunded,row,52,auto,2026,1,12,false,true,false,false,pavement; preservation; state-of-good-repair
UNF-2059,T202212220 Greenville Road Diet and Downtown Safety — SR 8,"Road diet, on-street parking reconfiguration, ADA ramps, and pedestrian lighting in Greenville along SR 8.",New Castle,SR 8,complete-streets,9420000,7111337,partially-funded,row,36,auto; pedestrian; bicycle,2028,0,6,false,false,false,true,road-diet; ada; downtown; complete-streets; safety
UNF-2060,T202312257 Harrington School Zone and Speed Management,"School-zone flashers, gateway treatments, and speed management on local streets feeding SR 26 in Harrington.",Kent,SR 26,safety,1400000,1380349,unfunded,final-design,80,auto; pedestrian,2026,3,16,true,false,false,false,safety; school; speed-management; lighting
UNF-2061,T202412294 SR 10 Lane Departure Countermeasures — Viola,"Rumble strips, high-friction surface treatment, and curve warning upgrades on SR 10 MP 27.7 near Viola.",Kent,SR 10,safety,3540000,2700628,unfunded,row,58,auto,2028,4,28,true,false,true,true,lane-departure; rural; high-friction; systemic; safety
UNF-2062,T202512331 SR 54 Drainage and Flood Mitigation — Felton,Stormwater upgrades and roadway raising where SR 54 MP 22.1 floods near Felton.,Kent,SR 54,resilience,9130000,8703216,unfunded,construction-ready,100,auto,2029,0,13,false,true,true,true,flood; drainage; resilience
UNF-2063,T202612368 SR 54 Intersection Safety Package — Newark Group A,"Systemic safety package at SR 54 MP 39.1 serving Newark: signal upgrades, left-turn protection, lighting, and pedestrian intervals.",New Castle,SR 54,safety,10510000,9685846,partially-funded,construction-ready,91,auto; pedestrian,2029,1,11,false,true,false,true,intersection; signal; safety; pedestrian; high-crash
UNF-2064,T202712405 Port Penn School Zone and Speed Management,"School-zone flashers, gateway treatments, and speed management on local streets feeding SR 1 in Port Penn.",New Castle,SR 1,safety,3780000,3028085,unfunded,row,45,auto; pedestrian,2027,2,18,true,true,false,true,safety; school; speed-management; lighting
UNF-2065,T202212442 Clayton Adaptive Signal System — SR 26,"Adaptive signal control, detection, and communications along SR 26 MP 44.6 in Clayton.",Kent,SR 26,signals,1900000,1431452,unfunded,row,55,auto; transit,2025,1,5,false,true,false,true,signal; operations; congestion; safety
UNF-2066,T202312479 Elsmere School Zone and Speed Management,"School-zone flashers, gateway treatments, and speed management on local streets feeding SR 141 in Elsmere.",New Castle,SR 141,safety,4180000,3882308,unfunded,construction-ready,85,auto; pedestrian,2026,5,29,true,true,false,false,safety; school; speed-management; lighting
UNF-2067,T202412516 Milford Community Charging Hub — SR 14,Public DC fast charging adjacent to SR 14 serving Milford residents without home charging.,Sussex,SR 14,ev-charging,4110000,3359960,partially-funded,row,38,auto,2025,1,10,false,true,true,true,ev; equity; community; charging
UNF-2068,T202512553 Frederica Sidewalk and Crossing Gap Closure — SR 8,"Fill sidewalk gaps and add high-visibility crossings along SR 8 MP 43.3 in Frederica, with ADA curb ramps.",Kent,SR 8,bike-ped,1380000,1325469,unfunded,final-design,82,pedestrian; bicycle,2025,2,16,true,true,false,false,pedestrian; ada; crossing; vru
UNF-2069,T202612590 SR 202 Concrete Pavement Restoration — Stanton,"Slab repair, diamond grinding, and joint resealing on SR 202 MP 40.7 in New Castle County near Stanton.",New Castle,SR 202,pavement,20840000,18946740,unfunded,preliminary-design,28,auto,2027,0,0,false,false,false,false,pavement; concrete; preservation
UNF-2070,T202712627 US 202 Concrete Pavement Restoration — Bellefonte,"Slab repair, diamond grinding, and joint resealing on US 202 MP 6.5 in New Castle County near Bellefonte.",New Castle,US 202,pavement,11650000,10170454,unfunded,row,43,auto,2025,1,11,false,false,false,true,pavement; concrete; preservation
UNF-2071,T202212664 SR 52 Pavement Rehab — Delaware City Northbound,Mill and overlay of deteriorated SR 52 lanes through Delaware City (MP 2.7) to restore ride quality. Limited safety or equity components.,New Castle,SR 52,pavement,8090000,7866994,unfunded,row,38,auto,2026,1,9,false,true,false,false,pavement; preservation; state-of-good-repair
UNF-2072,T202312701 Smyrna Slope Stabilization — SR 299 MP 2.6,"Embankment repair, drainage, and slope stabilization on SR 299 near Smyrna after repeated washouts.",Kent,SR 299,resilience,4910000,3858685,unfunded,construction-ready,93,auto,2026,1,14,false,true,false,false,slope; drainage; resilience; geotech
UNF-2073,T202412738 SR 8 ITS Camera and Fiber — Clayton Group A,"CCTV, fiber interconnect, and TMC integration on SR 8 MP 26.1 serving Clayton and Kent County operations.",Kent,SR 8,signals,1460000,1193420,unfunded,construction-ready,90,auto,2026,1,17,true,false,true,false,its; operations; congestion; signal
UNF-2074,T202512775 DART Bus Maintenance Facility Rehab — Red Lion,"Rehabilitate the DART bus maintenance garage in Red Lion, including lifts, bus wash, and charging/fueling for the transit fleet.",New Castle,US 301,transit,18620000,18309473,unfunded,final-design,73,transit,2029,0,5,false,false,false,false,transit; bus-fleet; garage; facility; low-no
UNF-2075,T202612812 SR 141 Concrete Pavement Restoration — Odessa,"Slab repair, diamond grinding, and joint resealing on SR 141 MP 23.0 in New Castle County near Odessa.",New Castle,SR 141,pavement,9460000,8208687,unfunded,construction-ready,96,auto,2028,1,16,true,true,false,false,pavement; concrete; preservation
UNF-2076,T202712849 Laurel Sidewalk and Crossing Gap Closure — I-95,"Fill sidewalk gaps and add high-visibility crossings along I-95 MP 27.4 in Laurel, with ADA curb ramps.",Sussex,I-95,bike-ped,4990000,4697063,unfunded,construction-ready,88,pedestrian; bicycle,2025,2,15,true,false,true,false,pedestrian; ada; crossing; vru
UNF-2077,T202212886 SR 16 Guardrail and End Treatment Upgrade — Bellefonte,Replace outdated guardrail and end treatments on SR 16 MP 11.7 near Bellefonte to current MASH standards.,New Castle,SR 16,safety,1310000,1030231,unfunded,row,57,auto,2026,0,7,false,false,false,false,guardrail; safety; roadside; systemic
UNF-2078,T202312923 SR 92 Freight Bottleneck Relief — Delaware City,"Intersection capacity, turning-radius, and signal timing improvements for industrial freight on SR 92 MP 18.0 in Delaware City.",New Castle,SR 92,freight,27910000,25505906,unfunded,preliminary-design,30,freight; auto,2027,1,10,false,true,false,true,freight; bottleneck; signal; reliability
UNF-2079,T202412960 SR 202 Freight Bottleneck Relief — Frankford,"Intersection capacity, turning-radius, and signal timing improvements for industrial freight on SR 202 MP 43.8 in Frankford.",Sussex,SR 202,freight,11040000,8956421,unfunded,planning,17,freight; auto,2025,1,8,false,false,true,false,freight; bottleneck; signal; reliability
UNF-2080,T202512997 Magnolia Truck Route Geometric Improvements — SR 141,Widen turning radii and upgrade shoulders for freight movements on SR 141 MP 24.4 near Magnolia.,Kent,SR 141,freight,12650000,10803037,partially-funded,construction-ready,97,freight; auto,2026,1,5,false,false,true,true,freight; geometry; shoulders
UNF-2081,T202613034 SR 52 Concrete Pavement Restoration — Dewey Beach,"Slab repair, diamond grinding, and joint resealing on SR 52 MP 11.1 in Sussex County near Dewey Beach.",Sussex,SR 52,pavement,9060000,7891332,unfunded,final-design,74,auto,2025,1,17,true,false,true,false,pavement; concrete; preservation
UNF-2082,T202713071 Gumboro Sidewalk and Crossing Gap Closure — I-95,"Fill sidewalk gaps and add high-visibility crossings along I-95 MP 37.0 in Gumboro, with ADA curb ramps.",Sussex,I-95,bike-ped,6550000,5590360,unfunded,row,45,pedestrian; bicycle,2028,1,13,false,false,true,false,pedestrian; ada; crossing; vru
UNF-2083,T202213108 Arden Sidewalk and Crossing Gap Closure — SR 9,"Fill sidewalk gaps and add high-visibility crossings along SR 9 MP 20.1 in Arden, with ADA curb ramps.",New Castle,SR 9,bike-ped,3950000,3107808,unfunded,construction-ready,89,pedestrian; bicycle,2025,6,30,true,false,false,true,pedestrian; ada; crossing; vru
UNF-2084,T202313145 Townsend DART Stop and Access Improvements — SR 9,"Accessible pads, shelters, lighting, and sidewalk connections to DART stops on SR 9 in Townsend.",New Castle,SR 9,transit,6300000,4903018,unfunded,construction-ready,95,transit; pedestrian,2027,1,9,false,false,false,true,transit; equity; pedestrian; ada
UNF-2085,T202413182 SR 42 Concrete Pavement Restoration — Christiana,"Slab repair, diamond grinding, and joint resealing on SR 42 MP 21.8 in New Castle County near Christiana.",New Castle,SR 42,pavement,24690000,20577086,partially-funded,construction-ready,88,auto,2026,0,13,false,true,false,false,pavement; concrete; preservation
UNF-2086,T202513219 Frederica Community Charging Hub — SR 42,Public DC fast charging adjacent to SR 42 serving Frederica residents without home charging.,Kent,SR 42,ev-charging,3150000,2741322,unfunded,row,53,auto,2028,1,14,false,false,true,true,ev; equity; community; charging
UNF-2087,T202613256 SR 7 Bridge Preservation — Middletown FY27,"Deck overlay, joint replacement, and scour countermeasures on the SR 7 bridge near Middletown (MP 36.5).",New Castle,SR 7,bridge,5780000,4442310,unfunded,final-design,81,auto; freight,2028,1,14,false,false,false,false,bridge; preservation; state-of-good-repair
UNF-2088,T202713293 DART Bus Fleet Replacement — Little Creek Division,"Replace diesel buses with low- and no-emission transit buses and related equipment at the DART Little Creek division, including depot charging.",Kent,SR 52,transit,36100000,34939508,unfunded,row,46,transit,2029,0,5,false,true,true,true,transit; bus-fleet; low-no; zero-emission; garage
UNF-2089,T202213330 Bethany Beach DART Stop and Access Improvements — SR 82,"Accessible pads, shelters, lighting, and sidewalk connections to DART stops on SR 82 in Bethany Beach.",Sussex,SR 82,transit,3980000,3478114,unfunded,row,55,transit; pedestrian,2029,0,13,false,true,true,false,transit; equity; pedestrian; ada
UNF-2090,T202313367 Viola Sidewalk and Crossing Gap Closure — SR 58,"Fill sidewalk gaps and add high-visibility crossings along SR 58 MP 7.0 in Viola, with ADA curb ramps.",Kent,SR 58,bike-ped,4560000,4541154,partially-funded,planning,14,pedestrian; bicycle,2026,3,24,true,true,false,true,pedestrian; ada; crossing; vru
UNF-2091,T202413404 Greenville School Zone and Speed Management,"School-zone flashers, gateway treatments, and speed management on local streets feeding US 202 in Greenville.",New Castle,US 202,safety,2980000,2553546,unfunded,construction-ready,87,auto; pedestrian,2026,6,31,true,false,false,false,safety; school; speed-management; lighting
UNF-2092,T202513441 SR 36 Bridge Preservation — Slaughter Beach Southbound,"Deck overlay, joint replacement, and scour countermeasures on the SR 36 bridge near Slaughter Beach (MP 29.0).",Sussex,SR 36,bridge,17880000,17506317,partially-funded,planning,7,auto; freight,2029,0,5,false,true,false,false,bridge; preservation; state-of-good-repair
UNF-2093,T202613478 SR 20 Concrete Pavement Restoration — Felton,"Slab repair, diamond grinding, and joint resealing on SR 20 MP 9.5 in Kent County near Felton.",Kent,SR 20,pavement,19070000,18270614,unfunded,row,57,auto,2026,1,14,false,false,false,true,pavement; concrete; preservation
UNF-2094,T202713515 SR 30 Concrete Pavement Restoration — Selbyville,"Slab repair, diamond grinding, and joint resealing on SR 30 MP 25.3 in Sussex County near Selbyville.",Sussex,SR 30,pavement,12900000,11335641,unfunded,final-design,66,auto,2025,0,3,false,false,true,false,pavement; concrete; preservation
UNF-2095,T202213552 Port Penn Sidewalk and Crossing Gap Closure — SR 299,"Fill sidewalk gaps and add high-visibility crossings along SR 299 MP 3.8 in Port Penn, with ADA curb ramps.",New Castle,SR 299,bike-ped,5460000,5247312,unfunded,row,54,pedestrian; bicycle,2026,2,10,true,true,true,false,pedestrian; ada; crossing; vru
UNF-2096,T202313589 SR 82 Bridge Culvert Replacement — Glasgow,Replace a deteriorated culvert on SR 82 MP 14.3 near Glasgow to restore hydraulic capacity and legal loads.,New Castle,SR 82,bridge,5070000,4503924,unfunded,preliminary-design,27,auto; freight,2025,0,4,false,false,false,false,bridge; culvert; scour; state-of-good-repair
UNF-2097,T202413626 Frederica Sidewalk and Crossing Gap Closure — US 301,"Fill sidewalk gaps and add high-visibility crossings along US 301 MP 14.7 in Frederica, with ADA curb ramps.",Kent,US 301,bike-ped,2490000,2117748,unfunded,preliminary-design,21,pedestrian; bicycle,2025,0,4,false,false,true,false,pedestrian; ada; crossing; vru
UNF-2098,T202513663 SR 24 Pavement Rehab — Wyoming FY27,Mill and overlay of deteriorated SR 24 lanes through Wyoming (MP 22.7) to restore ride quality. Limited safety or equity components.,Kent,SR 24,pavement,15320000,12116751,unfunded,preliminary-design,30,auto,2027,0,5,false,false,false,true,pavement; preservation; state-of-good-repair
UNF-2099,T202613700 SR 42 Lane Departure Countermeasures — Dewey Beach,"Rumble strips, high-friction surface treatment, and curve warning upgrades on SR 42 MP 22.2 near Dewey Beach.",Sussex,SR 42,safety,8420000,6730458,unfunded,final-design,63,auto,2026,3,15,true,true,true,false,lane-departure; rural; high-friction; systemic; safety
UNF-2100,T202713737 Ellendale Complete Streets — SR 36 Town Center,"Lane reallocation, bicycle facilities, and pedestrian lighting on SR 36 through Ellendale town center (Northbound).",Sussex,SR 36,complete-streets,9350000,9309934,unfunded,construction-ready,85,auto; pedestrian; bicycle,2028,6,34,true,true,false,true,complete-streets; bike-ped; equity; safety
UNF-2101,T202213774 SR 8 Bridge Preservation — Georgetown Group B,"Deck overlay, joint replacement, and scour countermeasures on the SR 8 bridge near Georgetown (MP 18.5).",Sussex,SR 8,bridge,14730000,12503928,unfunded,preliminary-design,26,auto; freight,2028,0,3,false,true,false,false,bridge; preservation; state-of-good-repair
UNF-2102,T202313811 SR 9 Lane Departure Countermeasures — Gumboro,"Rumble strips, high-friction surface treatment, and curve warning upgrades on SR 9 MP 19.2 near Gumboro.",Sussex,SR 9,safety,4020000,3229477,partially-funded,row,59,auto,2028,2,20,true,true,true,false,lane-departure; rural; high-friction; systemic; safety
UNF-2103,T202413848 Bridgeville Adaptive Signal System — US 13,"Adaptive signal control, detection, and communications along US 13 MP 5.9 in Bridgeville.",Sussex,US 13,signals,2600000,2375083,unfunded,final-design,75,auto; transit,2029,0,11,false,true,true,true,signal; operations; congestion; safety
UNF-2104,T202513885 Leipsic DART Stop and Access Improvements — SR 26,"Accessible pads, shelters, lighting, and sidewalk connections to DART stops on SR 26 in Leipsic.",Kent,SR 26,transit,6360000,4998207,unfunded,final-design,82,transit; pedestrian,2025,1,16,true,false,true,false,transit; equity; pedestrian; ada
UNF-2105,T202613922 Dewey Beach Adaptive Signal System — US 202,"Adaptive signal control, detection, and communications along US 202 MP 2.0 in Dewey Beach.",Sussex,US 202,signals,4910000,4473991,unfunded,planning,7,auto; transit,2027,0,3,false,true,true,false,signal; operations; congestion; safety
UNF-2106,T202713959 US 113 Drainage and Flood Mitigation — Milford,Stormwater upgrades and roadway raising where US 113 MP 4.1 floods near Milford.,Kent,US 113,resilience,15080000,12193698,unfunded,construction-ready,99,auto,2025,0,13,false,true,true,false,flood; drainage; resilience
UNF-2107,T202213996 SR 2 Intersection Safety Package — Port Penn Northbound,"Systemic safety package at SR 2 MP 12.7 serving Port Penn: signal upgrades, left-turn protection, lighting, and pedestrian intervals.",New Castle,SR 2,safety,10550000,9577517,unfunded,row,37,auto; pedestrian,2029,5,20,true,true,true,false,intersection; signal; safety; pedestrian; high-crash
UNF-2108,T202314033 Leipsic Sidewalk and Crossing Gap Closure — SR 8,"Fill sidewalk gaps and add high-visibility crossings along SR 8 MP 42.2 in Leipsic, with ADA curb ramps.",Kent,SR 8,bike-ped,6100000,4986126,unfunded,planning,11,pedestrian; bicycle,2027,6,28,true,false,true,true,pedestrian; ada; crossing; vru
UNF-2109,T202414070 SR 1 Concrete Pavement Restoration — Lewes,"Slab repair, diamond grinding, and joint resealing on SR 1 MP 24.7 in Sussex County near Lewes.",Sussex,SR 1,pavement,19270000,17767847,unfunded,construction-ready,94,auto,2026,1,11,false,true,false,true,pavement; concrete; preservation
UNF-2110,T202514107 Magnolia Slope Stabilization — SR 52 MP 32.2,"Embankment repair, drainage, and slope stabilization on SR 52 near Magnolia after repeated washouts.",Kent,SR 52,resilience,8430000,8290178,unfunded,planning,11,auto,2025,0,3,false,true,false,false,slope; drainage; resilience; geotech
UNF-2111,T202614144 SR 30 Intersection Safety Package — Felton Southbound,"Systemic safety package at SR 30 MP 23.7 serving Felton: signal upgrades, left-turn protection, lighting, and pedestrian intervals.",Kent,SR 30,safety,13630000,11352707,unfunded,final-design,65,auto; pedestrian,2029,3,21,true,true,true,true,intersection; signal; safety; pedestrian; high-crash
UNF-2112,T202714181 Pike Creek Road Diet and Downtown Safety — SR 10,"Road diet, on-street parking reconfiguration, ADA ramps, and pedestrian lighting in Pike Creek along SR 10.",New Castle,SR 10,complete-streets,10430000,8926297,unfunded,final-design,62,auto; pedestrian; bicycle,2027,6,30,true,true,false,true,road-diet; ada; downtown; complete-streets; safety
UNF-2113,T202214218 Edgemoor Road Diet and Downtown Safety — SR 9,"Road diet, on-street parking reconfiguration, ADA ramps, and pedestrian lighting in Edgemoor along SR 9.",New Castle,SR 9,complete-streets,6990000,5930770,unfunded,planning,16,auto; pedestrian; bicycle,2029,4,27,true,false,false,true,road-diet; ada; downtown; complete-streets; safety
UNF-2114,T202314255 Claymont Sidewalk and Crossing Gap Closure — US 113,"Fill sidewalk gaps and add high-visibility crossings along US 113 MP 44.5 in Claymont, with ADA curb ramps.",New Castle,US 113,bike-ped,5580000,4713611,unfunded,preliminary-design,20,pedestrian; bicycle,2027,0,11,false,true,true,false,pedestrian; ada; crossing; vru
UNF-2115,T202414292 Little Creek Sidewalk and Crossing Gap Closure — DE 1,"Fill sidewalk gaps and add high-visibility crossings along DE 1 MP 16.5 in Little Creek, with ADA curb ramps.",Kent,DE 1,bike-ped,2280000,2235573,unfunded,final-design,66,pedestrian; bicycle,2026,6,36,true,true,false,false,pedestrian; ada; crossing; vru
UNF-2116,T202514329 US 113 Bridge Culvert Replacement — Newport,Replace a deteriorated culvert on US 113 MP 42.9 near Newport to restore hydraulic capacity and legal loads.,New Castle,US 113,bridge,8830000,7006472,unfunded,final-design,69,auto; freight,2028,1,16,true,false,false,false,bridge; culvert; scour; state-of-good-repair
UNF-2117,T202614366 Clayton Sidewalk and Crossing Gap Closure — SR 2,"Fill sidewalk gaps and add high-visibility crossings along SR 2 MP 42.3 in Clayton, with ADA curb ramps.",Kent,SR 2,bike-ped,6520000,6054199,unfunded,final-design,76,pedestrian; bicycle,2026,4,23,true,true,false,false,pedestrian; ada; crossing; vru
UNF-2118,T202714403 Red Lion Truck Route Geometric Improvements — US 113,Widen turning radii and upgrade shoulders for freight movements on US 113 MP 23.3 near Red Lion.,New Castle,US 113,freight,9550000,9254872,unfunded,preliminary-design,30,freight; auto,2026,0,8,false,false,false,false,freight; geometry; shoulders
UNF-2119,T202214440 Rehoboth Beach Adaptive Signal System — SR 30,"Adaptive signal control, detection, and communications along SR 30 MP 38.2 in Rehoboth Beach.",Sussex,SR 30,signals,8100000,6162585,unfunded,construction-ready,93,auto; transit,2027,1,15,true,false,true,true,signal; operations; congestion; safety
UNF-2120,T202314477 SR 26 Drainage and Flood Mitigation — Dagsboro,Stormwater upgrades and roadway raising where SR 26 MP 11.5 floods near Dagsboro.,Sussex,SR 26,resilience,11500000,10175360,unfunded,preliminary-design,25,auto,2026,0,4,false,false,false,true,flood; drainage; resilience
UNF-2121,T202414514 SR 404 Bridge Preservation — Henlopen Acres Phase 2,"Deck overlay, joint replacement, and scour countermeasures on the SR 404 bridge near Henlopen Acres (MP 2.5).",Sussex,SR 404,bridge,11700000,11510160,unfunded,planning,8,auto; freight,2027,1,4,false,false,true,false,bridge; preservation; state-of-good-repair
UNF-2122,T202514551 SR 20 Pavement Rehab — Bridgeville Group B,Mill and overlay of deteriorated SR 20 lanes through Bridgeville (MP 32.2) to restore ride quality. Limited safety or equity components.,Sussex,SR 20,pavement,15240000,14327693,partially-funded,preliminary-design,34,auto,2025,1,17,true,false,true,false,pavement; preservation; state-of-good-repair
UNF-2123,T202614588 Rehoboth Beach DART Stop and Access Improvements — SR 7,"Accessible pads, shelters, lighting, and sidewalk connections to DART stops on SR 7 in Rehoboth Beach.",Sussex,SR 7,transit,4440000,3774078,unfunded,final-design,60,transit; pedestrian,2029,0,12,false,false,true,false,transit; equity; pedestrian; ada
UNF-2124,T202714625 Hockessin Complete Streets — I-295 Town Center,"Lane reallocation, bicycle facilities, and pedestrian lighting on I-295 through Hockessin town center (Group B).",New Castle,I-295,complete-streets,7310000,5595473,unfunded,final-design,69,auto; pedestrian; bicycle,2025,1,10,false,true,false,false,complete-streets; bike-ped; equity; safety
UNF-2125,T202214662 Delaware City Sidewalk and Crossing Gap Closure — US 301,"Fill sidewalk gaps and add high-visibility crossings along US 301 MP 23.7 in Delaware City, with ADA curb ramps.",New Castle,US 301,bike-ped,3020000,2657443,partially-funded,row,50,pedestrian; bicycle,2029,0,12,false,false,false,false,pedestrian; ada; crossing; vru
UNF-2126,T202314699 Port Penn Shared-Use Path — SR 42 Southbound,Construct a shared-use path parallel to SR 42 MP 45.0 connecting neighborhoods and schools in Port Penn.,New Castle,SR 42,bike-ped,9480000,8995793,unfunded,construction-ready,99,pedestrian; bicycle,2028,2,10,true,false,false,false,bicycle; pedestrian; trail; vru
UNF-2127,T202414736 Bellefonte Local Road Safety Plan,Data-driven local road safety plan for Bellefonte identifying a high-injury network and proven countermeasures.,New Castle,SR 896,planning,250000,191306,unfunded,construction-ready,87,auto; pedestrian,2027,0,11,false,false,false,true,safety-plan; data-driven; planning
UNF-2128,T202514773 US 202 Bridge Culvert Replacement — Greenwood,Replace a deteriorated culvert on US 202 MP 44.1 near Greenwood to restore hydraulic capacity and legal loads.,Sussex,US 202,bridge,4020000,3039126,unfunded,construction-ready,99,auto; freight,2028,0,4,false,false,true,false,bridge; culvert; scour; state-of-good-repair
UNF-2129,T202614810 DART Bus Fleet Replacement — Delmar Division,"Replace diesel buses with low- and no-emission transit buses and related equipment at the DART Delmar division, including depot charging.",Sussex,SR 24,transit,10780000,10266845,partially-funded,row,49,transit,2026,1,10,false,true,true,false,transit; bus-fleet; low-no; zero-emission; garage
UNF-2130,T202714847 SR 8 Bridge Preservation — Christiana Northbound,"Deck overlay, joint replacement, and scour countermeasures on the SR 8 bridge near Christiana (MP 18.5).",New Castle,SR 8,bridge,14960000,13908465,unfunded,row,57,auto; freight,2026,0,9,false,false,false,false,bridge; preservation; state-of-good-repair
UNF-2131,T202214884 Selbyville Road Diet and Downtown Safety — SR 202,"Road diet, on-street parking reconfiguration, ADA ramps, and pedestrian lighting in Selbyville along SR 202.",Sussex,SR 202,complete-streets,13930000,13798461,unfunded,row,50,auto; pedestrian; bicycle,2028,5,24,true,true,true,true,road-diet; ada; downtown; complete-streets; safety
UNF-2132,T202314921 SR 8 Pavement Rehab — Milford FY26,Mill and overlay of deteriorated SR 8 lanes through Milford (MP 42.9) to restore ride quality. Limited safety or equity components.,Kent,SR 8,pavement,5220000,4731234,unfunded,construction-ready,94,auto,2026,0,3,false,true,false,false,pavement; preservation; state-of-good-repair
UNF-2133,T202414958 SR 7 Concrete Pavement Restoration — Cheswold,"Slab repair, diamond grinding, and joint resealing on SR 7 MP 1.4 in Kent County near Cheswold.",Kent,SR 7,pavement,9560000,9149553,unfunded,planning,12,auto,2026,1,9,false,false,false,false,pavement; concrete; preservation
UNF-2134,T202514995 SR 26 Pavement Rehab — Bowers FY26,Mill and overlay of deteriorated SR 26 lanes through Bowers (MP 27.7) to restore ride quality. Limited safety or equity components.,Kent,SR 26,pavement,11190000,9226699,partially-funded,planning,11,auto,2029,1,6,false,true,true,true,pavement; preservation; state-of-good-repair
UNF-2135,T202615032 DART Bus Maintenance Facility Rehab — Bellefonte,"Rehabilitate the DART bus maintenance garage in Bellefonte, including lifts, bus wash, and charging/fueling for the transit fleet.",New Castle,US 301,transit,26850000,20333039,partially-funded,row,47,transit,2028,0,11,false,true,false,false,transit; bus-fleet; garage; facility; low-no
UNF-2136,T202715069 I-295 ITS Camera and Fiber — Hartly FY27,"CCTV, fiber interconnect, and TMC integration on I-295 MP 5.9 serving Hartly and Kent County operations.",Kent,I-295,signals,7120000,5630310,unfunded,construction-ready,85,auto,2026,0,2,false,true,false,false,its; operations; congestion; signal
UNF-2137,T202215106 SR 18 Pavement Rehab — Millville Group A,Mill and overlay of deteriorated SR 18 lanes through Millville (MP 11.6) to restore ride quality. Limited safety or equity components.,Sussex,SR 18,pavement,20780000,17435459,unfunded,planning,16,auto,2027,1,17,true,true,false,false,pavement; preservation; state-of-good-repair
UNF-2138,T202315143 Delmar Slope Stabilization — SR 30 MP 24.4,"Embankment repair, drainage, and slope stabilization on SR 30 near Delmar after repeated washouts.",Sussex,SR 30,resilience,9860000,7758059,unfunded,construction-ready,97,auto,2027,0,12,false,true,true,false,slope; drainage; resilience; geotech
UNF-2139,T202415180 Long Neck Shared-Use Path — SR 202 FY26,Construct a shared-use path parallel to SR 202 MP 10.9 connecting neighborhoods and schools in Long Neck.,Sussex,SR 202,bike-ped,11900000,9080828,unfunded,final-design,69,pedestrian; bicycle,2025,1,11,false,false,true,false,bicycle; pedestrian; trail; vru
UNF-2140,T202515217 SR 71 Lane Departure Countermeasures — Red Lion,"Rumble strips, high-friction surface treatment, and curve warning upgrades on SR 71 MP 26.4 near Red Lion.",New Castle,SR 71,safety,2220000,1859045,unfunded,planning,19,auto,2026,1,9,false,false,false,false,lane-departure; rural; high-friction; systemic; safety
UNF-2141,T202615254 Newport Sidewalk and Crossing Gap Closure — SR 82,"Fill sidewalk gaps and add high-visibility crossings along SR 82 MP 25.0 in Newport, with ADA curb ramps.",New Castle,SR 82,bike-ped,7910000,7404687,unfunded,final-design,71,pedestrian; bicycle,2029,4,21,true,true,false,false,pedestrian; ada; crossing; vru
UNF-2142,T202715291 Elsmere Local Road Safety Plan,Data-driven local road safety plan for Elsmere identifying a high-injury network and proven countermeasures.,New Castle,SR 36,planning,750000,677324,unfunded,planning,15,auto; pedestrian,2027,1,8,false,false,false,true,safety-plan; data-driven; planning
UNF-2143,T202215328 Georgetown DART Stop and Access Improvements — SR 896,"Accessible pads, shelters, lighting, and sidewalk connections to DART stops on SR 896 in Georgetown.",Sussex,SR 896,transit,5290000,4196316,unfunded,construction-ready,97,transit; pedestrian,2027,1,16,true,true,true,false,transit; equity; pedestrian; ada
UNF-2144,T202315365 SR 16 Intersection Safety Package — Arden FY26,"Systemic safety package at SR 16 MP 14.1 serving Arden: signal upgrades, left-turn protection, lighting, and pedestrian intervals.",New Castle,SR 16,safety,10830000,9551947,unfunded,construction-ready,89,auto; pedestrian,2027,2,20,true,false,false,true,intersection; signal; safety; pedestrian; high-crash
UNF-2145,T202415402 I-95 Pavement Rehab — Stanton Southbound,Mill and overlay of deteriorated I-95 lanes through Stanton (MP 5.3) to restore ride quality. Limited safety or equity components.,New Castle,I-95,pavement,5510000,4922640,unfunded,final-design,76,auto,2027,0,13,false,false,false,false,pavement; preservation; state-of-good-repair
UNF-2146,T202515439 Cheswold Road Diet and Downtown Safety — US 202,"Road diet, on-street parking reconfiguration, ADA ramps, and pedestrian lighting in Cheswold along US 202.",Kent,US 202,complete-streets,7120000,5760241,unfunded,planning,14,auto; pedestrian; bicycle,2026,3,12,true,false,false,false,road-diet; ada; downtown; complete-streets; safety
UNF-2147,T202615476 Houston Adaptive Signal System — SR 896,"Adaptive signal control, detection, and communications along SR 896 MP 42.0 in Houston.",Kent,SR 896,signals,1970000,1581953,unfunded,final-design,84,auto; transit,2026,1,6,false,false,false,false,signal; operations; congestion; safety
UNF-2148,T202715513 US 13 Concrete Pavement Restoration — Georgetown,"Slab repair, diamond grinding, and joint resealing on US 13 MP 4.7 in Sussex County near Georgetown.",Sussex,US 13,pavement,9790000,9726988,unfunded,preliminary-design,27,auto,2029,0,7,false,false,false,false,pavement; concrete; preservation
UNF-2149,T202215550 Delmar DART Stop and Access Improvements — SR 404,"Accessible pads, shelters, lighting, and sidewalk connections to DART stops on SR 404 in Delmar.",Sussex,SR 404,transit,3030000,2765189,unfunded,final-design,81,transit; pedestrian,2028,1,16,true,false,true,false,transit; equity; pedestrian; ada
UNF-2150,T202315587 SR 18 Bridge Culvert Replacement — Camden-Wyoming,Replace a deteriorated culvert on SR 18 MP 26.5 near Camden-Wyoming to restore hydraulic capacity and legal loads.,Kent,SR 18,bridge,7610000,7456222,partially-funded,row,44,auto; freight,2025,0,2,false,true,false,false,bridge; culvert; scour; state-of-good-repair
UNF-2151,T202415624 SR 300 ITS Camera and Fiber — Ocean View Southbound,"CCTV, fiber interconnect, and TMC integration on SR 300 MP 37.4 serving Ocean View and Sussex County operations.",Sussex,SR 300,signals,1640000,1494189,unfunded,row,56,auto,2026,1,12,false,false,false,false,its; operations; congestion; signal
UNF-2152,T202515661 SR 42 Concrete Pavement Restoration — Odessa,"Slab repair, diamond grinding, and joint resealing on SR 42 MP 14.7 in New Castle County near Odessa.",New Castle,SR 42,pavement,24490000,18481136,partially-funded,construction-ready,98,auto,2027,1,17,true,false,false,false,pavement; concrete; preservation
UNF-2153,T202615698 SR 404 ITS Camera and Fiber — Bridgeville Northbound,"CCTV, fiber interconnect, and TMC integration on SR 404 MP 18.5 serving Bridgeville and Sussex County operations.",Sussex,SR 404,signals,3770000,3137251,unfunded,planning,15,auto,2028,0,9,false,true,true,true,its; operations; congestion; signal
UNF-2154,T202715735 Frederica Adaptive Signal System — SR 1,"Adaptive signal control, detection, and communications along SR 1 MP 20.9 in Frederica.",Kent,SR 1,signals,3890000,3155406,unfunded,construction-ready,95,auto; transit,2029,0,12,false,false,true,false,signal; operations; congestion; safety
UNF-2155,T202215772 Blades Roundabout Conversion — I-295,Convert a high-crash I-295 intersection in Blades (MP 10.1) to a single-lane roundabout with pedestrian crossings.,Sussex,I-295,safety,13370000,11106622,unfunded,final-design,72,auto; pedestrian,2027,1,17,true,true,true,false,roundabout; intersection; safety; pedestrian
UNF-2156,T202315809 SR 54 Lane Departure Countermeasures — Woodside,"Rumble strips, high-friction surface treatment, and curve warning upgrades on SR 54 MP 41.2 near Woodside.",Kent,SR 54,safety,7720000,7487110,unfunded,final-design,84,auto,2025,2,12,true,true,true,false,lane-departure; rural; high-friction; systemic; safety
UNF-2157,T202415846 Dewey Beach Shared-Use Path — SR 18 FY26,Construct a shared-use path parallel to SR 18 MP 22.8 connecting neighborhoods and schools in Dewey Beach.,Sussex,SR 18,bike-ped,4280000,4212012,unfunded,construction-ready,87,pedestrian; bicycle,2029,1,16,true,true,true,false,bicycle; pedestrian; trail; vru
UNF-2158,T202515883 SR 82 Bridge Preservation — Magnolia FY26,"Deck overlay, joint replacement, and scour countermeasures on the SR 82 bridge near Magnolia (MP 2.7).",Kent,SR 82,bridge,17600000,16814239,unfunded,construction-ready,89,auto; freight,2029,1,13,false,false,true,false,bridge; preservation; state-of-good-repair
UNF-2159,T202615920 I-95 Bridge Preservation — Hockessin FY27,"Deck overlay, joint replacement, and scour countermeasures on the I-95 bridge near Hockessin (MP 30.9).",New Castle,I-95,bridge,9800000,7636417,unfunded,planning,16,auto; freight,2027,0,9,false,false,false,false,bridge; preservation; state-of-good-repair
UNF-2160,T202715957 SR 16 Pavement Rehab — Arden Phase 1,Mill and overlay of deteriorated SR 16 lanes through Arden (MP 41.1) to restore ride quality. Limited safety or equity components.,New Castle,SR 16,pavement,16680000,15028467,unfunded,preliminary-design,24,auto,2029,0,0,false,false,false,true,pavement; preservation; state-of-good-repair
UNF-2161,T202215994 SR 7 Concrete Pavement Restoration — Bellefonte,"Slab repair, diamond grinding, and joint resealing on SR 7 MP 34.5 in New Castle County near Bellefonte.",New Castle,SR 7,pavement,10590000,9571945,unfunded,preliminary-design,28,auto,2026,0,5,false,true,false,false,pavement; concrete; preservation
UNF-2162,T202316031 Hartly DART Stop and Access Improvements — SR 7,"Accessible pads, shelters, lighting, and sidewalk connections to DART stops on SR 7 in Hartly.",Kent,SR 7,transit,5880000,4559481,unfunded,preliminary-design,24,transit; pedestrian,2025,0,12,false,true,true,true,transit; equity; pedestrian; ada
UNF-2163,T202416068 SR 7 Drainage and Flood Mitigation — Kirkwood,Stormwater upgrades and roadway raising where SR 7 MP 44.0 floods near Kirkwood.,New Castle,SR 7,resilience,14960000,12029037,unfunded,preliminary-design,26,auto,2025,0,2,false,false,false,false,flood; drainage; resilience
UNF-2164,T202516105 Newark Shared-Use Path — I-95 Phase 2,Construct a shared-use path parallel to I-95 MP 5.0 connecting neighborhoods and schools in Newark.,New Castle,I-95,bike-ped,4950000,4384578,unfunded,planning,7,pedestrian; bicycle,2028,1,15,true,false,false,false,bicycle; pedestrian; trail; vru
UNF-2165,T202616142 Newark Adaptive Signal System — SR 42,"Adaptive signal control, detection, and communications along SR 42 MP 37.5 in Newark.",New Castle,SR 42,signals,8870000,6898434,unfunded,final-design,76,auto; transit,2029,0,13,false,false,false,false,signal; operations; congestion; safety
UNF-2166,T202716179 Fenwick Island Sidewalk and Crossing Gap Closure — DE 1,"Fill sidewalk gaps and add high-visibility crossings along DE 1 MP 21.2 in Fenwick Island, with ADA curb ramps.",Sussex,DE 1,bike-ped,3420000,2952846,unfunded,preliminary-design,33,pedestrian; bicycle,2026,5,22,true,false,true,true,pedestrian; ada; crossing; vru
UNF-2167,T202216216 SR 92 Guardrail and End Treatment Upgrade — Magnolia,Replace outdated guardrail and end treatments on SR 92 MP 29.4 near Magnolia to current MASH standards.,Kent,SR 92,safety,2780000,2488866,unfunded,row,42,auto,2026,1,9,false,true,false,false,guardrail; safety; roadside; systemic
UNF-2168,T202316253 SR 18 Concrete Pavement Restoration — Bethany Beach,"Slab repair, diamond grinding, and joint resealing on SR 18 MP 6.9 in Sussex County near Bethany Beach.",Sussex,SR 18,pavement,19000000,17042176,unfunded,construction-ready,92,auto,2027,1,12,false,false,false,true,pavement; concrete; preservation
UNF-2169,T202416290 Bethany Beach Complete Streets — I-295 Town Center,"Lane reallocation, bicycle facilities, and pedestrian lighting on I-295 through Bethany Beach town center (Northbound).",Sussex,I-295,complete-streets,6270000,6200151,unfunded,construction-ready,87,auto; pedestrian; bicycle,2026,2,20,true,false,true,true,complete-streets; bike-ped; equity; safety
UNF-2170,T202516327 Milton DART Stop and Access Improvements — SR 92,"Accessible pads, shelters, lighting, and sidewalk connections to DART stops on SR 92 in Milton.",Sussex,SR 92,transit,2570000,2120941,unfunded,final-design,72,transit; pedestrian,2027,0,8,false,true,true,false,transit; equity; pedestrian; ada
UNF-2171,T202616364 Fenwick Island Truck Route Geometric Improvements — I-495,Widen turning radii and upgrade shoulders for freight movements on I-495 MP 3.2 near Fenwick Island.,Sussex,I-495,freight,13230000,10538965,unfunded,row,57,freight; auto,2029,1,7,false,false,true,false,freight; geometry; shoulders
UNF-2172,T202716401 SR 1 Intersection Safety Package — Magnolia Group A,"Systemic safety package at SR 1 MP 17.4 serving Magnolia: signal upgrades, left-turn protection, lighting, and pedestrian intervals.",Kent,SR 1,safety,11240000,11064035,partially-funded,row,41,auto; pedestrian,2025,5,20,true,false,true,false,intersection; signal; safety; pedestrian; high-crash
UNF-2173,T202216438 SR 8 Lane Departure Countermeasures — Elsmere,"Rumble strips, high-friction surface treatment, and curve warning upgrades on SR 8 MP 44.0 near Elsmere.",New Castle,SR 8,safety,9360000,8502423,unfunded,planning,14,auto,2027,6,37,true,false,false,false,lane-departure; rural; high-friction; systemic; safety
UNF-2174,T202316475 I-495 Bridge Preservation — Townsend Group B,"Deck overlay, joint replacement, and scour countermeasures on the I-495 bridge near Townsend (MP 27.2).",New Castle,I-495,bridge,5560000,5178580,unfunded,construction-ready,89,auto; freight,2029,1,7,false,true,false,true,bridge; preservation; state-of-good-repair
UNF-2175,T202416512 US 301 Lane Departure Countermeasures — Millsboro,"Rumble strips, high-friction surface treatment, and curve warning upgrades on US 301 MP 27.6 near Millsboro.",Sussex,US 301,safety,6840000,6046541,unfunded,construction-ready,97,auto,2026,6,36,true,false,true,false,lane-departure; rural; high-friction; systemic; safety
UNF-2176,T202516549 Smyrna DART Stop and Access Improvements — SR 300,"Accessible pads, shelters, lighting, and sidewalk connections to DART stops on SR 300 in Smyrna.",Kent,SR 300,transit,4420000,4280933,partially-funded,planning,8,transit; pedestrian,2029,1,14,false,true,true,false,transit; equity; pedestrian; ada
UNF-2177,T202616586 Port Penn Truck Route Geometric Improvements — SR 300,Widen turning radii and upgrade shoulders for freight movements on SR 300 MP 6.0 near Port Penn.,New Castle,SR 300,freight,15700000,12373323,unfunded,row,52,freight; auto,2029,0,3,false,false,false,false,freight; geometry; shoulders
UNF-2178,T202716623 SR 4 Concrete Pavement Restoration — Delmar,"Slab repair, diamond grinding, and joint resealing on SR 4 MP 7.2 in Sussex County near Delmar.",Sussex,SR 4,pavement,8550000,7746614,unfunded,row,46,auto,2027,0,2,false,true,false,false,pavement; concrete; preservation
UNF-2179,T202216660 I-95 Concrete Pavement Restoration — Frederica,"Slab repair, diamond grinding, and joint resealing on I-95 MP 7.1 in Kent County near Frederica.",Kent,I-95,pavement,6770000,5659891,unfunded,construction-ready,98,auto,2026,0,5,false,false,true,false,pavement; concrete; preservation
UNF-2180,T202316697 Ocean View DART Stop and Access Improvements — SR 30,"Accessible pads, shelters, lighting, and sidewalk connections to DART stops on SR 30 in Ocean View.",Sussex,SR 30,transit,1180000,956592,partially-funded,preliminary-design,32,transit; pedestrian,2027,0,0,false,true,false,false,transit; equity; pedestrian; ada
UNF-2181,T202416734 SR 26 Bridge Preservation — Fenwick Island FY27,"Deck overlay, joint replacement, and scour countermeasures on the SR 26 bridge near Fenwick Island (MP 2.8).",Sussex,SR 26,bridge,24210000,19421572,partially-funded,row,48,auto; freight,2025,0,4,false,true,true,true,bridge; preservation; state-of-good-repair
UNF-2182,T202516771 Viola Adaptive Signal System — SR 24,"Adaptive signal control, detection, and communications along SR 24 MP 42.7 in Viola.",Kent,SR 24,signals,5190000,4551170,unfunded,preliminary-design,32,auto; transit,2029,1,14,false,false,false,false,signal; operations; congestion; safety
UNF-2183,T202616808 Harrington Adaptive Signal System — SR 141,"Adaptive signal control, detection, and communications along SR 141 MP 2.6 in Harrington.",Kent,SR 141,signals,4700000,3546257,unfunded,construction-ready,94,auto; transit,2027,1,12,false,true,false,true,signal; operations; congestion; safety
UNF-2184,T202716845 I-95 Drainage and Flood Mitigation — Dewey Beach,Stormwater upgrades and roadway raising where I-95 MP 7.3 floods near Dewey Beach.,Sussex,I-95,resilience,6590000,5531950,unfunded,preliminary-design,32,auto,2027,0,1,false,true,true,false,flood; drainage; resilience
UNF-2185,T202216882 St. Georges Complete Streets — SR 404 Town Center,"Lane reallocation, bicycle facilities, and pedestrian lighting on SR 404 through St. Georges town center (Southbound).",New Castle,SR 404,complete-streets,12910000,11876811,unfunded,final-design,61,auto; pedestrian; bicycle,2025,5,22,true,true,true,false,complete-streets; bike-ped; equity; safety
UNF-2186,T202316919 SR 71 Pavement Rehab — Seaford Group B,Mill and overlay of deteriorated SR 71 lanes through Seaford (MP 14.7) to restore ride quality. Limited safety or equity components.,Sussex,SR 71,pavement,20760000,20700770,unfunded,final-design,77,auto,2028,1,17,true,false,true,true,pavement; preservation; state-of-good-repair
UNF-2187,T202416956 Harrington Shared-Use Path — SR 36 Phase 2,Construct a shared-use path parallel to SR 36 MP 34.9 connecting neighborhoods and schools in Harrington.,Kent,SR 36,bike-ped,10860000,9214920,partially-funded,final-design,69,pedestrian; bicycle,2027,2,10,true,false,true,false,bicycle; pedestrian; trail; vru
UNF-2188,T202516993 Delaware City Sidewalk and Crossing Gap Closure — SR 72,"Fill sidewalk gaps and add high-visibility crossings along SR 72 MP 35.1 in Delaware City, with ADA curb ramps.",New Castle,SR 72,bike-ped,1950000,1796193,unfunded,row,36,pedestrian; bicycle,2028,2,21,true,true,false,true,pedestrian; ada; crossing; vru
UNF-2189,T202617030 SR 18 Drainage and Flood Mitigation — Clayton,Stormwater upgrades and roadway raising where SR 18 MP 39.2 floods near Clayton.,Kent,SR 18,resilience,22170000,17782254,unfunded,planning,11,auto,2025,0,13,false,false,true,false,flood; drainage; resilience
UNF-2190,T202717067 Magnolia DART Stop and Access Improvements — US 301,"Accessible pads, shelters, lighting, and sidewalk connections to DART stops on US 301 in Magnolia.",Kent,US 301,transit,1220000,918818,partially-funded,row,39,transit; pedestrian,2028,0,6,false,true,true,false,transit; equity; pedestrian; ada
UNF-2191,T202217104 Bowers Truck Route Geometric Improvements — SR 42,Widen turning radii and upgrade shoulders for freight movements on SR 42 MP 11.0 near Bowers.,Kent,SR 42,freight,16510000,15188054,unfunded,planning,14,freight; auto,2027,0,12,false,true,true,false,freight; geometry; shoulders
UNF-2192,T202317141 SR 24 Pavement Rehab — Cheswold Phase 2,Mill and overlay of deteriorated SR 24 lanes through Cheswold (MP 37.4) to restore ride quality. Limited safety or equity components.,Kent,SR 24,pavement,20090000,19851443,unfunded,preliminary-design,27,auto,2025,0,13,false,false,false,false,pavement; preservation; state-of-good-repair
UNF-2193,T202417178 Dewey Beach Adaptive Signal System — SR 4,"Adaptive signal control, detection, and communications along SR 4 MP 29.3 in Dewey Beach.",Sussex,SR 4,signals,4970000,3948033,partially-funded,row,43,auto; transit,2027,0,4,false,true,false,false,signal; operations; congestion; safety
UNF-2194,T202517215 Camden Sidewalk and Crossing Gap Closure — SR 896,"Fill sidewalk gaps and add high-visibility crossings along SR 896 MP 34.1 in Camden, with ADA curb ramps.",Kent,SR 896,bike-ped,2790000,2385555,unfunded,row,36,pedestrian; bicycle,2028,0,13,false,false,true,false,pedestrian; ada; crossing; vru
UNF-2195,T202617252 SR 9 Bridge Preservation — Edgemoor Group B,"Deck overlay, joint replacement, and scour countermeasures on the SR 9 bridge near Edgemoor (MP 32.2).",New Castle,SR 9,bridge,20370000,19859450,unfunded,preliminary-design,23,auto; freight,2025,1,10,false,true,false,false,bridge; preservation; state-of-good-repair
UNF-2196,T202717289 Lewes DART Stop and Access Improvements — SR 8,"Accessible pads, shelters, lighting, and sidewalk connections to DART stops on SR 8 in Lewes.",Sussex,SR 8,transit,1740000,1324584,partially-funded,preliminary-design,25,transit; pedestrian,2029,1,8,false,false,true,false,transit; equity; pedestrian; ada
UNF-2197,T202217326 Laurel Complete Streets — SR 299 Town Center,"Lane reallocation, bicycle facilities, and pedestrian lighting on SR 299 through Laurel town center (Phase 1).",Sussex,SR 299,complete-streets,12860000,9783321,unfunded,final-design,60,auto; pedestrian; bicycle,2025,4,22,true,false,false,false,complete-streets; bike-ped; equity; safety
UNF-2198,T202317363 Dewey Beach Community Charging Hub — SR 36,Public DC fast charging adjacent to SR 36 serving Dewey Beach residents without home charging.,Sussex,SR 36,ev-charging,3150000,2711095,unfunded,construction-ready,90,auto,2029,1,17,true,false,true,true,ev; equity; community; charging
UNF-2199,T202417400 Christiana Truck Route Geometric Improvements — SR 26,Widen turning radii and upgrade shoulders for freight movements on SR 26 MP 22.6 near Christiana.,New Castle,SR 26,freight,8390000,6446430,unfunded,construction-ready,94,freight; auto,2025,0,4,false,true,false,false,freight; geometry; shoulders
UNF-2200,T202517437 SR 896 Pavement Rehab — Cheswold Group A,Mill and overlay of deteriorated SR 896 lanes through Cheswold (MP 5.1) to restore ride quality. Limited safety or equity components.,Kent,SR 896,pavement,16340000,13944733,unfunded,row,49,auto,2028,1,5,false,true,true,false,pavement; preservation; state-of-good-repair
UNF-2201,T202617474 DART Bus Maintenance Facility Rehab — Clayton,"Rehabilitate the DART bus maintenance garage in Clayton, including lifts, bus wash, and charging/fueling for the transit fleet.",Kent,SR 9,transit,10260000,7815400,unfunded,construction-ready,85,transit,2026,0,1,false,true,true,true,transit; bus-fleet; garage; facility; low-no
UNF-2202,T202717511 US 301 Drainage and Flood Mitigation — Bethany Beach,Stormwater upgrades and roadway raising where US 301 MP 39.5 floods near Bethany Beach.,Sussex,US 301,resilience,27310000,24014672,unfunded,planning,7,auto,2028,1,14,false,false,true,false,flood; drainage; resilience
UNF-2203,T202217548 Elsmere Shared-Use Path — SR 10 Southbound,Construct a shared-use path parallel to SR 10 MP 7.9 connecting neighborhoods and schools in Elsmere.,New Castle,SR 10,bike-ped,7500000,6918121,unfunded,final-design,67,pedestrian; bicycle,2025,1,12,false,false,true,false,bicycle; pedestrian; trail; vru
UNF-2204,T202317585 SR 42 Pavement Rehab — Wyoming Group B,Mill and overlay of deteriorated SR 42 lanes through Wyoming (MP 1.3) to restore ride quality. Limited safety or equity components.,Kent,SR 42,pavement,6800000,5483510,partially-funded,construction-ready,91,auto,2026,1,4,false,true,true,false,pavement; preservation; state-of-good-repair
UNF-2205,T202417622 Ocean View Community Charging Hub — I-295,Public DC fast charging adjacent to I-295 serving Ocean View residents without home charging.,Sussex,I-295,ev-charging,2820000,2231757,unfunded,construction-ready,90,auto,2027,0,9,false,false,true,true,ev; equity; community; charging
UNF-2206,T202517659 Bethany Beach Local Road Safety Plan,Data-driven local road safety plan for Bethany Beach identifying a high-injury network and proven countermeasures.,Sussex,SR 52,planning,1090000,870475,unfunded,row,52,auto; pedestrian,2027,1,7,false,true,true,false,safety-plan; data-driven; planning
UNF-2207,T202617696 I-95 Pavement Rehab — Bowers FY27,Mill and overlay of deteriorated I-95 lanes through Bowers (MP 39.9) to restore ride quality. Limited safety or equity components.,Kent,I-95,pavement,9570000,7328815,unfunded,row,35,auto,2027,0,11,false,false,true,false,pavement; preservation; state-of-good-repair
UNF-2208,T202717733 SR 14 Drainage and Flood Mitigation — Houston,Stormwater upgrades and roadway raising where SR 14 MP 38.1 floods near Houston.,Kent,SR 14,resilience,25270000,19569465,partially-funded,preliminary-design,27,auto,2025,1,8,false,false,true,false,flood; drainage; resilience
UNF-2209,T202217770 SR 202 Bridge Preservation — Camden Phase 2,"Deck overlay, joint replacement, and scour countermeasures on the SR 202 bridge near Camden (MP 20.3).",Kent,SR 202,bridge,12410000,10882254,unfunded,preliminary-design,27,auto; freight,2025,1,4,false,true,true,true,bridge; preservation; state-of-good-repair
UNF-2210,T202317807 SR 4 Pavement Rehab — Slaughter Beach Phase 2,Mill and overlay of deteriorated SR 4 lanes through Slaughter Beach (MP 9.5) to restore ride quality. Limited safety or equity components.,Sussex,SR 4,pavement,7360000,6790414,partially-funded,row,36,auto,2025,1,10,false,true,false,true,pavement; preservation; state-of-good-repair
UNF-2211,T202417844 SR 1 Pavement Rehab — Woodside FY26,Mill and overlay of deteriorated SR 1 lanes through Woodside (MP 31.3) to restore ride quality. Limited safety or equity components.,Kent,SR 1,pavement,11980000,11723593,unfunded,construction-ready,99,auto,2027,0,6,false,false,false,false,pavement; preservation; state-of-good-repair
UNF-2212,T202517881 New Castle County Freight and Multimodal Plan Update,"Update the New Castle County freight and multimodal plan, including bottleneck screening on DE 1 and equity analysis.",New Castle,DE 1,planning,1500000,1387284,unfunded,planning,7,auto; freight; transit,2027,0,11,false,false,false,false,planning; freight; multimodal; data-driven
UNF-2213,T202617918 SR 202 Drainage and Flood Mitigation — Frankford,Stormwater upgrades and roadway raising where SR 202 MP 7.5 floods near Frankford.,Sussex,SR 202,resilience,26410000,24273258,unfunded,construction-ready,98,auto,2025,1,16,true,false,true,false,flood; drainage; resilience
UNF-2214,T202717955 Kirkwood Sidewalk and Crossing Gap Closure — SR 14,"Fill sidewalk gaps and add high-visibility crossings along SR 14 MP 28.8 in Kirkwood, with ADA curb ramps.",New Castle,SR 14,bike-ped,2210000,1742201,partially-funded,planning,16,pedestrian; bicycle,2029,2,10,true,true,true,false,pedestrian; ada; crossing; vru
UNF-2215,T202217992 Georgetown Truck Route Geometric Improvements — SR 82,Widen turning radii and upgrade shoulders for freight movements on SR 82 MP 28.6 near Georgetown.,Sussex,SR 82,freight,12000000,10035360,partially-funded,row,50,freight; auto,2028,0,7,false,true,true,false,freight; geometry; shoulders
UNF-2216,T202318029 I-295 Intersection Safety Package — Arden Southbound,"Systemic safety package at I-295 MP 22.7 serving Arden: signal upgrades, left-turn protection, lighting, and pedestrian intervals.",New Castle,I-295,safety,2620000,2262008,partially-funded,final-design,80,auto; pedestrian,2028,2,18,true,false,true,false,intersection; signal; safety; pedestrian; high-crash
UNF-2217,T202418066 DART Bus Maintenance Facility Rehab — Hartly,"Rehabilitate the DART bus maintenance garage in Hartly, including lifts, bus wash, and charging/fueling for the transit fleet.",Kent,SR 82,transit,31330000,26559783,partially-funded,preliminary-design,23,transit,2025,1,12,false,true,true,false,transit; bus-fleet; garage; facility; low-no
UNF-2218,T202518103 SR 896 Pavement Rehab — Bowers Northbound,Mill and overlay of deteriorated SR 896 lanes through Bowers (MP 5.4) to restore ride quality. Limited safety or equity components.,Kent,SR 896,pavement,13820000,13487235,unfunded,row,56,auto,2027,1,15,true,true,false,true,pavement; preservation; state-of-good-repair
UNF-2219,T202618140 SR 10 Pavement Rehab — Henlopen Acres Group A,Mill and overlay of deteriorated SR 10 lanes through Henlopen Acres (MP 13.4) to restore ride quality. Limited safety or equity components.,Sussex,SR 10,pavement,4290000,3540782,unfunded,final-design,60,auto,2028,0,11,false,true,true,false,pavement; preservation; state-of-good-repair
UNF-2220,T202718177 DART Bus Fleet Replacement — Kirkwood Division,"Replace diesel buses with low- and no-emission transit buses and related equipment at the DART Kirkwood division, including depot charging.",New Castle,SR 2,transit,35580000,29104383,unfunded,preliminary-design,22,transit,2029,1,9,false,false,false,false,transit; bus-fleet; low-no; zero-emission; garage
UNF-2221,T202218214 Claymont Truck Route Geometric Improvements — SR 24,Widen turning radii and upgrade shoulders for freight movements on SR 24 MP 4.2 near Claymont.,New Castle,SR 24,freight,18430000,18128074,unfunded,row,44,freight; auto,2028,0,6,false,true,false,false,freight; geometry; shoulders
UNF-2222,T202318251 I-495 Bridge Preservation — Dover Phase 2,"Deck overlay, joint replacement, and scour countermeasures on the I-495 bridge near Dover (MP 37.8).",Kent,I-495,bridge,17850000,16475372,unfunded,final-design,73,auto; freight,2026,0,9,false,true,true,false,bridge; preservation; state-of-good-repair
UNF-2223,T202418288 Millville Adaptive Signal System — SR 14,"Adaptive signal control, detection, and communications along SR 14 MP 42.9 in Millville.",Sussex,SR 14,signals,4100000,3763437,unfunded,planning,15,auto; transit,2026,1,9,false,false,true,true,signal; operations; congestion; safety
UNF-2224,T202518325 Delaware City Sidewalk and Crossing Gap Closure — SR 30,"Fill sidewalk gaps and add high-visibility crossings along SR 30 MP 10.4 in Delaware City, with ADA curb ramps.",New Castle,SR 30,bike-ped,8380000,8145062,unfunded,row,36,pedestrian; bicycle,2026,4,18,true,true,false,false,pedestrian; ada; crossing; vru
UNF-2225,T202618362 SR 273 ITS Camera and Fiber — Rising Sun Northbound,"CCTV, fiber interconnect, and TMC integration on SR 273 MP 25.6 serving Rising Sun and Kent County operations.",Kent,SR 273,signals,2850000,2523021,unfunded,final-design,61,auto,2029,1,13,false,true,false,true,its; operations; congestion; signal
UNF-2226,T202718399 SR 71 Drainage and Flood Mitigation — Smyrna,Stormwater upgrades and roadway raising where SR 71 MP 36.8 floods near Smyrna.,Kent,SR 71,resilience,6390000,5435589,partially-funded,construction-ready,90,auto,2027,0,8,false,true,true,false,flood; drainage; resilience
UNF-2227,T202218436 SR 92 Bridge Preservation — Lincoln Phase 2,"Deck overlay, joint replacement, and scour countermeasures on the SR 92 bridge near Lincoln (MP 10.5).",Sussex,SR 92,bridge,23790000,19655346,unfunded,row,52,auto; freight,2025,0,5,false,true,true,false,bridge; preservation; state-of-good-repair
UNF-2228,T202318473 SR 16 Drainage and Flood Mitigation — Wyoming,Stormwater upgrades and roadway raising where SR 16 MP 22.2 floods near Wyoming.,Kent,SR 16,resilience,27370000,23273824,unfunded,preliminary-design,29,auto,2029,1,14,false,false,false,false,flood; drainage; resilience
UNF-2229,T202418510 Red Lion Slope Stabilization — US 113 MP 43.5,"Embankment repair, drainage, and slope stabilization on US 113 near Red Lion after repeated washouts.",New Castle,US 113,resilience,6050000,5227109,unfunded,row,40,auto,2027,0,0,false,true,true,false,slope; drainage; resilience; geotech
UNF-2230,T202518547 Laurel Truck Route Geometric Improvements — SR 896,Widen turning radii and upgrade shoulders for freight movements on SR 896 MP 20.0 near Laurel.,Sussex,SR 896,freight,17790000,13731598,unfunded,row,44,freight; auto,2025,1,15,true,true,false,false,freight; geometry; shoulders
UNF-2231,T202618584 US 40 Bridge Culvert Replacement — Elsmere,Replace a deteriorated culvert on US 40 MP 3.0 near Elsmere to restore hydraulic capacity and legal loads.,New Castle,US 40,bridge,5780000,4715745,unfunded,final-design,66,auto; freight,2026,1,6,false,true,false,true,bridge; culvert; scour; state-of-good-repair
UNF-2232,T202718621 SR 273 Lane Departure Countermeasures — Port Penn,"Rumble strips, high-friction surface treatment, and curve warning upgrades on SR 273 MP 12.8 near Port Penn.",New Castle,SR 273,safety,3830000,3412752,unfunded,planning,10,auto,2029,0,1,false,false,false,false,lane-departure; rural; high-friction; systemic; safety
UNF-2233,T202218658 I-295 Freight Bottleneck Relief — Kirkwood,"Intersection capacity, turning-radius, and signal timing improvements for industrial freight on I-295 MP 17.9 in Kirkwood.",New Castle,I-295,freight,11400000,10364021,unfunded,final-design,81,freight; auto,2029,0,3,false,true,false,true,freight; bottleneck; signal; reliability
UNF-2234,T202318695 SR 4 Pavement Rehab — Christiana Group B,Mill and overlay of deteriorated SR 4 lanes through Christiana (MP 20.7) to restore ride quality. Limited safety or equity components.,New Castle,SR 4,pavement,14900000,13127988,unfunded,planning,13,auto,2026,1,14,false,false,false,false,pavement; preservation; state-of-good-repair
UNF-2235,T202418732 Long Neck Shared-Use Path — SR 18 Group A,Construct a shared-use path parallel to SR 18 MP 40.7 connecting neighborhoods and schools in Long Neck.,Sussex,SR 18,bike-ped,6960000,6122393,unfunded,final-design,83,pedestrian; bicycle,2029,2,13,true,false,true,false,bicycle; pedestrian; trail; vru
UNF-2236,T202518769 SR 20 Pavement Rehab — Wilmington Group B,Mill and overlay of deteriorated SR 20 lanes through Wilmington (MP 35.5) to restore ride quality. Limited safety or equity components.,New Castle,SR 20,pavement,19810000,15349906,partially-funded,construction-ready,85,auto,2028,1,10,false,true,true,false,pavement; preservation; state-of-good-repair
UNF-2237,T202618806 SR 2 Freight Bottleneck Relief — Bethany Beach,"Intersection capacity, turning-radius, and signal timing improvements for industrial freight on SR 2 MP 33.0 in Bethany Beach.",Sussex,SR 2,freight,20310000,19835776,unfunded,planning,13,freight; auto,2025,1,4,false,true,true,false,freight; bottleneck; signal; reliability
UNF-2238,T202718843 US 13 Bridge Preservation — Camden-Wyoming FY26,"Deck overlay, joint replacement, and scour countermeasures on the US 13 bridge near Camden-Wyoming (MP 10.1).",Kent,US 13,bridge,9150000,6987511,unfunded,row,37,auto; freight,2025,0,8,false,true,true,false,bridge; preservation; state-of-good-repair
UNF-2239,T202218880 SR 72 Intersection Safety Package — Little Creek Group A,"Systemic safety package at SR 72 MP 44.7 serving Little Creek: signal upgrades, left-turn protection, lighting, and pedestrian intervals.",Kent,SR 72,safety,14180000,14055074,unfunded,planning,7,auto; pedestrian,2026,1,15,true,true,true,false,intersection; signal; safety; pedestrian; high-crash
UNF-2240,T202318917 SR 26 Lane Departure Countermeasures — Millsboro,"Rumble strips, high-friction surface treatment, and curve warning upgrades on SR 26 MP 42.2 near Millsboro.",Sussex,SR 26,safety,4420000,4197264,unfunded,construction-ready,96,auto,2026,3,24,true,false,false,false,lane-departure; rural; high-friction; systemic; safety
UNF-2241,T202418954 SR 299 ITS Camera and Fiber — Milford FY26,"CCTV, fiber interconnect, and TMC integration on SR 299 MP 8.2 serving Milford and Sussex County operations.",Sussex,SR 299,signals,2170000,2084641,unfunded,row,46,auto,2025,0,10,false,false,true,true,its; operations; congestion; signal
UNF-2242,T202518991 Edgemoor DART Stop and Access Improvements — SR 273,"Accessible pads, shelters, lighting, and sidewalk connections to DART stops on SR 273 in Edgemoor.",New Castle,SR 273,transit,5830000,5470804,unfunded,row,53,transit; pedestrian,2025,1,5,false,true,false,false,transit; equity; pedestrian; ada
UNF-2243,T202619028 Dewey Beach School Zone and Speed Management,"School-zone flashers, gateway treatments, and speed management on local streets feeding SR 82 in Dewey Beach.",Sussex,SR 82,safety,1530000,1409608,unfunded,preliminary-design,23,auto; pedestrian,2028,0,10,false,false,true,false,safety; school; speed-management; lighting
UNF-2244,T202719065 Edgemoor Complete Streets — SR 26 Town Center,"Lane reallocation, bicycle facilities, and pedestrian lighting on SR 26 through Edgemoor town center (Phase 1).",New Castle,SR 26,complete-streets,15280000,15171504,unfunded,construction-ready,92,auto; pedestrian; bicycle,2028,0,9,false,false,false,false,complete-streets; bike-ped; equity; safety
UNF-2245,T202219102 DART Bus Fleet Replacement — Elsmere Division,"Replace diesel buses with low- and no-emission transit buses and related equipment at the DART Elsmere division, including depot charging.",New Castle,I-95,transit,16350000,15190269,unfunded,row,48,transit,2029,0,4,false,true,true,false,transit; bus-fleet; low-no; zero-emission; garage
UNF-2246,T202319139 SR 16 Lane Departure Countermeasures — Ocean View,"Rumble strips, high-friction surface treatment, and curve warning upgrades on SR 16 MP 1.1 near Ocean View.",Sussex,SR 16,safety,7150000,6511570,partially-funded,construction-ready,89,auto,2028,4,21,true,true,true,false,lane-departure; rural; high-friction; systemic; safety
UNF-2247,T202419176 Clayton Sidewalk and Crossing Gap Closure — SR 14,"Fill sidewalk gaps and add high-visibility crossings along SR 14 MP 32.9 in Clayton, with ADA curb ramps.",Kent,SR 14,bike-ped,2630000,2040880,unfunded,row,35,pedestrian; bicycle,2026,5,29,true,false,true,false,pedestrian; ada; crossing; vru
UNF-2248,T202519213 US 40 Intersection Safety Package — Glasgow Group A,"Systemic safety package at US 40 MP 9.6 serving Glasgow: signal upgrades, left-turn protection, lighting, and pedestrian intervals.",New Castle,US 40,safety,7290000,6178633,unfunded,row,50,auto; pedestrian,2027,2,20,true,true,true,false,intersection; signal; safety; pedestrian; high-crash
UNF-2249,T202619250 I-495 Concrete Pavement Restoration — Milford,"Slab repair, diamond grinding, and joint resealing on I-495 MP 3.7 in Sussex County near Milford.",Sussex,I-495,pavement,16260000,13164885,partially-funded,final-design,84,auto,2026,0,8,false,false,true,false,pavement; concrete; preservation
UNF-2250,T202719287 Harrington Sidewalk and Crossing Gap Closure — I-295,"Fill sidewalk gaps and add high-visibility crossings along I-295 MP 36.8 in Harrington, with ADA curb ramps.",Kent,I-295,bike-ped,2610000,1997556,unfunded,preliminary-design,21,pedestrian; bicycle,2029,5,25,true,false,true,false,pedestrian; ada; crossing; vru
UNF-2251,T202219324 US 40 Drainage and Flood Mitigation — Claymont,Stormwater upgrades and roadway raising where US 40 MP 6.5 floods near Claymont.,New Castle,US 40,resilience,10630000,10181015,unfunded,preliminary-design,25,auto,2026,0,6,false,false,false,true,flood; drainage; resilience
UNF-2252,T202319361 I-295 Bridge Preservation — Houston Phase 2,"Deck overlay, joint replacement, and scour countermeasures on the I-295 bridge near Houston (MP 8.3).",Kent,I-295,bridge,36240000,34508268,unfunded,preliminary-design,31,auto; freight,2027,1,13,false,false,false,true,bridge; preservation; state-of-good-repair
UNF-2253,T202419398 Bethany Beach DART Stop and Access Improvements — US 13,"Accessible pads, shelters, lighting, and sidewalk connections to DART stops on US 13 in Bethany Beach.",Sussex,US 13,transit,3100000,2714297,unfunded,final-design,84,transit; pedestrian,2026,1,9,false,false,true,false,transit; equity; pedestrian; ada
UNF-2254,T202519435 US 113 Lane Departure Countermeasures — Middletown,"Rumble strips, high-friction surface treatment, and curve warning upgrades on US 113 MP 19.1 near Middletown.",New Castle,US 113,safety,7120000,6039759,unfunded,final-design,80,auto,2029,0,13,false,true,false,false,lane-departure; rural; high-friction; systemic; safety
UNF-2255,T202619472 SR 30 Drainage and Flood Mitigation — New Castle,Stormwater upgrades and roadway raising where SR 30 MP 34.5 floods near New Castle.,New Castle,SR 30,resilience,29310000,25084386,unfunded,row,56,auto,2025,1,10,false,false,false,false,flood; drainage; resilience
UNF-2256,T202719509 Felton Complete Streets — SR 48 Town Center,"Lane reallocation, bicycle facilities, and pedestrian lighting on SR 48 through Felton town center (Phase 2).",Kent,SR 48,complete-streets,10730000,8873327,partially-funded,planning,14,auto; pedestrian; bicycle,2027,2,10,true,false,false,true,complete-streets; bike-ped; equity; safety
UNF-2257,T202219546 SR 10 Pavement Rehab — Little Creek Phase 1,Mill and overlay of deteriorated SR 10 lanes through Little Creek (MP 15.4) to restore ride quality. Limited safety or equity components.,Kent,SR 10,pavement,5390000,4485582,unfunded,row,49,auto,2029,1,6,false,true,true,false,pavement; preservation; state-of-good-repair
UNF-2258,T202319583 Kenton DART Stop and Access Improvements — SR 92,"Accessible pads, shelters, lighting, and sidewalk connections to DART stops on SR 92 in Kenton.",Kent,SR 92,transit,1540000,1290029,partially-funded,final-design,77,transit; pedestrian,2026,0,8,false,false,true,false,transit; equity; pedestrian; ada
UNF-2259,T202419620 SR 71 Freight Bottleneck Relief — Smyrna,"Intersection capacity, turning-radius, and signal timing improvements for industrial freight on SR 71 MP 42.3 in Smyrna.",Kent,SR 71,freight,22710000,19412863,unfunded,row,35,freight; auto,2029,1,6,false,false,false,false,freight; bottleneck; signal; reliability
UNF-2260,T202519657 US 40 Bridge Preservation — Delaware City FY26,"Deck overlay, joint replacement, and scour countermeasures on the US 40 bridge near Delaware City (MP 30.1).",New Castle,US 40,bridge,35630000,33745184,partially-funded,planning,7,auto; freight,2029,0,8,false,false,false,false,bridge; preservation; state-of-good-repair
UNF-2261,T202619694 SR 92 Intersection Safety Package — Red Lion Group A,"Systemic safety package at SR 92 MP 17.1 serving Red Lion: signal upgrades, left-turn protection, lighting, and pedestrian intervals.",New Castle,SR 92,safety,13550000,12464242,unfunded,preliminary-design,31,auto; pedestrian,2025,3,21,true,true,false,false,intersection; signal; safety; pedestrian; high-crash
UNF-2262,T202719731 Dagsboro Sidewalk and Crossing Gap Closure — SR 300,"Fill sidewalk gaps and add high-visibility crossings along SR 300 MP 19.0 in Dagsboro, with ADA curb ramps.",Sussex,SR 300,bike-ped,4940000,3836800,unfunded,preliminary-design,25,pedestrian; bicycle,2027,3,22,true,true,true,false,pedestrian; ada; crossing; vru
UNF-2263,T202219768 Greenwood Complete Streets — SR 896 Town Center,"Lane reallocation, bicycle facilities, and pedestrian lighting on SR 896 through Greenwood town center (FY27).",Sussex,SR 896,complete-streets,16230000,12706886,unfunded,final-design,71,auto; pedestrian; bicycle,2029,0,5,false,true,true,false,complete-streets; bike-ped; equity; safety
UNF-2264,T202319805 Seaford Shared-Use Path — SR 273 FY27,Construct a shared-use path parallel to SR 273 MP 11.8 connecting neighborhoods and schools in Seaford.,Sussex,SR 273,bike-ped,4840000,3742968,unfunded,preliminary-design,29,pedestrian; bicycle,2026,6,34,true,true,true,false,bicycle; pedestrian; trail; vru
UNF-2265,T202419842 SR 14 ITS Camera and Fiber — Clayton Group B,"CCTV, fiber interconnect, and TMC integration on SR 14 MP 1.0 serving Clayton and Kent County operations.",Kent,SR 14,signals,2670000,2146694,unfunded,row,56,auto,2028,0,12,false,true,false,false,its; operations; congestion; signal
UNF-2266,T202519879 SR 896 Bridge Preservation — Houston Phase 1,"Deck overlay, joint replacement, and scour countermeasures on the SR 896 bridge near Houston (MP 36.6).",Kent,SR 896,bridge,25240000,23768733,unfunded,final-design,81,auto; freight,2025,1,10,false,true,true,false,bridge; preservation; state-of-good-repair
UNF-2267,T202619916 SR 14 Bridge Preservation — Dover Group A,"Deck overlay, joint replacement, and scour countermeasures on the SR 14 bridge near Dover (MP 32.3).",Kent,SR 14,bridge,22130000,22009251,unfunded,construction-ready,98,auto; freight,2027,0,4,false,true,true,false,bridge; preservation; state-of-good-repair
UNF-2268,T202719953 US 301 Bridge Preservation — Newport Phase 1,"Deck overlay, joint replacement, and scour countermeasures on the US 301 bridge near Newport (MP 20.9).",New Castle,US 301,bridge,32360000,28312382,unfunded,construction-ready,91,auto; freight,2025,1,6,false,true,false,false,bridge; preservation; state-of-good-repair
UNF-2269,T202219990 Camden-Wyoming Local Road Safety Plan,Data-driven local road safety plan for Camden-Wyoming identifying a high-injury network and proven countermeasures.,Kent,SR 1,planning,660000,652073,unfunded,final-design,73,auto; pedestrian,2029,1,12,false,true,true,false,safety-plan; data-driven; planning
UNF-2270,T202320027 SR 7 Pavement Rehab — Stanton Group B,Mill and overlay of deteriorated SR 7 lanes through Stanton (MP 34.9) to restore ride quality. Limited safety or equity components.,New Castle,SR 7,pavement,11990000,11636511,partially-funded,planning,7,auto,2028,1,13,false,false,true,false,pavement; preservation; state-of-good-repair
UNF-2271,T202420064 SR 24 Drainage and Flood Mitigation — Laurel,Stormwater upgrades and roadway raising where SR 24 MP 26.4 floods near Laurel.,Sussex,SR 24,resilience,22940000,22715028,unfunded,final-design,80,auto,2026,0,9,false,false,true,false,flood; drainage; resilience
UNF-2272,T202520101 I-95 Bridge Preservation — Elsmere Northbound,"Deck overlay, joint replacement, and scour countermeasures on the I-95 bridge near Elsmere (MP 26.1).",New Castle,I-95,bridge,11980000,11096451,partially-funded,preliminary-design,29,auto; freight,2025,0,10,false,false,false,false,bridge; preservation; state-of-good-repair
UNF-2273,T202620138 Rising Sun DART Stop and Access Improvements — SR 20,"Accessible pads, shelters, lighting, and sidewalk connections to DART stops on SR 20 in Rising Sun.",Kent,SR 20,transit,4580000,4248860,unfunded,final-design,67,transit; pedestrian,2026,0,12,false,false,false,false,transit; equity; pedestrian; ada
UNF-2274,T202720175 Christiana Sidewalk and Crossing Gap Closure — SR 42,"Fill sidewalk gaps and add high-visibility crossings along SR 42 MP 7.0 in Christiana, with ADA curb ramps.",New Castle,SR 42,bike-ped,5890000,4935222,partially-funded,row,38,pedestrian; bicycle,2028,2,9,true,true,false,false,pedestrian; ada; crossing; vru
UNF-2275,T202220212 SR 4 Concrete Pavement Restoration — Red Lion,"Slab repair, diamond grinding, and joint resealing on SR 4 MP 25.5 in New Castle County near Red Lion.",New Castle,SR 4,pavement,26780000,26228176,partially-funded,construction-ready,86,auto,2028,1,5,false,false,false,false,pavement; concrete; preservation
UNF-2276,T202320249 SR 2 ITS Camera and Fiber — Wyoming Phase 1,"CCTV, fiber interconnect, and TMC integration on SR 2 MP 13.2 serving Wyoming and Kent County operations.",Kent,SR 2,signals,1430000,1322150,unfunded,row,39,auto,2027,1,10,false,true,false,false,its; operations; congestion; signal
UNF-2277,T202420286 US 13 Pavement Rehab — Frankford Group A,Mill and overlay of deteriorated US 13 lanes through Frankford (MP 38.6) to restore ride quality. Limited safety or equity components.,Sussex,US 13,pavement,6070000,4630307,unfunded,preliminary-design,25,auto,2028,1,11,false,true,true,true,pavement; preservation; state-of-good-repair
UNF-2278,T202520323 SR 202 Concrete Pavement Restoration — Newark,"Slab repair, diamond grinding, and joint resealing on SR 202 MP 12.9 in New Castle County near Newark.",New Castle,SR 202,pavement,4780000,3702325,unfunded,final-design,62,auto,2029,0,12,false,true,false,false,pavement; concrete; preservation
UNF-2279,T202620360 Bowers Local Road Safety Plan,Data-driven local road safety plan for Bowers identifying a high-injury network and proven countermeasures.,Kent,DE 1,planning,560000,425339,unfunded,final-design,82,auto; pedestrian,2025,1,5,false,false,true,false,safety-plan; data-driven; planning
UNF-2280,T202720397 Gumboro DART Stop and Access Improvements — SR 52,"Accessible pads, shelters, lighting, and sidewalk connections to DART stops on SR 52 in Gumboro.",Sussex,SR 52,transit,3980000,3001314,unfunded,row,58,transit; pedestrian,2026,1,7,false,true,true,true,transit; equity; pedestrian; ada
UNF-2281,T202220434 SR 71 Bridge Preservation — Edgemoor Group A,"Deck overlay, joint replacement, and scour countermeasures on the SR 71 bridge near Edgemoor (MP 24.2).",New Castle,SR 71,bridge,10800000,8647875,unfunded,row,55,auto; freight,2028,1,8,false,true,false,false,bridge; preservation; state-of-good-repair
UNF-2282,T202320471 SR 92 Intersection Safety Package — Cheswold Northbound,"Systemic safety package at SR 92 MP 44.3 serving Cheswold: signal upgrades, left-turn protection, lighting, and pedestrian intervals.",Kent,SR 92,safety,4590000,4462499,partially-funded,row,51,auto; pedestrian,2029,0,11,false,false,true,true,intersection; signal; safety; pedestrian; high-crash
UNF-2283,T202420508 Viola Local Road Safety Plan,Data-driven local road safety plan for Viola identifying a high-injury network and proven countermeasures.,Kent,SR 273,planning,300000,240931,partially-funded,final-design,64,auto; pedestrian,2029,0,3,false,false,true,false,safety-plan; data-driven; planning
UNF-2284,T202520545 SR 1 Lane Departure Countermeasures — Middletown,"Rumble strips, high-friction surface treatment, and curve warning upgrades on SR 1 MP 30.6 near Middletown.",New Castle,SR 1,safety,7900000,6405122,partially-funded,construction-ready,98,auto,2029,6,35,true,true,false,false,lane-departure; rural; high-friction; systemic; safety
UNF-2285,T202620582 Milford Complete Streets — SR 72 Town Center,"Lane reallocation, bicycle facilities, and pedestrian lighting on SR 72 through Milford town center (Phase 2).",Sussex,SR 72,complete-streets,13230000,11028585,unfunded,preliminary-design,33,auto; pedestrian; bicycle,2027,6,30,true,false,true,false,complete-streets; bike-ped; equity; safety
UNF-2286,T202720619 Delaware City DART Stop and Access Improvements — SR 42,"Accessible pads, shelters, lighting, and sidewalk connections to DART stops on SR 42 in Delaware City.",New Castle,SR 42,transit,1940000,1515663,unfunded,final-design,65,transit; pedestrian,2025,0,1,false,true,true,false,transit; equity; pedestrian; ada
UNF-2287,T202220656 Pike Creek Adaptive Signal System — SR 71,"Adaptive signal control, detection, and communications along SR 71 MP 37.1 in Pike Creek.",New Castle,SR 71,signals,2770000,2423505,partially-funded,row,40,auto; transit,2028,1,6,false,false,false,false,signal; operations; congestion; safety
UNF-2288,T202320693 SR 26 Concrete Pavement Restoration — Selbyville,"Slab repair, diamond grinding, and joint resealing on SR 26 MP 19.7 in Sussex County near Selbyville.",Sussex,SR 26,pavement,19340000,17625820,unfunded,row,54,auto,2026,1,12,false,true,false,false,pavement; concrete; preservation
UNF-2289,T202420730 SR 202 Bridge Culvert Replacement — Dover,Replace a deteriorated culvert on SR 202 MP 10.2 near Dover to restore hydraulic capacity and legal loads.,Kent,SR 202,bridge,2440000,2438446,unfunded,final-design,80,auto; freight,2026,0,1,false,false,false,false,bridge; culvert; scour; state-of-good-repair
UNF-2290,T202520767 Rising Sun Sidewalk and Crossing Gap Closure — I-495,"Fill sidewalk gaps and add high-visibility crossings along I-495 MP 44.4 in Rising Sun, with ADA curb ramps.",Kent,I-495,bike-ped,4430000,4275003,partially-funded,preliminary-design,26,pedestrian; bicycle,2027,1,11,false,false,true,true,pedestrian; ada; crossing; vru
UNF-2291,T202620804 SR 8 Bridge Preservation — Harrington Phase 2,"Deck overlay, joint replacement, and scour countermeasures on the SR 8 bridge near Harrington (MP 3.3).",Kent,SR 8,bridge,13740000,10876171,unfunded,planning,12,auto; freight,2026,1,13,false,true,true,false,bridge; preservation; state-of-good-repair
UNF-2292,T202720841 SR 30 Intersection Safety Package — St. Georges FY27,"Systemic safety package at SR 30 MP 13.7 serving St. Georges: signal upgrades, left-turn protection, lighting, and pedestrian intervals.",New Castle,SR 30,safety,5880000,4498172,unfunded,row,52,auto; pedestrian,2026,2,16,true,false,false,false,intersection; signal; safety; pedestrian; high-crash
UNF-2293,T202220878 SR 36 Intersection Safety Package — Delmar FY26,"Systemic safety package at SR 36 MP 34.8 serving Delmar: signal upgrades, left-turn protection, lighting, and pedestrian intervals.",Sussex,SR 36,safety,7960000,6923875,unfunded,construction-ready,97,auto; pedestrian,2027,6,27,true,true,false,true,intersection; signal; safety; pedestrian; high-crash
UNF-2294,T202320915 I-495 Intersection Safety Package — Hartly Phase 1,"Systemic safety package at I-495 MP 37.8 serving Hartly: signal upgrades, left-turn protection, lighting, and pedestrian intervals.",Kent,I-495,safety,13560000,12838429,unfunded,preliminary-design,27,auto; pedestrian,2029,3,22,true,false,false,false,intersection; signal; safety; pedestrian; high-crash
UNF-2295,T202420952 Seaford Complete Streets — SR 82 Town Center,"Lane reallocation, bicycle facilities, and pedestrian lighting on SR 82 through Seaford town center (Phase 2).",Sussex,SR 82,complete-streets,8810000,7331978,unfunded,final-design,79,auto; pedestrian; bicycle,2029,1,7,false,false,true,false,complete-streets; bike-ped; equity; safety
UNF-2296,T202520989 SR 36 Lane Departure Countermeasures — Milford,"Rumble strips, high-friction surface treatment, and curve warning upgrades on SR 36 MP 4.4 near Milford.",Sussex,SR 36,safety,8900000,7899739,unfunded,final-design,66,auto,2028,6,30,true,false,false,true,lane-departure; rural; high-friction; systemic; safety
UNF-2297,T202621026 SR 404 Drainage and Flood Mitigation — St. Georges,Stormwater upgrades and roadway raising where SR 404 MP 15.3 floods near St. Georges.,New Castle,SR 404,resilience,14650000,11903823,unfunded,planning,13,auto,2027,0,6,false,true,false,false,flood; drainage; resilience
UNF-2298,T202721063 Glasgow Adaptive Signal System — SR 2,"Adaptive signal control, detection, and communications along SR 2 MP 14.8 in Glasgow.",New Castle,SR 2,signals,6150000,5074268,unfunded,planning,9,auto; transit,2026,0,5,false,false,false,false,signal; operations; congestion; safety
UNF-2299,T202221100 SR 16 Intersection Safety Package — Leipsic Group B,"Systemic safety package at SR 16 MP 30.9 serving Leipsic: signal upgrades, left-turn protection, lighting, and pedestrian intervals.",Kent,SR 16,safety,9690000,8321285,unfunded,construction-ready,92,auto; pedestrian,2025,3,12,true,false,true,false,intersection; signal; safety; pedestrian; high-crash
UNF-2300,T202321137 SR 273 ITS Camera and Fiber — Cheswold FY26,"CCTV, fiber interconnect, and TMC integration on SR 273 MP 14.9 serving Cheswold and Kent County operations.",Kent,SR 273,signals,7420000,7004533,unfunded,row,58,auto,2028,0,0,false,false,false,false,its; operations; congestion; signal
UNF-2301,T202421174 Kenton Adaptive Signal System — SR 300,"Adaptive signal control, detection, and communications along SR 300 MP 14.8 in Kenton.",Kent,SR 300,signals,3650000,3241468,unfunded,row,46,auto; transit,2025,0,7,false,false,false,true,signal; operations; congestion; safety
UNF-2302,T202521211 SR 1 ITS Camera and Fiber — Christiana Phase 1,"CCTV, fiber interconnect, and TMC integration on SR 1 MP 26.4 serving Christiana and New Castle County operations.",New Castle,SR 1,signals,2240000,1697899,unfunded,row,45,auto,2027,0,3,false,false,false,false,its; operations; congestion; signal
UNF-2303,T202621248 Hockessin Complete Streets — SR 72 Town Center,"Lane reallocation, bicycle facilities, and pedestrian lighting on SR 72 through Hockessin town center (FY27).",New Castle,SR 72,complete-streets,16380000,14897300,unfunded,final-design,62,auto; pedestrian; bicycle,2025,5,33,true,false,false,false,complete-streets; bike-ped; equity; safety
UNF-2304,T202721285 Pike Creek Adaptive Signal System — SR 36,"Adaptive signal control, detection, and communications along SR 36 MP 38.8 in Pike Creek.",New Castle,SR 36,signals,2610000,2501606,unfunded,preliminary-design,23,auto; transit,2029,0,1,false,true,false,true,signal; operations; congestion; safety
UNF-2305,T202221322 SR 299 Intersection Safety Package — Townsend Group B,"Systemic safety package at SR 299 MP 34.5 serving Townsend: signal upgrades, left-turn protection, lighting, and pedestrian intervals.",New Castle,SR 299,safety,3830000,2897980,unfunded,preliminary-design,30,auto; pedestrian,2028,3,21,true,false,false,true,intersection; signal; safety; pedestrian; high-crash
UNF-2306,T202321359 SR 72 Bridge Preservation — Slaughter Beach Southbound,"Deck overlay, joint replacement, and scour countermeasures on the SR 72 bridge near Slaughter Beach (MP 21.0).",Sussex,SR 72,bridge,25230000,19588412,unfunded,row,43,auto; freight,2026,0,10,false,false,true,true,bridge; preservation; state-of-good-repair
UNF-2307,T202421396 Kenton Road Diet and Downtown Safety — I-95,"Road diet, on-street parking reconfiguration, ADA ramps, and pedestrian lighting in Kenton along I-95.",Kent,I-95,complete-streets,7390000,6733964,unfunded,final-design,80,auto; pedestrian; bicycle,2029,6,24,true,false,false,false,road-diet; ada; downtown; complete-streets; safety
UNF-2308,T202521433 Ellendale Adaptive Signal System — SR 141,"Adaptive signal control, detection, and communications along SR 141 MP 43.9 in Ellendale.",Sussex,SR 141,signals,6130000,5453829,unfunded,planning,15,auto; transit,2026,1,17,true,false,true,true,signal; operations; congestion; safety
UNF-2309,T202621470 Bellefonte Road Diet and Downtown Safety — SR 54,"Road diet, on-street parking reconfiguration, ADA ramps, and pedestrian lighting in Bellefonte along SR 54.",New Castle,SR 54,complete-streets,5290000,4959662,unfunded,construction-ready,88,auto; pedestrian; bicycle,2025,2,12,true,true,false,false,road-diet; ada; downtown; complete-streets; safety
UNF-2310,T202721507 SR 58 Concrete Pavement Restoration — Camden,"Slab repair, diamond grinding, and joint resealing on SR 58 MP 1.1 in Kent County near Camden.",Kent,SR 58,pavement,25340000,23302031,partially-funded,row,49,auto,2029,0,5,false,false,true,true,pavement; concrete; preservation
UNF-2311,T202221544 Laurel Complete Streets — SR 42 Town Center,"Lane reallocation, bicycle facilities, and pedestrian lighting on SR 42 through Laurel town center (Group B).",Sussex,SR 42,complete-streets,11820000,9244844,unfunded,construction-ready,94,auto; pedestrian; bicycle,2028,2,17,true,true,true,true,complete-streets; bike-ped; equity; safety
UNF-2312,T202321581 SR 404 Bridge Preservation — Little Creek Southbound,"Deck overlay, joint replacement, and scour countermeasures on the SR 404 bridge near Little Creek (MP 35.3).",Kent,SR 404,bridge,9950000,8149070,partially-funded,final-design,71,auto; freight,2026,1,10,false,true,true,false,bridge; preservation; state-of-good-repair
UNF-2313,T202421618 Blades Complete Streets — I-295 Town Center,"Lane reallocation, bicycle facilities, and pedestrian lighting on I-295 through Blades town center (FY26).",Sussex,I-295,complete-streets,17370000,13471895,unfunded,planning,17,auto; pedestrian; bicycle,2028,3,13,true,true,true,false,complete-streets; bike-ped; equity; safety
UNF-2314,T202521655 Pike Creek Slope Stabilization — SR 72 MP 13.3,"Embankment repair, drainage, and slope stabilization on SR 72 near Pike Creek after repeated washouts.",New Castle,SR 72,resilience,8540000,7628019,unfunded,preliminary-design,25,auto,2027,0,1,false,true,false,false,slope; drainage; resilience; geotech
UNF-2315,T202621692 Middletown Slope Stabilization — SR 300 MP 5.0,"Embankment repair, drainage, and slope stabilization on SR 300 near Middletown after repeated washouts.",New Castle,SR 300,resilience,9890000,7827387,partially-funded,preliminary-design,21,auto,2027,0,4,false,false,false,false,slope; drainage; resilience; geotech
UNF-2316,T202721729 SR 24 Pavement Rehab — Newport Southbound,Mill and overlay of deteriorated SR 24 lanes through Newport (MP 28.6) to restore ride quality. Limited safety or equity components.,New Castle,SR 24,pavement,15980000,14782330,partially-funded,construction-ready,96,auto,2026,0,8,false,true,true,false,pavement; preservation; state-of-good-repair
UNF-2317,T202221766 SR 54 Pavement Rehab — Hockessin Group A,Mill and overlay of deteriorated SR 54 lanes through Hockessin (MP 11.9) to restore ride quality. Limited safety or equity components.,New Castle,SR 54,pavement,12700000,12273977,unfunded,preliminary-design,28,auto,2025,0,3,false,false,true,true,pavement; preservation; state-of-good-repair
UNF-2318,T202321803 Milford Complete Streets — SR 42 Town Center,"Lane reallocation, bicycle facilities, and pedestrian lighting on SR 42 through Milford town center (Southbound).",Sussex,SR 42,complete-streets,11260000,9972226,unfunded,construction-ready,95,auto; pedestrian; bicycle,2029,0,4,false,true,false,false,complete-streets; bike-ped; equity; safety
UNF-2319,T202421840 Port Penn Slope Stabilization — US 202 MP 36.4,"Embankment repair, drainage, and slope stabilization on US 202 near Port Penn after repeated washouts.",New Castle,US 202,resilience,8750000,7135867,partially-funded,construction-ready,93,auto,2029,1,9,false,false,false,false,slope; drainage; resilience; geotech
UNF-2320,T202521877 Middletown Truck Route Geometric Improvements — SR 26,Widen turning radii and upgrade shoulders for freight movements on SR 26 MP 34.5 near Middletown.,New Castle,SR 26,freight,17650000,13693449,unfunded,final-design,84,freight; auto,2028,1,17,true,true,false,false,freight; geometry; shoulders
UNF-2321,T202621914 SR 1 Intersection Safety Package — Wyoming Southbound,"Systemic safety package at SR 1 MP 43.1 serving Wyoming: signal upgrades, left-turn protection, lighting, and pedestrian intervals.",Kent,SR 1,safety,14350000,13012715,unfunded,construction-ready,89,auto; pedestrian,2028,4,18,true,false,true,false,intersection; signal; safety; pedestrian; high-crash
UNF-2322,T202721951 SR 404 Drainage and Flood Mitigation — Rising Sun,Stormwater upgrades and roadway raising where SR 404 MP 29.4 floods near Rising Sun.,Kent,SR 404,resilience,18120000,14564202,unfunded,row,41,auto,2027,1,16,true,true,false,true,flood; drainage; resilience
UNF-2323,T202221988 SR 20 Freight Bottleneck Relief — Seaford,"Intersection capacity, turning-radius, and signal timing improvements for industrial freight on SR 20 MP 36.3 in Seaford.",Sussex,SR 20,freight,20830000,17600303,unfunded,row,40,freight; auto,2026,0,2,false,true,true,false,freight; bottleneck; signal; reliability
UNF-2324,T202322025 Greenville School Zone and Speed Management,"School-zone flashers, gateway treatments, and speed management on local streets feeding SR 299 in Greenville.",New Castle,SR 299,safety,3270000,3043464,unfunded,final-design,74,auto; pedestrian,2026,0,8,false,true,false,false,safety; school; speed-management; lighting
UNF-2325,T202422062 SR 24 Bridge Preservation — Hartly Northbound,"Deck overlay, joint replacement, and scour countermeasures on the SR 24 bridge near Hartly (MP 33.3).",Kent,SR 24,bridge,10310000,8185762,unfunded,row,40,auto; freight,2028,1,11,false,true,true,false,bridge; preservation; state-of-good-repair
UNF-2326,T202522099 Kenton Truck Route Geometric Improvements — SR 48,Widen turning radii and upgrade shoulders for freight movements on SR 48 MP 8.8 near Kenton.,Kent,SR 48,freight,7600000,6661491,unfunded,row,46,freight; auto,2027,0,7,false,true,true,false,freight; geometry; shoulders
UNF-2327,T202622136 I-495 ITS Camera and Fiber — Little Creek Phase 2,"CCTV, fiber interconnect, and TMC integration on I-495 MP 30.2 serving Little Creek and Kent County operations.",Kent,I-495,signals,5130000,4083452,unfunded,final-design,75,auto,2026,0,4,false,true,true,false,its; operations; congestion; signal
UNF-2328,T202722173 Rehoboth Beach Adaptive Signal System — I-495,"Adaptive signal control, detection, and communications along I-495 MP 9.3 in Rehoboth Beach.",Sussex,I-495,signals,5830000,5694773,unfunded,row,52,auto; transit,2029,0,7,false,true,true,false,signal; operations; congestion; safety
UNF-2329,T202222210 I-95 Concrete Pavement Restoration — Houston,"Slab repair, diamond grinding, and joint resealing on I-95 MP 28.1 in Kent County near Houston.",Kent,I-95,pavement,6810000,5953073,unfunded,final-design,62,auto,2028,1,15,true,false,true,false,pavement; concrete; preservation
UNF-2330,T202322247 SR 48 Intersection Safety Package — Bowers Group A,"Systemic safety package at SR 48 MP 13.8 serving Bowers: signal upgrades, left-turn protection, lighting, and pedestrian intervals.",Kent,SR 48,safety,3590000,2708606,unfunded,preliminary-design,24,auto; pedestrian,2027,0,9,false,false,false,false,intersection; signal; safety; pedestrian; high-crash
UNF-2331,T202422284 Camden Adaptive Signal System — SR 10,"Adaptive signal control, detection, and communications along SR 10 MP 12.4 in Camden.",Kent,SR 10,signals,5260000,4897979,unfunded,planning,19,auto; transit,2028,1,9,false,true,true,false,signal; operations; congestion; safety
UNF-2332,T202522321 SR 16 Pavement Rehab — New Castle Phase 1,Mill and overlay of deteriorated SR 16 lanes through New Castle (MP 38.7) to restore ride quality. Limited safety or equity components.,New Castle,SR 16,pavement,4880000,4826952,unfunded,final-design,70,auto,2027,1,5,false,false,true,true,pavement; preservation; state-of-good-repair
UNF-2333,T202622358 US 113 Pavement Rehab — Magnolia Phase 2,Mill and overlay of deteriorated US 113 lanes through Magnolia (MP 39.6) to restore ride quality. Limited safety or equity components.,Kent,US 113,pavement,17090000,13451766,partially-funded,final-design,70,auto,2028,0,8,false,true,true,true,pavement; preservation; state-of-good-repair
UNF-2334,T202722395 SR 48 Concrete Pavement Restoration — Felton,"Slab repair, diamond grinding, and joint resealing on SR 48 MP 33.4 in Kent County near Felton.",Kent,SR 48,pavement,5100000,4577351,unfunded,preliminary-design,23,auto,2026,0,1,false,false,false,true,pavement; concrete; preservation
UNF-2335,T202222432 Milford School Zone and Speed Management,"School-zone flashers, gateway treatments, and speed management on local streets feeding SR 9 in Milford.",Kent,SR 9,safety,4040000,3395510,unfunded,final-design,62,auto; pedestrian,2026,0,10,false,false,false,false,safety; school; speed-management; lighting
UNF-2336,T202322469 Glasgow Sidewalk and Crossing Gap Closure — SR 71,"Fill sidewalk gaps and add high-visibility crossings along SR 71 MP 14.6 in Glasgow, with ADA curb ramps.",New Castle,SR 71,bike-ped,2260000,1927195,unfunded,construction-ready,97,pedestrian; bicycle,2029,5,27,true,false,true,true,pedestrian; ada; crossing; vru
UNF-2337,T202422506 I-95 Drainage and Flood Mitigation — Townsend,Stormwater upgrades and roadway raising where I-95 MP 33.8 floods near Townsend.,New Castle,I-95,resilience,19500000,15115591,partially-funded,preliminary-design,28,auto,2027,1,15,true,false,true,false,flood; drainage; resilience
UNF-2338,T202522543 I-295 Pavement Rehab — Greenwood Phase 2,Mill and overlay of deteriorated I-295 lanes through Greenwood (MP 8.6) to restore ride quality. Limited safety or equity components.,Sussex,I-295,pavement,3120000,2483057,unfunded,planning,12,auto,2029,0,7,false,false,true,true,pavement; preservation; state-of-good-repair
UNF-2339,T202622580 SR 896 Intersection Safety Package — Wyoming Northbound,"Systemic safety package at SR 896 MP 30.8 serving Wyoming: signal upgrades, left-turn protection, lighting, and pedestrian intervals.",Kent,SR 896,safety,5230000,4965101,unfunded,row,45,auto; pedestrian,2026,5,26,true,false,false,false,intersection; signal; safety; pedestrian; high-crash
UNF-2340,T202722617 Bridgeville Sidewalk and Crossing Gap Closure — SR 24,"Fill sidewalk gaps and add high-visibility crossings along SR 24 MP 37.1 in Bridgeville, with ADA curb ramps.",Sussex,SR 24,bike-ped,3780000,3168886,unfunded,final-design,80,pedestrian; bicycle,2029,5,22,true,false,true,false,pedestrian; ada; crossing; vru
UNF-2341,T202222654 US 202 Bridge Preservation — Camden-Wyoming Northbound,"Deck overlay, joint replacement, and scour countermeasures on the US 202 bridge near Camden-Wyoming (MP 5.9).",Kent,US 202,bridge,6030000,4816441,unfunded,preliminary-design,31,auto; freight,2027,0,4,false,false,true,false,bridge; preservation; state-of-good-repair
UNF-2342,T202322691 Ocean View Truck Route Geometric Improvements — SR 1,Widen turning radii and upgrade shoulders for freight movements on SR 1 MP 33.6 near Ocean View.,Sussex,SR 1,freight,11230000,10330198,unfunded,preliminary-design,33,freight; auto,2027,0,10,false,true,true,false,freight; geometry; shoulders
UNF-2343,T202422728 Wilmington Complete Streets — SR 52 Town Center,"Lane reallocation, bicycle facilities, and pedestrian lighting on SR 52 through Wilmington town center (Group A).",New Castle,SR 52,complete-streets,11110000,8954937,unfunded,preliminary-design,27,auto; pedestrian; bicycle,2029,4,27,true,false,false,true,complete-streets; bike-ped; equity; safety
UNF-2344,T202522765 SR 404 Lane Departure Countermeasures — Camden,"Rumble strips, high-friction surface treatment, and curve warning upgrades on SR 404 MP 24.4 near Camden.",Kent,SR 404,safety,9060000,7132932,unfunded,preliminary-design,28,auto,2025,0,11,false,false,true,false,lane-departure; rural; high-friction; systemic; safety
UNF-2345,T202622802 SR 30 Bridge Preservation — Lincoln Northbound,"Deck overlay, joint replacement, and scour countermeasures on the SR 30 bridge near Lincoln (MP 30.9).",Sussex,SR 30,bridge,5210000,4625689,partially-funded,planning,7,auto; freight,2028,0,10,false,false,true,false,bridge; preservation; state-of-good-repair
UNF-2346,T202722839 SR 42 Intersection Safety Package — Slaughter Beach Group B,"Systemic safety package at SR 42 MP 27.7 serving Slaughter Beach: signal upgrades, left-turn protection, lighting, and pedestrian intervals.",Sussex,SR 42,safety,6500000,5813499,unfunded,row,37,auto; pedestrian,2028,3,17,true,false,true,false,intersection; signal; safety; pedestrian; high-crash
UNF-2347,T202222876 Selbyville Slope Stabilization — SR 92 MP 10.3,"Embankment repair, drainage, and slope stabilization on SR 92 near Selbyville after repeated washouts.",Sussex,SR 92,resilience,11900000,10845365,unfunded,row,52,auto,2029,1,9,false,false,true,false,slope; drainage; resilience; geotech
UNF-2348,T202322913 Woodside Truck Route Geometric Improvements — SR 30,Widen turning radii and upgrade shoulders for freight movements on SR 30 MP 30.6 near Woodside.,Kent,SR 30,freight,17380000,14648226,unfunded,final-design,79,freight; auto,2027,1,7,false,true,true,false,freight; geometry; shoulders
UNF-2349,T202422950 Rising Sun Truck Route Geometric Improvements — SR 58,Widen turning radii and upgrade shoulders for freight movements on SR 58 MP 31.2 near Rising Sun.,Kent,SR 58,freight,8600000,7579292,partially-funded,row,36,freight; auto,2029,0,9,false,true,true,true,freight; geometry; shoulders
UNF-2350,T202522987 Bethany Beach DART Stop and Access Improvements — SR 4,"Accessible pads, shelters, lighting, and sidewalk connections to DART stops on SR 4 in Bethany Beach.",Sussex,SR 4,transit,3100000,2447340,unfunded,final-design,84,transit; pedestrian,2026,0,0,false,false,true,false,transit; equity; pedestrian; ada
UNF-2351,T202623024 SR 273 Intersection Safety Package — Georgetown FY27,"Systemic safety package at SR 273 MP 3.7 serving Georgetown: signal upgrades, left-turn protection, lighting, and pedestrian intervals.",Sussex,SR 273,safety,10620000,9417487,unfunded,preliminary-design,24,auto; pedestrian,2025,4,29,true,false,true,false,intersection; signal; safety; pedestrian; high-crash
UNF-2352,T202723061 Bethany Beach Shared-Use Path — DE 1 Phase 2,Construct a shared-use path parallel to DE 1 MP 6.0 connecting neighborhoods and schools in Bethany Beach.,Sussex,DE 1,bike-ped,11100000,10528803,unfunded,final-design,70,pedestrian; bicycle,2029,0,1,false,false,true,false,bicycle; pedestrian; trail; vru
UNF-2353,T202223098 Milton Complete Streets — SR 141 Town Center,"Lane reallocation, bicycle facilities, and pedestrian lighting on SR 141 through Milton town center (Group B).",Sussex,SR 141,complete-streets,4900000,4647168,unfunded,preliminary-design,26,auto; pedestrian; bicycle,2028,6,24,true,true,true,false,complete-streets; bike-ped; equity; safety
UNF-2354,T202323135 SR 10 Intersection Safety Package — Blades Phase 2,"Systemic safety package at SR 10 MP 14.5 serving Blades: signal upgrades, left-turn protection, lighting, and pedestrian intervals.",Sussex,SR 10,safety,10990000,10644504,unfunded,final-design,75,auto; pedestrian,2028,6,33,true,true,true,false,intersection; signal; safety; pedestrian; high-crash
UNF-2355,T202423172 SR 299 Pavement Rehab — Bowers FY27,Mill and overlay of deteriorated SR 299 lanes through Bowers (MP 14.4) to restore ride quality. Limited safety or equity components.,Kent,SR 299,pavement,18950000,18522258,partially-funded,final-design,78,auto,2029,1,4,false,false,true,false,pavement; preservation; state-of-good-repair
UNF-2356,T202523209 Milford Slope Stabilization — SR 1 MP 25.8,"Embankment repair, drainage, and slope stabilization on SR 1 near Milford after repeated washouts.",Sussex,SR 1,resilience,3010000,2781450,partially-funded,row,58,auto,2028,0,3,false,true,true,true,slope; drainage; resilience; geotech
UNF-2357,T202623246 Camden Complete Streets — SR 1 Town Center,"Lane reallocation, bicycle facilities, and pedestrian lighting on SR 1 through Camden town center (FY27).",Kent,SR 1,complete-streets,15490000,12295106,unfunded,construction-ready,94,auto; pedestrian; bicycle,2026,4,29,true,false,true,false,complete-streets; bike-ped; equity; safety
UNF-2358,T202723283 SR 273 Concrete Pavement Restoration — Cheswold,"Slab repair, diamond grinding, and joint resealing on SR 273 MP 23.3 in Kent County near Cheswold.",Kent,SR 273,pavement,8550000,7861541,unfunded,construction-ready,94,auto,2028,1,8,false,false,false,false,pavement; concrete; preservation
UNF-2359,T202223320 DART Bus Maintenance Facility Rehab — Milton,"Rehabilitate the DART bus maintenance garage in Milton, including lifts, bus wash, and charging/fueling for the transit fleet.",Sussex,SR 16,transit,20110000,18785616,unfunded,row,50,transit,2027,1,17,true,false,true,false,transit; bus-fleet; garage; facility; low-no
UNF-2360,T202323357 Dewey Beach Complete Streets — US 301 Town Center,"Lane reallocation, bicycle facilities, and pedestrian lighting on US 301 through Dewey Beach town center (FY26).",Sussex,US 301,complete-streets,10760000,10321045,unfunded,planning,10,auto; pedestrian; bicycle,2026,2,14,true,true,false,false,complete-streets; bike-ped; equity; safety
UNF-2361,T202423394 SR 9 Drainage and Flood Mitigation — Cheswold,Stormwater upgrades and roadway raising where SR 9 MP 44.8 floods near Cheswold.,Kent,SR 9,resilience,9950000,9513241,unfunded,row,41,auto,2029,0,6,false,true,false,false,flood; drainage; resilience
UNF-2362,T202523431 Greenville School Zone and Speed Management,"School-zone flashers, gateway treatments, and speed management on local streets feeding SR 141 in Greenville.",New Castle,SR 141,safety,4010000,3361755,unfunded,preliminary-design,26,auto; pedestrian,2028,4,21,true,true,false,false,safety; school; speed-management; lighting
UNF-2363,T202623468 I-295 Lane Departure Countermeasures — Milton,"Rumble strips, high-friction surface treatment, and curve warning upgrades on I-295 MP 36.6 near Milton.",Sussex,I-295,safety,7700000,7529283,unfunded,planning,7,auto,2029,5,25,true,false,true,false,lane-departure; rural; high-friction; systemic; safety
UNF-2364,T202723505 SR 18 Guardrail and End Treatment Upgrade — Felton,Replace outdated guardrail and end treatments on SR 18 MP 18.4 near Felton to current MASH standards.,Kent,SR 18,safety,1060000,859236,unfunded,planning,10,auto,2028,0,0,false,false,true,false,guardrail; safety; roadside; systemic
UNF-2365,T202223542 SR 9 Intersection Safety Package — Ocean View Northbound,"Systemic safety package at SR 9 MP 14.7 serving Ocean View: signal upgrades, left-turn protection, lighting, and pedestrian intervals.",Sussex,SR 9,safety,3640000,3218508,unfunded,preliminary-design,34,auto; pedestrian,2027,6,35,true,true,false,true,intersection; signal; safety; pedestrian; high-crash
UNF-2366,T202323579 US 113 Concrete Pavement Restoration — Ellendale,"Slab repair, diamond grinding, and joint resealing on US 113 MP 26.9 in Sussex County near Ellendale.",Sussex,US 113,pavement,26870000,25386620,unfunded,row,37,auto,2026,0,5,false,true,true,false,pavement; concrete; preservation
UNF-2367,T202423616 SR 36 Intersection Safety Package — Arden FY27,"Systemic safety package at SR 36 MP 21.8 serving Arden: signal upgrades, left-turn protection, lighting, and pedestrian intervals.",New Castle,SR 36,safety,15880000,14226565,unfunded,row,39,auto; pedestrian,2027,2,18,true,true,false,true,intersection; signal; safety; pedestrian; high-crash
UNF-2368,T202523653 SR 24 Guardrail and End Treatment Upgrade — Kenton,Replace outdated guardrail and end treatments on SR 24 MP 17.2 near Kenton to current MASH standards.,Kent,SR 24,safety,3420000,3178678,unfunded,planning,6,auto,2026,6,25,true,false,false,true,guardrail; safety; roadside; systemic
UNF-2369,T202623690 US 113 Guardrail and End Treatment Upgrade — Odessa,Replace outdated guardrail and end treatments on US 113 MP 7.6 near Odessa to current MASH standards.,New Castle,US 113,safety,1830000,1677082,partially-funded,preliminary-design,24,auto,2027,0,13,false,false,false,false,guardrail; safety; roadside; systemic
UNF-2370,T202723727 Camden-Wyoming DART Stop and Access Improvements — SR 14,"Accessible pads, shelters, lighting, and sidewalk connections to DART stops on SR 14 in Camden-Wyoming.",Kent,SR 14,transit,1810000,1572270,unfunded,construction-ready,96,transit; pedestrian,2028,1,11,false,false,false,false,transit; equity; pedestrian; ada
UNF-2371,T202223764 US 301 Bridge Preservation — Hockessin FY27,"Deck overlay, joint replacement, and scour countermeasures on the US 301 bridge near Hockessin (MP 37.2).",New Castle,US 301,bridge,31140000,23432429,partially-funded,final-design,66,auto; freight,2025,0,10,false,false,false,false,bridge; preservation; state-of-good-repair
UNF-2372,T202323801 Edgemoor Community Charging Hub — SR 36,Public DC fast charging adjacent to SR 36 serving Edgemoor residents without home charging.,New Castle,SR 36,ev-charging,1950000,1858171,unfunded,planning,6,auto,2027,0,8,false,false,false,false,ev; equity; community; charging
UNF-2373,T202423838 SR 24 Drainage and Flood Mitigation — Middletown,Stormwater upgrades and roadway raising where SR 24 MP 35.2 floods near Middletown.,New Castle,SR 24,resilience,14370000,11577621,unfunded,row,43,auto,2027,0,12,false,false,false,true,flood; drainage; resilience
UNF-2374,T202523875 SR 9 Intersection Safety Package — Newport Northbound,"Systemic safety package at SR 9 MP 1.3 serving Newport: signal upgrades, left-turn protection, lighting, and pedestrian intervals.",New Castle,SR 9,safety,6220000,5843964,unfunded,construction-ready,99,auto; pedestrian,2025,5,33,true,false,false,false,intersection; signal; safety; pedestrian; high-crash
UNF-2375,T202623912 SR 896 Pavement Rehab — Camden Phase 2,Mill and overlay of deteriorated SR 896 lanes through Camden (MP 7.9) to restore ride quality. Limited safety or equity components.,Kent,SR 896,pavement,15820000,14177726,partially-funded,row,51,auto,2026,0,13,false,false,false,false,pavement; preservation; state-of-good-repair
UNF-2376,T202723949 SR 18 Intersection Safety Package — St. Georges FY27,"Systemic safety package at SR 18 MP 9.3 serving St. Georges: signal upgrades, left-turn protection, lighting, and pedestrian intervals.",New Castle,SR 18,safety,7520000,6429058,unfunded,final-design,67,auto; pedestrian,2028,4,17,true,true,false,true,intersection; signal; safety; pedestrian; high-crash
UNF-2377,T202223986 Smyrna School Zone and Speed Management,"School-zone flashers, gateway treatments, and speed management on local streets feeding I-495 in Smyrna.",Kent,I-495,safety,4780000,4178574,unfunded,construction-ready,92,auto; pedestrian,2029,5,22,true,false,true,false,safety; school; speed-management; lighting
UNF-2378,T202324023 I-495 ITS Camera and Fiber — Ocean View Northbound,"CCTV, fiber interconnect, and TMC integration on I-495 MP 10.7 serving Ocean View and Sussex County operations.",Sussex,I-495,signals,2170000,2122678,unfunded,row,41,auto,2026,1,16,true,true,true,true,its; operations; congestion; signal
UNF-2379,T202424060 SR 26 Bridge Preservation — Edgemoor Phase 2,"Deck overlay, joint replacement, and scour countermeasures on the SR 26 bridge near Edgemoor (MP 38.3).",New Castle,SR 26,bridge,31410000,29685285,unfunded,final-design,63,auto; freight,2027,0,1,false,true,false,false,bridge; preservation; state-of-good-repair
UNF-2380,T202524097 Hockessin Roundabout Conversion — SR 14,Convert a high-crash SR 14 intersection in Hockessin (MP 36.8) to a single-lane roundabout with pedestrian crossings.,New Castle,SR 14,safety,13580000,10671313,partially-funded,row,47,auto; pedestrian,2028,1,15,true,false,false,false,roundabout; intersection; safety; pedestrian
UNF-2381,T202624134 SR 896 Intersection Safety Package — Wilmington Group A,"Systemic safety package at SR 896 MP 26.4 serving Wilmington: signal upgrades, left-turn protection, lighting, and pedestrian intervals.",New Castle,SR 896,safety,6970000,6820555,unfunded,preliminary-design,32,auto; pedestrian,2029,4,28,true,false,false,true,intersection; signal; safety; pedestrian; high-crash
UNF-2382,T202724171 SR 24 Drainage and Flood Mitigation — Dagsboro,Stormwater upgrades and roadway raising where SR 24 MP 17.2 floods near Dagsboro.,Sussex,SR 24,resilience,25630000,24415565,unfunded,row,48,auto,2028,0,0,false,true,true,false,flood; drainage; resilience
UNF-2383,T202224208 SR 24 Concrete Pavement Restoration — Woodside,"Slab repair, diamond grinding, and joint resealing on SR 24 MP 14.2 in Kent County near Woodside.",Kent,SR 24,pavement,7650000,7398366,unfunded,construction-ready,89,auto,2028,1,5,false,true,true,false,pavement; concrete; preservation
UNF-2384,T202324245 Hartly Sidewalk and Crossing Gap Closure — SR 1,"Fill sidewalk gaps and add high-visibility crossings along SR 1 MP 2.3 in Hartly, with ADA curb ramps.",Kent,SR 1,bike-ped,5720000,4477967,partially-funded,planning,11,pedestrian; bicycle,2028,4,18,true,true,false,false,pedestrian; ada; crossing; vru
UNF-2385,T202424282 SR 10 Pavement Rehab — Felton Group B,Mill and overlay of deteriorated SR 10 lanes through Felton (MP 26.4) to restore ride quality. Limited safety or equity components.,Kent,SR 10,pavement,14940000,11556512,unfunded,row,40,auto,2025,0,4,false,true,false,false,pavement; preservation; state-of-good-repair
UNF-2386,T202524319 US 40 Intersection Safety Package — Claymont Northbound,"Systemic safety package at US 40 MP 19.8 serving Claymont: signal upgrades, left-turn protection, lighting, and pedestrian intervals.",New Castle,US 40,safety,7870000,7813893,unfunded,planning,14,auto; pedestrian,2025,6,31,true,true,false,false,intersection; signal; safety; pedestrian; high-crash
UNF-2387,T202624356 Blades Adaptive Signal System — SR 8,"Adaptive signal control, detection, and communications along SR 8 MP 2.5 in Blades.",Sussex,SR 8,signals,5720000,4745528,unfunded,final-design,61,auto; transit,2027,0,9,false,false,false,false,signal; operations; congestion; safety
UNF-2388,T202724393 Odessa Road Diet and Downtown Safety — SR 24,"Road diet, on-street parking reconfiguration, ADA ramps, and pedestrian lighting in Odessa along SR 24.",New Castle,SR 24,complete-streets,9550000,8911469,partially-funded,row,50,auto; pedestrian; bicycle,2025,3,12,true,true,false,true,road-diet; ada; downtown; complete-streets; safety
UNF-2389,T202224430 US 13 Bridge Preservation — Fenwick Island Phase 2,"Deck overlay, joint replacement, and scour countermeasures on the US 13 bridge near Fenwick Island (MP 38.3).",Sussex,US 13,bridge,9760000,8508100,unfunded,preliminary-design,26,auto; freight,2026,1,17,true,false,true,false,bridge; preservation; state-of-good-repair
UNF-2390,T202324467 DART Bus Maintenance Facility Rehab — Dagsboro,"Rehabilitate the DART bus maintenance garage in Dagsboro, including lifts, bus wash, and charging/fueling for the transit fleet.",Sussex,SR 71,transit,17760000,17329843,partially-funded,preliminary-design,24,transit,2029,1,17,true,false,true,false,transit; bus-fleet; garage; facility; low-no
UNF-2391,T202424504 SR 20 Bridge Preservation — Bowers Phase 1,"Deck overlay, joint replacement, and scour countermeasures on the SR 20 bridge near Bowers (MP 16.0).",Kent,SR 20,bridge,22910000,20494117,unfunded,preliminary-design,32,auto; freight,2026,0,11,false,true,true,false,bridge; preservation; state-of-good-repair
UNF-2392,T202524541 Glasgow Complete Streets — SR 58 Town Center,"Lane reallocation, bicycle facilities, and pedestrian lighting on SR 58 through Glasgow town center (Northbound).",New Castle,SR 58,complete-streets,8320000,6322735,unfunded,construction-ready,91,auto; pedestrian; bicycle,2027,4,26,true,true,false,false,complete-streets; bike-ped; equity; safety
UNF-2393,T202624578 SR 26 Bridge Preservation — Stanton Southbound,"Deck overlay, joint replacement, and scour countermeasures on the SR 26 bridge near Stanton (MP 42.8).",New Castle,SR 26,bridge,11020000,8706876,unfunded,row,46,auto; freight,2028,0,1,false,true,false,false,bridge; preservation; state-of-good-repair
UNF-2394,T202724615 SR 52 Pavement Rehab — Georgetown Group A,Mill and overlay of deteriorated SR 52 lanes through Georgetown (MP 7.7) to restore ride quality. Limited safety or equity components.,Sussex,SR 52,pavement,21690000,21253846,unfunded,final-design,78,auto,2028,0,2,false,false,true,false,pavement; preservation; state-of-good-repair
UNF-2395,T202224652 SR 896 Guardrail and End Treatment Upgrade — Frankford,Replace outdated guardrail and end treatments on SR 896 MP 24.5 near Frankford to current MASH standards.,Sussex,SR 896,safety,4630000,3951282,unfunded,planning,7,auto,2027,5,31,true,true,true,true,guardrail; safety; roadside; systemic
UNF-2396,T202324689 US 202 Bridge Culvert Replacement — Dewey Beach,Replace a deteriorated culvert on US 202 MP 1.4 near Dewey Beach to restore hydraulic capacity and legal loads.,Sussex,US 202,bridge,5660000,5647322,unfunded,construction-ready,85,auto; freight,2027,0,3,false,false,true,false,bridge; culvert; scour; state-of-good-repair
UNF-2397,T202424726 SR 10 Lane Departure Countermeasures — Smyrna,"Rumble strips, high-friction surface treatment, and curve warning upgrades on SR 10 MP 37.9 near Smyrna.",Kent,SR 10,safety,2140000,2035349,unfunded,construction-ready,97,auto,2027,6,24,true,true,true,false,lane-departure; rural; high-friction; systemic; safety
UNF-2398,T202524763 Houston Adaptive Signal System — SR 896,"Adaptive signal control, detection, and communications along SR 896 MP 40.0 in Houston.",Kent,SR 896,signals,5660000,4320889,unfunded,final-design,78,auto; transit,2029,1,17,true,true,false,false,signal; operations; congestion; safety
UNF-2399,T202624800 SR 1 Drainage and Flood Mitigation — Bridgeville,Stormwater upgrades and roadway raising where SR 1 MP 37.6 floods near Bridgeville.,Sussex,SR 1,resilience,10570000,9043145,unfunded,planning,17,auto,2028,0,1,false,true,false,false,flood; drainage; resilience
UNF-2400,T202724837 SR 54 Concrete Pavement Restoration — Elsmere,"Slab repair, diamond grinding, and joint resealing on SR 54 MP 36.2 in New Castle County near Elsmere.",New Castle,SR 54,pavement,12020000,11204171,unfunded,construction-ready,85,auto,2028,1,11,false,false,false,false,pavement; concrete; preservation
UNF-2401,T202224874 SR 8 Pavement Rehab — Bowers Phase 1,Mill and overlay of deteriorated SR 8 lanes through Bowers (MP 20.4) to restore ride quality. Limited safety or equity components.,Kent,SR 8,pavement,17430000,17001582,unfunded,planning,14,auto,2027,1,9,false,true,true,false,pavement; preservation; state-of-good-repair
UNF-2402,T202324911 Bridgeville Sidewalk and Crossing Gap Closure — SR 58,"Fill sidewalk gaps and add high-visibility crossings along SR 58 MP 8.5 in Bridgeville, with ADA curb ramps.",Sussex,SR 58,bike-ped,5290000,4986322,unfunded,row,49,pedestrian; bicycle,2027,5,21,true,false,false,true,pedestrian; ada; crossing; vru
UNF-2403,T202424948 I-495 Bridge Preservation — Claymont FY26,"Deck overlay, joint replacement, and scour countermeasures on the I-495 bridge near Claymont (MP 11.3).",New Castle,I-495,bridge,35670000,33827782,unfunded,construction-ready,92,auto; freight,2027,1,16,true,true,false,true,bridge; preservation; state-of-good-repair
UNF-2404,T202524985 Seaford Sidewalk and Crossing Gap Closure — SR 404,"Fill sidewalk gaps and add high-visibility crossings along SR 404 MP 34.7 in Seaford, with ADA curb ramps.",Sussex,SR 404,bike-ped,6980000,6841646,unfunded,row,51,pedestrian; bicycle,2028,1,7,false,false,true,false,pedestrian; ada; crossing; vru
UNF-2405,T202625022 SR 273 Concrete Pavement Restoration — Wilmington,"Slab repair, diamond grinding, and joint resealing on SR 273 MP 44.9 in New Castle County near Wilmington.",New Castle,SR 273,pavement,13000000,12423164,unfunded,row,44,auto,2028,1,7,false,true,false,false,pavement; concrete; preservation
UNF-2406,T202725059 Bowers School Zone and Speed Management,"School-zone flashers, gateway treatments, and speed management on local streets feeding SR 52 in Bowers.",Kent,SR 52,safety,2870000,2593184,unfunded,construction-ready,93,auto; pedestrian,2025,4,21,true,false,true,false,safety; school; speed-management; lighting
UNF-2407,T202225096 SR 48 Pavement Rehab — Lewes Phase 2,Mill and overlay of deteriorated SR 48 lanes through Lewes (MP 25.6) to restore ride quality. Limited safety or equity components.,Sussex,SR 48,pavement,6570000,5472482,unfunded,row,42,auto,2026,0,3,false,false,true,true,pavement; preservation; state-of-good-repair
UNF-2408,T202325133 SR 92 Bridge Preservation — Townsend Northbound,"Deck overlay, joint replacement, and scour countermeasures on the SR 92 bridge near Townsend (MP 43.4).",New Castle,SR 92,bridge,29080000,27461716,unfunded,planning,18,auto; freight,2026,1,7,false,false,false,false,bridge; preservation; state-of-good-repair
UNF-2409,T202425170 Camden-Wyoming DART Stop and Access Improvements — SR 14,"Accessible pads, shelters, lighting, and sidewalk connections to DART stops on SR 14 in Camden-Wyoming.",Kent,SR 14,transit,4750000,4633070,unfunded,row,35,transit; pedestrian,2029,1,17,true,false,true,false,transit; equity; pedestrian; ada
UNF-2410,T202525207 SR 14 Bridge Culvert Replacement — Milford,Replace a deteriorated culvert on SR 14 MP 39.5 near Milford to restore hydraulic capacity and legal loads.,Sussex,SR 14,bridge,5710000,5367177,unfunded,row,43,auto; freight,2027,0,10,false,true,false,false,bridge; culvert; scour; state-of-good-repair
UNF-2411,T202625244 SR 92 Pavement Rehab — Rehoboth Beach Northbound,Mill and overlay of deteriorated SR 92 lanes through Rehoboth Beach (MP 22.5) to restore ride quality. Limited safety or equity components.,Sussex,SR 92,pavement,11500000,8630737,unfunded,preliminary-design,33,auto,2026,1,6,false,false,true,true,pavement; preservation; state-of-good-repair
UNF-2412,T202725281 Kirkwood Roundabout Conversion — SR 299,Convert a high-crash SR 299 intersection in Kirkwood (MP 37.8) to a single-lane roundabout with pedestrian crossings.,New Castle,SR 299,safety,3310000,2572000,unfunded,final-design,72,auto; pedestrian,2027,6,37,true,true,false,false,roundabout; intersection; safety; pedestrian
UNF-2413,T202225318 DART Bus Maintenance Facility Rehab — Millsboro,"Rehabilitate the DART bus maintenance garage in Millsboro, including lifts, bus wash, and charging/fueling for the transit fleet.",Sussex,SR 9,transit,31740000,27710483,unfunded,row,41,transit,2026,1,6,false,false,true,false,transit; bus-fleet; garage; facility; low-no
UNF-2414,T202325355 SR 202 Intersection Safety Package — Odessa Phase 2,"Systemic safety package at SR 202 MP 18.1 serving Odessa: signal upgrades, left-turn protection, lighting, and pedestrian intervals.",New Castle,SR 202,safety,13960000,11716984,unfunded,row,39,auto; pedestrian,2026,6,36,true,false,false,true,intersection; signal; safety; pedestrian; high-crash
UNF-2415,T202425392 SR 30 ITS Camera and Fiber — Houston Southbound,"CCTV, fiber interconnect, and TMC integration on SR 30 MP 2.7 serving Houston and Kent County operations.",Kent,SR 30,signals,2660000,2370523,unfunded,planning,18,auto,2028,0,10,false,true,true,false,its; operations; congestion; signal
UNF-2416,T202525429 DE 1 Concrete Pavement Restoration — Dagsboro,"Slab repair, diamond grinding, and joint resealing on DE 1 MP 15.3 in Sussex County near Dagsboro.",Sussex,DE 1,pavement,12100000,9374549,partially-funded,final-design,76,auto,2025,0,12,false,false,true,false,pavement; concrete; preservation
UNF-2417,T202625466 SR 72 Bridge Culvert Replacement — Millville,Replace a deteriorated culvert on SR 72 MP 26.6 near Millville to restore hydraulic capacity and legal loads.,Sussex,SR 72,bridge,5390000,4056204,unfunded,preliminary-design,33,auto; freight,2025,0,12,false,true,false,false,bridge; culvert; scour; state-of-good-repair
UNF-2418,T202725503 Pike Creek DART Stop and Access Improvements — SR 9,"Accessible pads, shelters, lighting, and sidewalk connections to DART stops on SR 9 in Pike Creek.",New Castle,SR 9,transit,2450000,1912826,partially-funded,preliminary-design,21,transit; pedestrian,2029,0,8,false,true,false,false,transit; equity; pedestrian; ada
UNF-2419,T202225540 SR 202 Lane Departure Countermeasures — Bear,"Rumble strips, high-friction surface treatment, and curve warning upgrades on SR 202 MP 17.6 near Bear.",New Castle,SR 202,safety,3400000,2663232,unfunded,planning,6,auto,2025,5,31,true,true,false,false,lane-departure; rural; high-friction; systemic; safety
UNF-2420,T202325577 Bridgeville Roundabout Conversion — SR 7,Convert a high-crash SR 7 intersection in Bridgeville (MP 19.6) to a single-lane roundabout with pedestrian crossings.,Sussex,SR 7,safety,4700000,4604298,unfunded,final-design,66,auto; pedestrian,2028,0,5,false,false,true,true,roundabout; intersection; safety; pedestrian
UNF-2421,T202425614 Blades Local Road Safety Plan,Data-driven local road safety plan for Blades identifying a high-injury network and proven countermeasures.,Sussex,SR 202,planning,870000,708474,partially-funded,planning,11,auto; pedestrian,2029,0,6,false,true,false,false,safety-plan; data-driven; planning
UNF-2422,T202525651 SR 14 Bridge Preservation — Ellendale Southbound,"Deck overlay, joint replacement, and scour countermeasures on the SR 14 bridge near Ellendale (MP 8.0).",Sussex,SR 14,bridge,33650000,28998920,unfunded,construction-ready,90,auto; freight,2025,1,13,false,false,true,true,bridge; preservation; state-of-good-repair
UNF-2423,T202625688 SR 92 Freight Bottleneck Relief — Middletown,"Intersection capacity, turning-radius, and signal timing improvements for industrial freight on SR 92 MP 12.6 in Middletown.",New Castle,SR 92,freight,16310000,13194857,unfunded,construction-ready,88,freight; auto,2026,1,13,false,false,false,false,freight; bottleneck; signal; reliability
UNF-2424,T202725725 Cheswold Complete Streets — I-95 Town Center,"Lane reallocation, bicycle facilities, and pedestrian lighting on I-95 through Cheswold town center (Group B).",Kent,I-95,complete-streets,10140000,7865839,unfunded,construction-ready,89,auto; pedestrian; bicycle,2027,5,30,true,false,true,false,complete-streets; bike-ped; equity; safety
UNF-2425,T202225762 US 40 Lane Departure Countermeasures — Millsboro,"Rumble strips, high-friction surface treatment, and curve warning upgrades on US 40 MP 40.2 near Millsboro.",Sussex,US 40,safety,5780000,5205108,unfunded,row,44,auto,2029,1,12,false,false,true,false,lane-departure; rural; high-friction; systemic; safety
UNF-2426,T202325799 US 13 Intersection Safety Package — Bethel FY26,"Systemic safety package at US 13 MP 36.1 serving Bethel: signal upgrades, left-turn protection, lighting, and pedestrian intervals.",Sussex,US 13,safety,3220000,2754125,partially-funded,final-design,71,auto; pedestrian,2028,6,29,true,false,false,false,intersection; signal; safety; pedestrian; high-crash
UNF-2427,T202425836 Greenville Road Diet and Downtown Safety — DE 1,"Road diet, on-street parking reconfiguration, ADA ramps, and pedestrian lighting in Greenville along DE 1.",New Castle,DE 1,complete-streets,7660000,7260075,unfunded,row,56,auto; pedestrian; bicycle,2027,2,20,true,false,false,true,road-diet; ada; downtown; complete-streets; safety
UNF-2428,T202525873 Delaware City Adaptive Signal System — US 301,"Adaptive signal control, detection, and communications along US 301 MP 38.0 in Delaware City.",New Castle,US 301,signals,8910000,7928510,unfunded,preliminary-design,21,auto; transit,2025,0,5,false,true,false,true,signal; operations; congestion; safety
UNF-2429,T202625910 Seaford Sidewalk and Crossing Gap Closure — SR 72,"Fill sidewalk gaps and add high-visibility crossings along SR 72 MP 12.1 in Seaford, with ADA curb ramps.",Sussex,SR 72,bike-ped,6560000,5713674,partially-funded,row,37,pedestrian; bicycle,2026,6,33,true,true,true,false,pedestrian; ada; crossing; vru
UNF-2430,T202725947 Henlopen Acres Sidewalk and Crossing Gap Closure — US 202,"Fill sidewalk gaps and add high-visibility crossings along US 202 MP 40.6 in Henlopen Acres, with ADA curb ramps.",Sussex,US 202,bike-ped,4850000,4057459,unfunded,row,52,pedestrian; bicycle,2025,6,33,true,true,true,false,pedestrian; ada; crossing; vru
UNF-2431,T202225984 SR 20 ITS Camera and Fiber — Ellendale Southbound,"CCTV, fiber interconnect, and TMC integration on SR 20 MP 39.2 serving Ellendale and Sussex County operations.",Sussex,SR 20,signals,5440000,4270738,unfunded,row,39,auto,2025,0,6,false,true,true,false,its; operations; congestion; signal
UNF-2432,T202326021 Smyrna Road Diet and Downtown Safety — SR 52,"Road diet, on-street parking reconfiguration, ADA ramps, and pedestrian lighting in Smyrna along SR 52.",Kent,SR 52,complete-streets,13310000,11766181,unfunded,row,42,auto; pedestrian; bicycle,2029,5,29,true,true,true,true,road-diet; ada; downtown; complete-streets; safety
UNF-2433,T202426058 SR 10 Pavement Rehab — Stanton Phase 1,Mill and overlay of deteriorated SR 10 lanes through Stanton (MP 34.4) to restore ride quality. Limited safety or equity components.,New Castle,SR 10,pavement,16670000,14052956,unfunded,planning,10,auto,2028,1,13,false,false,false,true,pavement; preservation; state-of-good-repair
UNF-2434,T202526095 Rehoboth Beach Sidewalk and Crossing Gap Closure — SR 16,"Fill sidewalk gaps and add high-visibility crossings along SR 16 MP 21.8 in Rehoboth Beach, with ADA curb ramps.",Sussex,SR 16,bike-ped,3830000,3724199,unfunded,final-design,78,pedestrian; bicycle,2028,0,9,false,false,true,false,pedestrian; ada; crossing; vru
UNF-2435,T202626132 SR 72 Concrete Pavement Restoration — Bethel,"Slab repair, diamond grinding, and joint resealing on SR 72 MP 21.6 in Sussex County near Bethel.",Sussex,SR 72,pavement,11080000,10235734,unfunded,planning,11,auto,2029,1,4,false,true,true,false,pavement; concrete; preservation
UNF-2436,T202726169 Townsend Shared-Use Path — SR 8 Phase 1,Construct a shared-use path parallel to SR 8 MP 2.2 connecting neighborhoods and schools in Townsend.,New Castle,SR 8,bike-ped,5330000,5307365,unfunded,preliminary-design,22,pedestrian; bicycle,2027,6,24,true,false,false,false,bicycle; pedestrian; trail; vru
UNF-2437,T202226206 Greenwood Sidewalk and Crossing Gap Closure — SR 18,"Fill sidewalk gaps and add high-visibility crossings along SR 18 MP 6.0 in Greenwood, with ADA curb ramps.",Sussex,SR 18,bike-ped,6200000,5888804,unfunded,construction-ready,94,pedestrian; bicycle,2029,6,27,true,false,true,true,pedestrian; ada; crossing; vru
UNF-2438,T202326243 Middletown Truck Route Geometric Improvements — SR 16,Widen turning radii and upgrade shoulders for freight movements on SR 16 MP 41.7 near Middletown.,New Castle,SR 16,freight,4900000,4808270,unfunded,preliminary-design,24,freight; auto,2028,1,15,true,true,false,false,freight; geometry; shoulders
UNF-2439,T202426280 US 113 Bridge Preservation — Long Neck Phase 1,"Deck overlay, joint replacement, and scour countermeasures on the US 113 bridge near Long Neck (MP 32.4).",Sussex,US 113,bridge,9230000,8928802,unfunded,preliminary-design,33,auto; freight,2027,0,2,false,false,true,true,bridge; preservation; state-of-good-repair
UNF-2440,T202526317 SR 300 Guardrail and End Treatment Upgrade — Bellefonte,Replace outdated guardrail and end treatments on SR 300 MP 16.7 near Bellefonte to current MASH standards.,New Castle,SR 300,safety,2900000,2180896,unfunded,row,36,auto,2026,6,33,true,false,false,false,guardrail; safety; roadside; systemic
UNF-2441,T202626354 SR 54 Freight Bottleneck Relief — Delaware City,"Intersection capacity, turning-radius, and signal timing improvements for industrial freight on SR 54 MP 27.4 in Delaware City.",New Castle,SR 54,freight,8400000,6300258,unfunded,row,40,freight; auto,2028,1,5,false,true,false,false,freight; bottleneck; signal; reliability
UNF-2442,T202726391 I-95 Intersection Safety Package — Pike Creek Southbound,"Systemic safety package at I-95 MP 31.0 serving Pike Creek: signal upgrades, left-turn protection, lighting, and pedestrian intervals.",New Castle,I-95,safety,13620000,10416882,unfunded,preliminary-design,32,auto; pedestrian,2029,1,9,false,true,false,false,intersection; signal; safety; pedestrian; high-crash
UNF-2443,T202226428 SR 8 ITS Camera and Fiber — Blades Group A,"CCTV, fiber interconnect, and TMC integration on SR 8 MP 41.6 serving Blades and Sussex County operations.",Sussex,SR 8,signals,4830000,4719154,unfunded,row,47,auto,2027,1,14,false,false,true,true,its; operations; congestion; signal
UNF-2444,T202326465 US 202 Bridge Culvert Replacement — Pike Creek,Replace a deteriorated culvert on US 202 MP 30.7 near Pike Creek to restore hydraulic capacity and legal loads.,New Castle,US 202,bridge,7950000,6129459,unfunded,construction-ready,90,auto; freight,2028,1,14,false,true,true,false,bridge; culvert; scour; state-of-good-repair
UNF-2445,T202426502 SR 18 Intersection Safety Package — Arden Phase 1,"Systemic safety package at SR 18 MP 8.2 serving Arden: signal upgrades, left-turn protection, lighting, and pedestrian intervals.",New Castle,SR 18,safety,7680000,6253528,unfunded,preliminary-design,28,auto; pedestrian,2026,2,11,true,false,false,true,intersection; signal; safety; pedestrian; high-crash
UNF-2446,T202526539 SR 26 Guardrail and End Treatment Upgrade — Camden,Replace outdated guardrail and end treatments on SR 26 MP 11.2 near Camden to current MASH standards.,Kent,SR 26,safety,2340000,2021401,unfunded,construction-ready,86,auto,2028,4,29,true,false,false,false,guardrail; safety; roadside; systemic
UNF-2447,T202626576 SR 404 Concrete Pavement Restoration — Camden-Wyoming,"Slab repair, diamond grinding, and joint resealing on SR 404 MP 29.1 in Kent County near Camden-Wyoming.",Kent,SR 404,pavement,17890000,14889200,unfunded,row,44,auto,2028,0,8,false,false,false,false,pavement; concrete; preservation
UNF-2448,T202726613 I-295 Lane Departure Countermeasures — Claymont,"Rumble strips, high-friction surface treatment, and curve warning upgrades on I-295 MP 37.5 near Claymont.",New Castle,I-295,safety,5480000,5134336,unfunded,row,56,auto,2025,4,17,true,true,false,false,lane-departure; rural; high-friction; systemic; safety
UNF-2449,T202226650 Selbyville Adaptive Signal System — US 202,"Adaptive signal control, detection, and communications along US 202 MP 34.2 in Selbyville.",Sussex,US 202,signals,3910000,3500663,unfunded,preliminary-design,23,auto; transit,2026,1,9,false,true,true,false,signal; operations; congestion; safety
UNF-2450,T202326687 SR 1 Lane Departure Countermeasures — Lewes,"Rumble strips, high-friction surface treatment, and curve warning upgrades on SR 1 MP 43.6 near Lewes.",Sussex,SR 1,safety,5490000,4924961,unfunded,row,43,auto,2028,5,27,true,false,true,true,lane-departure; rural; high-friction; systemic; safety
UNF-2451,T202426724 SR 10 Drainage and Flood Mitigation — Camden-Wyoming,Stormwater upgrades and roadway raising where SR 10 MP 27.9 floods near Camden-Wyoming.,Kent,SR 10,resilience,17110000,15354013,unfunded,construction-ready,92,auto,2025,0,1,false,false,true,false,flood; drainage; resilience
UNF-2452,T202526761 I-495 Pavement Rehab — Rehoboth Beach Southbound,Mill and overlay of deteriorated I-495 lanes through Rehoboth Beach (MP 14.8) to restore ride quality. Limited safety or equity components.,Sussex,I-495,pavement,4200000,3606561,unfunded,planning,10,auto,2025,1,14,false,false,true,true,pavement; preservation; state-of-good-repair
UNF-2453,T202626798 SR 26 Drainage and Flood Mitigation — Christiana,Stormwater upgrades and roadway raising where SR 26 MP 8.7 floods near Christiana.,New Castle,SR 26,resilience,8390000,7886918,unfunded,row,35,auto,2027,0,10,false,true,false,false,flood; drainage; resilience
UNF-2454,T202726835 Hartly Shared-Use Path — US 113 Group B,Construct a shared-use path parallel to US 113 MP 8.6 connecting neighborhoods and schools in Hartly.,Kent,US 113,bike-ped,9420000,8693898,unfunded,row,35,pedestrian; bicycle,2029,6,31,true,true,false,false,bicycle; pedestrian; trail; vru
UNF-2455,T202226872 Hartly Truck Route Geometric Improvements — SR 299,Widen turning radii and upgrade shoulders for freight movements on SR 299 MP 23.6 near Hartly.,Kent,SR 299,freight,12370000,10992874,unfunded,preliminary-design,34,freight; auto,2025,0,4,false,false,true,false,freight; geometry; shoulders
UNF-2456,T202326909 Bowers DART Stop and Access Improvements — SR 896,"Accessible pads, shelters, lighting, and sidewalk connections to DART stops on SR 896 in Bowers.",Kent,SR 896,transit,5400000,5082697,unfunded,row,53,transit; pedestrian,2029,1,12,false,true,true,false,transit; equity; pedestrian; ada
UNF-2457,T202426946 Odessa Adaptive Signal System — SR 72,"Adaptive signal control, detection, and communications along SR 72 MP 15.4 in Odessa.",New Castle,SR 72,signals,5960000,5062403,unfunded,row,35,auto; transit,2025,0,11,false,true,true,false,signal; operations; congestion; safety
UNF-2458,T202526983 Middletown School Zone and Speed Management,"School-zone flashers, gateway treatments, and speed management on local streets feeding SR 72 in Middletown.",New Castle,SR 72,safety,4730000,4344486,unfunded,planning,8,auto; pedestrian,2026,2,10,true,true,false,false,safety; school; speed-management; lighting
UNF-2459,T202627020 Camden Adaptive Signal System — SR 71,"Adaptive signal control, detection, and communications along SR 71 MP 7.4 in Camden.",Kent,SR 71,signals,2500000,2308016,unfunded,construction-ready,95,auto; transit,2029,1,8,false,false,false,false,signal; operations; congestion; safety
UNF-2460,T202727057 US 13 Bridge Preservation — Rehoboth Beach Group B,"Deck overlay, joint replacement, and scour countermeasures on the US 13 bridge near Rehoboth Beach (MP 20.0).",Sussex,US 13,bridge,10560000,9283389,partially-funded,construction-ready,90,auto; freight,2027,1,8,false,true,true,false,bridge; preservation; state-of-good-repair
UNF-2461,T202227094 Cheswold School Zone and Speed Management,"School-zone flashers, gateway treatments, and speed management on local streets feeding I-495 in Cheswold.",Kent,I-495,safety,4190000,3353321,unfunded,final-design,68,auto; pedestrian,2027,6,26,true,true,false,true,safety; school; speed-management; lighting
UNF-2462,T202327131 Blades Sidewalk and Crossing Gap Closure — US 40,"Fill sidewalk gaps and add high-visibility crossings along US 40 MP 6.7 in Blades, with ADA curb ramps.",Sussex,US 40,bike-ped,2150000,1832207,unfunded,row,41,pedestrian; bicycle,2028,0,1,false,false,true,false,pedestrian; ada; crossing; vru
UNF-2463,T202427168 Gumboro Sidewalk and Crossing Gap Closure — SR 54,"Fill sidewalk gaps and add high-visibility crossings along SR 54 MP 41.6 in Gumboro, with ADA curb ramps.",Sussex,SR 54,bike-ped,1230000,1164557,unfunded,preliminary-design,22,pedestrian; bicycle,2026,1,17,true,false,false,true,pedestrian; ada; crossing; vru
UNF-2464,T202527205 SR 8 Pavement Rehab — Woodside Group B,Mill and overlay of deteriorated SR 8 lanes through Woodside (MP 39.1) to restore ride quality. Limited safety or equity components.,Kent,SR 8,pavement,18990000,17115333,unfunded,construction-ready,94,auto,2025,1,13,false,false,false,false,pavement; preservation; state-of-good-repair
UNF-2465,T202627242 Henlopen Acres Sidewalk and Crossing Gap Closure — SR 16,"Fill sidewalk gaps and add high-visibility crossings along SR 16 MP 15.4 in Henlopen Acres, with ADA curb ramps.",Sussex,SR 16,bike-ped,4060000,3238676,unfunded,planning,18,pedestrian; bicycle,2029,4,25,true,false,true,true,pedestrian; ada; crossing; vru
UNF-2466,T202727279 Laurel Complete Streets — SR 299 Town Center,"Lane reallocation, bicycle facilities, and pedestrian lighting on SR 299 through Laurel town center (Northbound).",Sussex,SR 299,complete-streets,5450000,5109314,unfunded,final-design,60,auto; pedestrian; bicycle,2029,3,25,true,true,true,false,complete-streets; bike-ped; equity; safety
UNF-2467,T202227316 SR 16 Intersection Safety Package — Bridgeville FY26,"Systemic safety package at SR 16 MP 35.2 serving Bridgeville: signal upgrades, left-turn protection, lighting, and pedestrian intervals.",Sussex,SR 16,safety,13070000,10983861,unfunded,construction-ready,91,auto; pedestrian,2025,0,8,false,true,false,false,intersection; signal; safety; pedestrian; high-crash
UNF-2468,T202327353 Frankford School Zone and Speed Management,"School-zone flashers, gateway treatments, and speed management on local streets feeding I-495 in Frankford.",Sussex,I-495,safety,4610000,3508706,unfunded,final-design,69,auto; pedestrian,2026,3,14,true,false,true,false,safety; school; speed-management; lighting
UNF-2469,T202427390 Middletown Complete Streets — SR 404 Town Center,"Lane reallocation, bicycle facilities, and pedestrian lighting on SR 404 through Middletown town center (Group B).",New Castle,SR 404,complete-streets,5820000,5721556,unfunded,preliminary-design,30,auto; pedestrian; bicycle,2029,1,12,false,false,false,false,complete-streets; bike-ped; equity; safety
UNF-2470,T202527427 Hockessin DART Stop and Access Improvements — I-295,"Accessible pads, shelters, lighting, and sidewalk connections to DART stops on I-295 in Hockessin.",New Castle,I-295,transit,6190000,5610215,unfunded,planning,10,transit; pedestrian,2029,0,11,false,false,false,false,transit; equity; pedestrian; ada
UNF-2471,T202627464 DE 1 Intersection Safety Package — Claymont Phase 1,"Systemic safety package at DE 1 MP 20.6 serving Claymont: signal upgrades, left-turn protection, lighting, and pedestrian intervals.",New Castle,DE 1,safety,10580000,9257018,unfunded,final-design,77,auto; pedestrian,2028,4,17,true,false,false,false,intersection; signal; safety; pedestrian; high-crash
UNF-2472,T202727501 SR 36 Pavement Rehab — Selbyville FY26,Mill and overlay of deteriorated SR 36 lanes through Selbyville (MP 14.8) to restore ride quality. Limited safety or equity components.,Sussex,SR 36,pavement,3280000,2806313,unfunded,row,50,auto,2027,1,8,false,false,false,true,pavement; preservation; state-of-good-repair
UNF-2473,T202227538 Harrington Shared-Use Path — SR 71 Phase 1,Construct a shared-use path parallel to SR 71 MP 25.6 connecting neighborhoods and schools in Harrington.,Kent,SR 71,bike-ped,4440000,4239354,unfunded,row,49,pedestrian; bicycle,2026,3,20,true,false,false,false,bicycle; pedestrian; trail; vru
UNF-2474,T202327575 SR 20 Intersection Safety Package — Viola FY27,"Systemic safety package at SR 20 MP 18.4 serving Viola: signal upgrades, left-turn protection, lighting, and pedestrian intervals.",Kent,SR 20,safety,4310000,4112361,partially-funded,row,43,auto; pedestrian,2027,2,9,true,false,false,false,intersection; signal; safety; pedestrian; high-crash
UNF-2475,T202427612 SR 36 Drainage and Flood Mitigation — Dagsboro,Stormwater upgrades and roadway raising where SR 36 MP 35.9 floods near Dagsboro.,Sussex,SR 36,resilience,28530000,25618510,unfunded,row,47,auto,2027,1,9,false,true,true,false,flood; drainage; resilience
UNF-2476,T202527649 Newport DART Stop and Access Improvements — SR 92,"Accessible pads, shelters, lighting, and sidewalk connections to DART stops on SR 92 in Newport.",New Castle,SR 92,transit,2040000,1667489,unfunded,preliminary-design,27,transit; pedestrian,2027,1,7,false,false,false,true,transit; equity; pedestrian; ada
UNF-2477,T202627686 SR 8 Pavement Rehab — Red Lion Phase 2,Mill and overlay of deteriorated SR 8 lanes through Red Lion (MP 14.4) to restore ride quality. Limited safety or equity components.,New Castle,SR 8,pavement,7550000,5878279,unfunded,final-design,81,auto,2026,0,13,false,false,true,false,pavement; preservation; state-of-good-repair
UNF-2478,T202727723 SR 92 Bridge Preservation — Stanton Group A,"Deck overlay, joint replacement, and scour countermeasures on the SR 92 bridge near Stanton (MP 28.5).",New Castle,SR 92,bridge,17370000,14412963,unfunded,row,37,auto; freight,2029,1,16,true,true,false,true,bridge; preservation; state-of-good-repair
UNF-2479,T202227760 SR 24 Drainage and Flood Mitigation — Claymont,Stormwater upgrades and roadway raising where SR 24 MP 12.3 floods near Claymont.,New Castle,SR 24,resilience,12990000,12076118,unfunded,preliminary-design,21,auto,2028,0,10,false,false,false,true,flood; drainage; resilience
UNF-2480,T202327797 Ocean View Slope Stabilization — US 113 MP 2.2,"Embankment repair, drainage, and slope stabilization on US 113 near Ocean View after repeated washouts.",Sussex,US 113,resilience,9860000,8072389,unfunded,final-design,64,auto,2028,0,3,false,true,false,false,slope; drainage; resilience; geotech
UNF-2481,T202427834 Kirkwood DART Stop and Access Improvements — SR 18,"Accessible pads, shelters, lighting, and sidewalk connections to DART stops on SR 18 in Kirkwood.",New Castle,SR 18,transit,2930000,2690105,unfunded,final-design,77,transit; pedestrian,2027,0,5,false,false,false,true,transit; equity; pedestrian; ada
UNF-2482,T202527871 Clayton Sidewalk and Crossing Gap Closure — SR 92,"Fill sidewalk gaps and add high-visibility crossings along SR 92 MP 8.4 in Clayton, with ADA curb ramps.",Kent,SR 92,bike-ped,4950000,4720106,unfunded,final-design,61,pedestrian; bicycle,2028,2,21,true,true,true,false,pedestrian; ada; crossing; vru
UNF-2483,T202627908 SR 82 Bridge Preservation — Leipsic Group B,"Deck overlay, joint replacement, and scour countermeasures on the SR 82 bridge near Leipsic (MP 8.5).",Kent,SR 82,bridge,6810000,6123158,unfunded,planning,8,auto; freight,2028,1,15,true,true,true,false,bridge; preservation; state-of-good-repair
UNF-2484,T202727945 SR 14 Bridge Culvert Replacement — Smyrna,Replace a deteriorated culvert on SR 14 MP 28.6 near Smyrna to restore hydraulic capacity and legal loads.,Kent,SR 14,bridge,11970000,10154506,unfunded,planning,8,auto; freight,2029,0,11,false,true,false,true,bridge; culvert; scour; state-of-good-repair
UNF-2485,T202227982 Glasgow DART Stop and Access Improvements — SR 141,"Accessible pads, shelters, lighting, and sidewalk connections to DART stops on SR 141 in Glasgow.",New Castle,SR 141,transit,4460000,3608549,unfunded,final-design,82,transit; pedestrian,2029,1,5,false,true,false,false,transit; equity; pedestrian; ada
UNF-2486,T202328019 SR 54 Lane Departure Countermeasures — Cheswold,"Rumble strips, high-friction surface treatment, and curve warning upgrades on SR 54 MP 13.3 near Cheswold.",Kent,SR 54,safety,4460000,4401608,partially-funded,construction-ready,87,auto,2028,1,11,false,false,true,false,lane-departure; rural; high-friction; systemic; safety
UNF-2487,T202428056 Houston Slope Stabilization — SR 2 MP 33.3,"Embankment repair, drainage, and slope stabilization on SR 2 near Houston after repeated washouts.",Kent,SR 2,resilience,4890000,4608561,unfunded,row,36,auto,2025,0,6,false,false,true,false,slope; drainage; resilience; geotech
UNF-2488,T202528093 Frederica Road Diet and Downtown Safety — SR 141,"Road diet, on-street parking reconfiguration, ADA ramps, and pedestrian lighting in Frederica along SR 141.",Kent,SR 141,complete-streets,12390000,9916211,unfunded,preliminary-design,30,auto; pedestrian; bicycle,2025,0,8,false,true,true,true,road-diet; ada; downtown; complete-streets; safety
UNF-2489,T202628130 Bellefonte DART Stop and Access Improvements — SR 71,"Accessible pads, shelters, lighting, and sidewalk connections to DART stops on SR 71 in Bellefonte.",New Castle,SR 71,transit,3050000,2718676,unfunded,final-design,60,transit; pedestrian,2028,0,3,false,true,false,true,transit; equity; pedestrian; ada
UNF-2490,T202728167 SR 72 Intersection Safety Package — Camden-Wyoming Group B,"Systemic safety package at SR 72 MP 40.4 serving Camden-Wyoming: signal upgrades, left-turn protection, lighting, and pedestrian intervals.",Kent,SR 72,safety,9590000,7267004,unfunded,preliminary-design,26,auto; pedestrian,2026,1,13,false,false,true,true,intersection; signal; safety; pedestrian; high-crash
UNF-2491,T202228204 US 40 Lane Departure Countermeasures — Edgemoor,"Rumble strips, high-friction surface treatment, and curve warning upgrades on US 40 MP 11.3 near Edgemoor.",New Castle,US 40,safety,7700000,7403941,partially-funded,construction-ready,96,auto,2029,6,36,true,false,false,false,lane-departure; rural; high-friction; systemic; safety
UNF-2492,T202328241 SR 2 Pavement Rehab — Georgetown Phase 1,Mill and overlay of deteriorated SR 2 lanes through Georgetown (MP 40.5) to restore ride quality. Limited safety or equity components.,Sussex,SR 2,pavement,13070000,11013372,unfunded,final-design,71,auto,2029,0,6,false,true,false,true,pavement; preservation; state-of-good-repair
UNF-2493,T202428278 SR 52 ITS Camera and Fiber — Newark Southbound,"CCTV, fiber interconnect, and TMC integration on SR 52 MP 41.0 serving Newark and New Castle County operations.",New Castle,SR 52,signals,3860000,3426930,unfunded,planning,8,auto,2026,0,6,false,true,true,false,its; operations; congestion; signal
UNF-2494,T202528315 Cheswold Truck Route Geometric Improvements — SR 300,Widen turning radii and upgrade shoulders for freight movements on SR 300 MP 19.6 near Cheswold.,Kent,SR 300,freight,15770000,12464368,unfunded,final-design,69,freight; auto,2028,1,11,false,true,false,false,freight; geometry; shoulders
UNF-2495,T202628352 Clayton Road Diet and Downtown Safety — SR 896,"Road diet, on-street parking reconfiguration, ADA ramps, and pedestrian lighting in Clayton along SR 896.",Kent,SR 896,complete-streets,13020000,12166040,unfunded,final-design,84,auto; pedestrian; bicycle,2029,1,14,false,true,true,false,road-diet; ada; downtown; complete-streets; safety
UNF-2496,T202728389 SR 141 Intersection Safety Package — Dover Phase 2,"Systemic safety package at SR 141 MP 33.1 serving Dover: signal upgrades, left-turn protection, lighting, and pedestrian intervals.",Kent,SR 141,safety,14650000,13183415,unfunded,final-design,74,auto; pedestrian,2026,5,21,true,true,true,false,intersection; signal; safety; pedestrian; high-crash
UNF-2497,T202228426 Camden Road Diet and Downtown Safety — SR 896,"Road diet, on-street parking reconfiguration, ADA ramps, and pedestrian lighting in Camden along SR 896.",Kent,SR 896,complete-streets,8980000,8687104,unfunded,final-design,75,auto; pedestrian; bicycle,2025,3,20,true,false,false,false,road-diet; ada; downtown; complete-streets; safety
UNF-2498,T202328463 SR 71 Concrete Pavement Restoration — Wilmington,"Slab repair, diamond grinding, and joint resealing on SR 71 MP 17.5 in New Castle County near Wilmington.",New Castle,SR 71,pavement,18280000,16354917,partially-funded,row,49,auto,2028,0,8,false,true,false,false,pavement; concrete; preservation
UNF-2499,T202428500 US 113 Concrete Pavement Restoration — St. Georges,"Slab repair, diamond grinding, and joint resealing on US 113 MP 5.1 in New Castle County near St. Georges.",New Castle,US 113,pavement,22470000,21122335,unfunded,final-design,68,auto,2028,1,15,true,true,false,false,pavement; concrete; preservation
UNF-2500,T202528537 Ellendale Truck Route Geometric Improvements — SR 72,Widen turning radii and upgrade shoulders for freight movements on SR 72 MP 14.9 near Ellendale.,Sussex,SR 72,freight,6730000,5436764,partially-funded,planning,9,freight; auto,2025,1,4,false,false,true,true,freight; geometry; shoulders
UNF-2501,T202628574 SR 2 Bridge Preservation — Kirkwood Southbound,"Deck overlay, joint replacement, and scour countermeasures on the SR 2 bridge near Kirkwood (MP 42.3).",New Castle,SR 2,bridge,5070000,4624017,unfunded,construction-ready,96,auto; freight,2027,1,12,false,false,false,false,bridge; preservation; state-of-good-repair
UNF-2502,T202728611 Bethany Beach Complete Streets — SR 8 Town Center,"Lane reallocation, bicycle facilities, and pedestrian lighting on SR 8 through Bethany Beach town center (Phase 1).",Sussex,SR 8,complete-streets,13050000,10867503,unfunded,planning,17,auto; pedestrian; bicycle,2029,0,11,false,true,false,false,complete-streets; bike-ped; equity; safety
UNF-2503,T202228648 SR 72 Intersection Safety Package — Leipsic Southbound,"Systemic safety package at SR 72 MP 8.0 serving Leipsic: signal upgrades, left-turn protection, lighting, and pedestrian intervals.",Kent,SR 72,safety,7020000,6282365,partially-funded,construction-ready,99,auto; pedestrian,2029,3,19,true,false,true,false,intersection; signal; safety; pedestrian; high-crash
UNF-2504,T202328685 Arden Complete Streets — US 202 Town Center,"Lane reallocation, bicycle facilities, and pedestrian lighting on US 202 through Arden town center (Northbound).",New Castle,US 202,complete-streets,15460000,13017754,partially-funded,construction-ready,97,auto; pedestrian; bicycle,2029,6,29,true,true,false,true,complete-streets; bike-ped; equity; safety
UNF-2505,T202428722 SR 48 Lane Departure Countermeasures — Viola,"Rumble strips, high-friction surface treatment, and curve warning upgrades on SR 48 MP 5.8 near Viola.",Kent,SR 48,safety,7190000,5535784,unfunded,row,39,auto,2025,1,14,false,false,false,false,lane-departure; rural; high-friction; systemic; safety
UNF-2506,T202528759 SR 299 Pavement Rehab — Long Neck Group B,Mill and overlay of deteriorated SR 299 lanes through Long Neck (MP 24.5) to restore ride quality. Limited safety or equity components.,Sussex,SR 299,pavement,8560000,8351497,unfunded,preliminary-design,23,auto,2029,1,10,false,true,true,false,pavement; preservation; state-of-good-repair
UNF-2507,T202628796 DART Bus Fleet Replacement — Odessa Division,"Replace diesel buses with low- and no-emission transit buses and related equipment at the DART Odessa division, including depot charging.",New Castle,SR 48,transit,25510000,20339306,unfunded,row,44,transit,2028,1,8,false,true,true,true,transit; bus-fleet; low-no; zero-emission; garage
UNF-2508,T202728833 SR 8 Lane Departure Countermeasures — Slaughter Beach,"Rumble strips, high-friction surface treatment, and curve warning upgrades on SR 8 MP 28.2 near Slaughter Beach.",Sussex,SR 8,safety,3600000,3500279,unfunded,planning,9,auto,2025,4,22,true,false,false,false,lane-departure; rural; high-friction; systemic; safety
UNF-2509,T202228870 SR 58 Guardrail and End Treatment Upgrade — Newark,Replace outdated guardrail and end treatments on SR 58 MP 40.4 near Newark to current MASH standards.,New Castle,SR 58,safety,4010000,3446002,unfunded,preliminary-design,26,auto,2028,3,16,true,true,false,false,guardrail; safety; roadside; systemic
UNF-2510,T202328907 SR 16 Guardrail and End Treatment Upgrade — Smyrna,Replace outdated guardrail and end treatments on SR 16 MP 43.9 near Smyrna to current MASH standards.,Kent,SR 16,safety,3900000,3862255,unfunded,construction-ready,91,auto,2025,4,24,true,true,false,false,guardrail; safety; roadside; systemic
UNF-2511,T202428944 Milford DART Stop and Access Improvements — SR 20,"Accessible pads, shelters, lighting, and sidewalk connections to DART stops on SR 20 in Milford.",Sussex,SR 20,transit,2820000,2577020,unfunded,preliminary-design,29,transit; pedestrian,2026,1,11,false,false,true,false,transit; equity; pedestrian; ada
UNF-2512,T202528981 Hartly Adaptive Signal System — US 202,"Adaptive signal control, detection, and communications along US 202 MP 27.5 in Hartly.",Kent,US 202,signals,5050000,4076856,unfunded,final-design,71,auto; transit,2026,0,7,false,false,true,false,signal; operations; congestion; safety
UNF-2513,T202629018 Laurel Truck Route Geometric Improvements — US 40,Widen turning radii and upgrade shoulders for freight movements on US 40 MP 39.5 near Laurel.,Sussex,US 40,freight,17180000,17003169,unfunded,final-design,68,freight; auto,2028,1,9,false,true,true,false,freight; geometry; shoulders
UNF-2514,T202729055 Bellefonte Local Road Safety Plan,Data-driven local road safety plan for Bellefonte identifying a high-injury network and proven countermeasures.,New Castle,DE 1,planning,380000,350970,unfunded,construction-ready,98,auto; pedestrian,2026,0,7,false,false,false,false,safety-plan; data-driven; planning
UNF-2515,T202229092 SR 141 Bridge Preservation — Newark Southbound,"Deck overlay, joint replacement, and scour countermeasures on the SR 141 bridge near Newark (MP 15.3).",New Castle,SR 141,bridge,5340000,4771030,unfunded,final-design,60,auto; freight,2025,1,8,false,false,true,false,bridge; preservation; state-of-good-repair
UNF-2516,T202329129 SR 36 Drainage and Flood Mitigation — Woodside,Stormwater upgrades and roadway raising where SR 36 MP 33.2 floods near Woodside.,Kent,SR 36,resilience,10460000,9369729,partially-funded,construction-ready,88,auto,2026,0,12,false,false,true,true,flood; drainage; resilience
UNF-2517,T202429166 SR 4 Guardrail and End Treatment Upgrade — Long Neck,Replace outdated guardrail and end treatments on SR 4 MP 22.5 near Long Neck to current MASH standards.,Sussex,SR 4,safety,2580000,2579354,partially-funded,preliminary-design,22,auto,2028,4,25,true,false,true,true,guardrail; safety; roadside; systemic
UNF-2518,T202529203 SR 82 Bridge Culvert Replacement — Greenwood,Replace a deteriorated culvert on SR 82 MP 13.7 near Greenwood to restore hydraulic capacity and legal loads.,Sussex,SR 82,bridge,3910000,3654505,unfunded,planning,7,auto; freight,2027,0,2,false,true,true,false,bridge; culvert; scour; state-of-good-repair
UNF-2519,T202629240 Glasgow Roundabout Conversion — SR 30,Convert a high-crash SR 30 intersection in Glasgow (MP 37.6) to a single-lane roundabout with pedestrian crossings.,New Castle,SR 30,safety,10070000,7953346,unfunded,final-design,76,auto; pedestrian,2025,1,9,false,false,true,true,roundabout; intersection; safety; pedestrian
UNF-2520,T202729277 I-95 Bridge Culvert Replacement — Bowers,Replace a deteriorated culvert on I-95 MP 31.0 near Bowers to restore hydraulic capacity and legal loads.,Kent,I-95,bridge,5150000,5072046,unfunded,construction-ready,96,auto; freight,2029,0,0,false,false,true,false,bridge; culvert; scour; state-of-good-repair
UNF-2521,T202229314 Viola Road Diet and Downtown Safety — SR 54,"Road diet, on-street parking reconfiguration, ADA ramps, and pedestrian lighting in Viola along SR 54.",Kent,SR 54,complete-streets,10900000,8327866,unfunded,preliminary-design,32,auto; pedestrian; bicycle,2027,2,14,true,true,true,false,road-diet; ada; downtown; complete-streets; safety
UNF-2522,T202329351 SR 54 Bridge Culvert Replacement — Wyoming,Replace a deteriorated culvert on SR 54 MP 7.1 near Wyoming to restore hydraulic capacity and legal loads.,Kent,SR 54,bridge,9940000,9848690,unfunded,construction-ready,96,auto; freight,2029,1,7,false,false,false,true,bridge; culvert; scour; state-of-good-repair
UNF-2523,T202429388 SR 4 Drainage and Flood Mitigation — Bethel,Stormwater upgrades and roadway raising where SR 4 MP 27.9 floods near Bethel.,Sussex,SR 4,resilience,14620000,11508997,unfunded,row,59,auto,2026,0,4,false,true,true,true,flood; drainage; resilience
UNF-2524,T202529425 DART Bus Fleet Replacement — Magnolia Division,"Replace diesel buses with low- and no-emission transit buses and related equipment at the DART Magnolia division, including depot charging.",Kent,SR 10,transit,10860000,9105178,unfunded,row,53,transit,2025,0,3,false,false,false,false,transit; bus-fleet; low-no; zero-emission; garage
UNF-2525,T202629462 Clayton Slope Stabilization — SR 92 MP 14.4,"Embankment repair, drainage, and slope stabilization on SR 92 near Clayton after repeated washouts.",Kent,SR 92,resilience,3200000,2566164,unfunded,row,43,auto,2026,1,14,false,true,true,false,slope; drainage; resilience; geotech
UNF-2526,T202729499 Sussex County Freight and Multimodal Plan Update,"Update the Sussex County freight and multimodal plan, including bottleneck screening on SR 48 and equity analysis.",Sussex,SR 48,planning,820000,791336,unfunded,row,54,auto; freight; transit,2027,1,9,false,false,false,false,planning; freight; multimodal; data-driven
UNF-2527,T202229536 SR 299 Bridge Culvert Replacement — Wyoming,Replace a deteriorated culvert on SR 299 MP 3.0 near Wyoming to restore hydraulic capacity and legal loads.,Kent,SR 299,bridge,2220000,1680966,unfunded,row,48,auto; freight,2029,0,7,false,true,false,false,bridge; culvert; scour; state-of-good-repair
UNF-2528,T202329573 DART Bus Fleet Replacement — Milton Division,"Replace diesel buses with low- and no-emission transit buses and related equipment at the DART Milton division, including depot charging.",Sussex,SR 2,transit,10910000,10717652,unfunded,preliminary-design,27,transit,2027,1,11,false,false,true,false,transit; bus-fleet; low-no; zero-emission; garage
UNF-2529,T202429610 Camden Truck Route Geometric Improvements — SR 141,Widen turning radii and upgrade shoulders for freight movements on SR 141 MP 44.6 near Camden.,Kent,SR 141,freight,6230000,6182427,unfunded,final-design,77,freight; auto,2027,0,11,false,true,false,true,freight; geometry; shoulders
UNF-2530,T202529647 Gumboro Truck Route Geometric Improvements — SR 36,Widen turning radii and upgrade shoulders for freight movements on SR 36 MP 9.6 near Gumboro.,Sussex,SR 36,freight,10900000,9312698,unfunded,planning,11,freight; auto,2026,0,6,false,true,true,false,freight; geometry; shoulders
UNF-2531,T202629684 Hockessin Local Road Safety Plan,Data-driven local road safety plan for Hockessin identifying a high-injury network and proven countermeasures.,New Castle,SR 4,planning,770000,636203,unfunded,construction-ready,93,auto; pedestrian,2029,0,0,false,true,false,true,safety-plan; data-driven; planning
UNF-2532,T202729721 Delmar Complete Streets — SR 300 Town Center,"Lane reallocation, bicycle facilities, and pedestrian lighting on SR 300 through Delmar town center (FY27).",Sussex,SR 300,complete-streets,3720000,3268719,unfunded,construction-ready,86,auto; pedestrian; bicycle,2028,1,9,false,false,false,true,complete-streets; bike-ped; equity; safety
UNF-2533,T202229758 Milton Roundabout Conversion — US 113,Convert a high-crash US 113 intersection in Milton (MP 1.9) to a single-lane roundabout with pedestrian crossings.,Sussex,US 113,safety,13560000,10929454,partially-funded,final-design,72,auto; pedestrian,2029,6,29,true,true,true,false,roundabout; intersection; safety; pedestrian
UNF-2534,T202329795 I-295 Drainage and Flood Mitigation — Dover,Stormwater upgrades and roadway raising where I-295 MP 25.9 floods near Dover.,Kent,I-295,resilience,16970000,16455635,partially-funded,final-design,67,auto,2025,0,5,false,false,true,false,flood; drainage; resilience
UNF-2535,T202429832 Newport Shared-Use Path — SR 4 Southbound,Construct a shared-use path parallel to SR 4 MP 20.6 connecting neighborhoods and schools in Newport.,New Castle,SR 4,bike-ped,10040000,9809823,partially-funded,final-design,79,pedestrian; bicycle,2029,4,17,true,false,true,false,bicycle; pedestrian; trail; vru
UNF-2536,T202529869 SR 2 Intersection Safety Package — Christiana FY27,"Systemic safety package at SR 2 MP 33.0 serving Christiana: signal upgrades, left-turn protection, lighting, and pedestrian intervals.",New Castle,SR 2,safety,6640000,5302616,unfunded,row,36,auto; pedestrian,2029,5,22,true,false,false,true,intersection; signal; safety; pedestrian; high-crash
UNF-2537,T202629906 SR 20 Intersection Safety Package — Ocean View Southbound,"Systemic safety package at SR 20 MP 29.6 serving Ocean View: signal upgrades, left-turn protection, lighting, and pedestrian intervals.",Sussex,SR 20,safety,8050000,6539560,unfunded,planning,11,auto; pedestrian,2029,6,26,true,false,false,true,intersection; signal; safety; pedestrian; high-crash
UNF-2538,T202729943 US 113 Pavement Rehab — Greenville Southbound,Mill and overlay of deteriorated US 113 lanes through Greenville (MP 5.5) to restore ride quality. Limited safety or equity components.,New Castle,US 113,pavement,14930000,12962112,unfunded,construction-ready,94,auto,2027,1,12,false,true,false,false,pavement; preservation; state-of-good-repair
UNF-2539,T202229980 Claymont Adaptive Signal System — US 113,"Adaptive signal control, detection, and communications along US 113 MP 37.2 in Claymont.",New Castle,US 113,signals,2380000,2192302,unfunded,construction-ready,98,auto; transit,2029,1,13,false,false,false,false,signal; operations; congestion; safety
UNF-2540,T202330017 Bear Slope Stabilization — SR 404 MP 10.2,"Embankment repair, drainage, and slope stabilization on SR 404 near Bear after repeated washouts.",New Castle,SR 404,resilience,7920000,7397309,unfunded,row,46,auto,2029,0,9,false,true,false,false,slope; drainage; resilience; geotech
UNF-2541,T202430054 SR 10 ITS Camera and Fiber — Slaughter Beach FY27,"CCTV, fiber interconnect, and TMC integration on SR 10 MP 29.3 serving Slaughter Beach and Sussex County operations.",Sussex,SR 10,signals,2930000,2597822,unfunded,planning,18,auto,2029,1,4,false,false,true,false,its; operations; congestion; signal
UNF-2542,T202530091 US 40 Concrete Pavement Restoration — Dover,"Slab repair, diamond grinding, and joint resealing on US 40 MP 30.8 in Kent County near Dover.",Kent,US 40,pavement,22120000,18172296,unfunded,preliminary-design,22,auto,2025,1,9,false,false,true,false,pavement; concrete; preservation
UNF-2543,T202630128 SR 8 Bridge Culvert Replacement — Dagsboro,Replace a deteriorated culvert on SR 8 MP 4.9 near Dagsboro to restore hydraulic capacity and legal loads.,Sussex,SR 8,bridge,11520000,9772956,unfunded,row,42,auto; freight,2027,0,0,false,false,true,false,bridge; culvert; scour; state-of-good-repair
UNF-2544,T202730165 SR 299 Pavement Rehab — Selbyville FY27,Mill and overlay of deteriorated SR 299 lanes through Selbyville (MP 21.2) to restore ride quality. Limited safety or equity components.,Sussex,SR 299,pavement,17370000,16468070,unfunded,final-design,70,auto,2025,1,15,true,false,true,false,pavement; preservation; state-of-good-repair
UNF-2545,T202230202 Millsboro Truck Route Geometric Improvements — SR 30,Widen turning radii and upgrade shoulders for freight movements on SR 30 MP 6.2 near Millsboro.,Sussex,SR 30,freight,16170000,15503164,partially-funded,preliminary-design,23,freight; auto,2028,0,8,false,false,true,true,freight; geometry; shoulders
UNF-2546,T202330239 SR 896 Bridge Preservation — Edgemoor FY27,"Deck overlay, joint replacement, and scour countermeasures on the SR 896 bridge near Edgemoor (MP 34.5).",New Castle,SR 896,bridge,19610000,16575703,unfunded,final-design,63,auto; freight,2027,1,8,false,false,false,true,bridge; preservation; state-of-good-repair
UNF-2547,T202430276 Greenwood Sidewalk and Crossing Gap Closure — SR 30,"Fill sidewalk gaps and add high-visibility crossings along SR 30 MP 27.7 in Greenwood, with ADA curb ramps.",Sussex,SR 30,bike-ped,5200000,4578146,unfunded,construction-ready,94,pedestrian; bicycle,2027,6,37,true,true,false,true,pedestrian; ada; crossing; vru
UNF-2548,T202530313 Seaford Sidewalk and Crossing Gap Closure — SR 30,"Fill sidewalk gaps and add high-visibility crossings along SR 30 MP 13.2 in Seaford, with ADA curb ramps.",Sussex,SR 30,bike-ped,8470000,6720905,partially-funded,preliminary-design,20,pedestrian; bicycle,2025,1,14,false,true,true,false,pedestrian; ada; crossing; vru
UNF-2549,T202630350 SR 2 Pavement Rehab — Henlopen Acres Phase 2,Mill and overlay of deteriorated SR 2 lanes through Henlopen Acres (MP 25.2) to restore ride quality. Limited safety or equity components.,Sussex,SR 2,pavement,18250000,15550796,unfunded,row,35,auto,2027,0,8,false,false,true,false,pavement; preservation; state-of-good-repair
UNF-2550,T202730387 SR 4 Pavement Rehab — Fenwick Island Northbound,Mill and overlay of deteriorated SR 4 lanes through Fenwick Island (MP 28.8) to restore ride quality. Limited safety or equity components.,Sussex,SR 4,pavement,19810000,16785333,unfunded,row,53,auto,2029,0,12,false,true,true,true,pavement; preservation; state-of-good-repair
UNF-2551,T202230424 Port Penn Adaptive Signal System — SR 896,"Adaptive signal control, detection, and communications along SR 896 MP 23.5 in Port Penn.",New Castle,SR 896,signals,8500000,7187833,unfunded,row,55,auto; transit,2025,1,11,false,false,true,true,signal; operations; congestion; safety
UNF-2552,T202330461 SR 20 Concrete Pavement Restoration — Kirkwood,"Slab repair, diamond grinding, and joint resealing on SR 20 MP 23.9 in New Castle County near Kirkwood.",New Castle,SR 20,pavement,4540000,3697729,unfunded,row,35,auto,2027,1,8,false,false,false,false,pavement; concrete; preservation
UNF-2553,T202430498 SR 300 Freight Bottleneck Relief — Henlopen Acres,"Intersection capacity, turning-radius, and signal timing improvements for industrial freight on SR 300 MP 41.8 in Henlopen Acres.",Sussex,SR 300,freight,18360000,14948279,partially-funded,final-design,63,freight; auto,2026,0,11,false,true,true,false,freight; bottleneck; signal; reliability
UNF-2554,T202530535 Milford Sidewalk and Crossing Gap Closure — I-95,"Fill sidewalk gaps and add high-visibility crossings along I-95 MP 37.7 in Milford, with ADA curb ramps.",Kent,I-95,bike-ped,6330000,5534753,unfunded,construction-ready,88,pedestrian; bicycle,2025,2,12,true,true,true,false,pedestrian; ada; crossing; vru
UNF-2555,T202630572 SR 16 Intersection Safety Package — Gumboro Phase 2,"Systemic safety package at SR 16 MP 14.6 serving Gumboro: signal upgrades, left-turn protection, lighting, and pedestrian intervals.",Sussex,SR 16,safety,8930000,7318172,unfunded,preliminary-design,33,auto; pedestrian,2027,3,16,true,false,true,true,intersection; signal; safety; pedestrian; high-crash
UNF-2556,T202730609 Delaware City Sidewalk and Crossing Gap Closure — SR 54,"Fill sidewalk gaps and add high-visibility crossings along SR 54 MP 41.5 in Delaware City, with ADA curb ramps.",New Castle,SR 54,bike-ped,5300000,4242563,partially-funded,row,45,pedestrian; bicycle,2027,0,4,false,false,false,false,pedestrian; ada; crossing; vru
UNF-2557,T202230646 Smyrna Adaptive Signal System — I-495,"Adaptive signal control, detection, and communications along I-495 MP 15.7 in Smyrna.",Kent,I-495,signals,6380000,5230899,partially-funded,row,58,auto; transit,2028,0,2,false,true,true,true,signal; operations; congestion; safety
UNF-2558,T202330683 Ellendale Adaptive Signal System — US 40,"Adaptive signal control, detection, and communications along US 40 MP 24.6 in Ellendale.",Sussex,US 40,signals,2770000,2294120,unfunded,construction-ready,88,auto; transit,2025,0,10,false,true,true,false,signal; operations; congestion; safety
UNF-2559,T202430720 SR 52 Intersection Safety Package — Kirkwood Phase 2,"Systemic safety package at SR 52 MP 8.8 serving Kirkwood: signal upgrades, left-turn protection, lighting, and pedestrian intervals.",New Castle,SR 52,safety,3150000,2898591,unfunded,planning,19,auto; pedestrian,2029,1,11,false,false,false,false,intersection; signal; safety; pedestrian; high-crash
UNF-2560,T202530757 SR 72 Bridge Preservation — Slaughter Beach FY27,"Deck overlay, joint replacement, and scour countermeasures on the SR 72 bridge near Slaughter Beach (MP 37.2).",Sussex,SR 72,bridge,37630000,33003784,partially-funded,construction-ready,92,auto; freight,2026,1,4,false,true,true,false,bridge; preservation; state-of-good-repair
UNF-2561,T202630794 Milford Road Diet and Downtown Safety — US 202,"Road diet, on-street parking reconfiguration, ADA ramps, and pedestrian lighting in Milford along US 202.",Sussex,US 202,complete-streets,5620000,4605806,unfunded,preliminary-design,33,auto; pedestrian; bicycle,2028,1,15,true,true,false,false,road-diet; ada; downtown; complete-streets; safety
UNF-2562,T202730831 Slaughter Beach Truck Route Geometric Improvements — SR 141,Widen turning radii and upgrade shoulders for freight movements on SR 141 MP 23.4 near Slaughter Beach.,Sussex,SR 141,freight,16540000,14547004,unfunded,preliminary-design,31,freight; auto,2025,1,13,false,false,true,true,freight; geometry; shoulders
UNF-2563,T202230868 SR 26 Bridge Culvert Replacement — Odessa,Replace a deteriorated culvert on SR 26 MP 21.9 near Odessa to restore hydraulic capacity and legal loads.,New Castle,SR 26,bridge,7770000,6664165,unfunded,row,40,auto; freight,2029,0,6,false,true,false,false,bridge; culvert; scour; state-of-good-repair
UNF-2564,T202330905 SR 58 Guardrail and End Treatment Upgrade — Felton,Replace outdated guardrail and end treatments on SR 58 MP 14.0 near Felton to current MASH standards.,Kent,SR 58,safety,3950000,3151005,unfunded,planning,10,auto,2029,0,11,false,false,true,true,guardrail; safety; roadside; systemic
UNF-2565,T202430942 Bear Local Road Safety Plan,Data-driven local road safety plan for Bear identifying a high-injury network and proven countermeasures.,New Castle,SR 202,planning,1020000,797712,unfunded,construction-ready,91,auto; pedestrian,2025,0,10,false,true,false,false,safety-plan; data-driven; planning
UNF-2566,T202530979 US 301 Pavement Rehab — Elsmere Southbound,Mill and overlay of deteriorated US 301 lanes through Elsmere (MP 34.7) to restore ride quality. Limited safety or equity components.,New Castle,US 301,pavement,4090000,3312056,partially-funded,row,59,auto,2028,0,0,false,true,false,true,pavement; preservation; state-of-good-repair
UNF-2567,T202631016 Greenwood Road Diet and Downtown Safety — SR 9,"Road diet, on-street parking reconfiguration, ADA ramps, and pedestrian lighting in Greenwood along SR 9.",Sussex,SR 9,complete-streets,11380000,10608605,partially-funded,preliminary-design,33,auto; pedestrian; bicycle,2027,2,12,true,false,true,false,road-diet; ada; downtown; complete-streets; safety
UNF-2568,T202731053 Bridgeville Shared-Use Path — US 40 Southbound,Construct a shared-use path parallel to US 40 MP 11.1 connecting neighborhoods and schools in Bridgeville.,Sussex,US 40,bike-ped,3560000,3559123,partially-funded,preliminary-design,23,pedestrian; bicycle,2027,5,20,true,true,true,false,bicycle; pedestrian; trail; vru
UNF-2569,T202231090 Gumboro Complete Streets — SR 16 Town Center,"Lane reallocation, bicycle facilities, and pedestrian lighting on SR 16 through Gumboro town center (FY26).",Sussex,SR 16,complete-streets,9220000,7866343,unfunded,preliminary-design,31,auto; pedestrian; bicycle,2026,0,5,false,true,true,true,complete-streets; bike-ped; equity; safety
UNF-2570,T202331127 Hartly Shared-Use Path — SR 1 Northbound,Construct a shared-use path parallel to SR 1 MP 2.9 connecting neighborhoods and schools in Hartly.,Kent,SR 1,bike-ped,3130000,2468864,unfunded,row,53,pedestrian; bicycle,2029,4,23,true,true,true,false,bicycle; pedestrian; trail; vru
UNF-2571,T202431164 I-95 ITS Camera and Fiber — St. Georges Group B,"CCTV, fiber interconnect, and TMC integration on I-95 MP 10.2 serving St. Georges and New Castle County operations.",New Castle,I-95,signals,7110000,6475300,unfunded,preliminary-design,20,auto,2026,1,17,true,false,false,false,its; operations; congestion; signal
UNF-2572,T202531201 SR 71 Lane Departure Countermeasures — Christiana,"Rumble strips, high-friction surface treatment, and curve warning upgrades on SR 71 MP 5.8 near Christiana.",New Castle,SR 71,safety,3310000,2714779,unfunded,preliminary-design,28,auto,2028,3,12,true,true,false,false,lane-departure; rural; high-friction; systemic; safety
UNF-2573,T202631238 SR 30 Bridge Culvert Replacement — Woodside,Replace a deteriorated culvert on SR 30 MP 25.0 near Woodside to restore hydraulic capacity and legal loads.,Kent,SR 30,bridge,4600000,4467084,unfunded,final-design,77,auto; freight,2026,0,6,false,false,false,false,bridge; culvert; scour; state-of-good-repair
UNF-2574,T202731275 Sussex County Freight and Multimodal Plan Update,"Update the Sussex County freight and multimodal plan, including bottleneck screening on SR 300 and equity analysis.",Sussex,SR 300,planning,1700000,1475144,unfunded,final-design,64,auto; freight; transit,2026,0,2,false,false,true,false,planning; freight; multimodal; data-driven
UNF-2575,T202231312 SR 7 Intersection Safety Package — Bellefonte Northbound,"Systemic safety package at SR 7 MP 38.3 serving Bellefonte: signal upgrades, left-turn protection, lighting, and pedestrian intervals.",New Castle,SR 7,safety,15240000,11828414,unfunded,final-design,77,auto; pedestrian,2029,6,35,true,false,true,false,intersection; signal; safety; pedestrian; high-crash
UNF-2576,T202331349 Milton Adaptive Signal System — US 40,"Adaptive signal control, detection, and communications along US 40 MP 33.7 in Milton.",Sussex,US 40,signals,2450000,2221351,partially-funded,final-design,60,auto; transit,2027,0,10,false,true,true,false,signal; operations; congestion; safety
UNF-2577,T202431386 Harrington Shared-Use Path — SR 8 Group B,Construct a shared-use path parallel to SR 8 MP 33.1 connecting neighborhoods and schools in Harrington.,Kent,SR 8,bike-ped,3440000,3316758,partially-funded,final-design,64,pedestrian; bicycle,2029,4,19,true,true,false,false,bicycle; pedestrian; trail; vru
UNF-2578,T202531423 Rehoboth Beach DART Stop and Access Improvements — SR 896,"Accessible pads, shelters, lighting, and sidewalk connections to DART stops on SR 896 in Rehoboth Beach.",Sussex,SR 896,transit,3170000,2942386,unfunded,final-design,72,transit; pedestrian,2029,1,13,false,false,false,false,transit; equity; pedestrian; ada
UNF-2579,T202631460 Slaughter Beach Community Charging Hub — SR 14,Public DC fast charging adjacent to SR 14 serving Slaughter Beach residents without home charging.,Sussex,SR 14,ev-charging,2100000,2047910,partially-funded,row,48,auto,2025,0,11,false,false,true,false,ev; equity; community; charging
UNF-2580,T202731497 SR 52 Concrete Pavement Restoration — Slaughter Beach,"Slab repair, diamond grinding, and joint resealing on SR 52 MP 34.8 in Sussex County near Slaughter Beach.",Sussex,SR 52,pavement,27490000,26117889,unfunded,final-design,74,auto,2026,0,6,false,true,true,false,pavement; concrete; preservation
UNF-2581,T202231534 Viola Local Road Safety Plan,Data-driven local road safety plan for Viola identifying a high-injury network and proven countermeasures.,Kent,US 113,planning,1120000,1091241,unfunded,final-design,60,auto; pedestrian,2028,0,5,false,true,true,true,safety-plan; data-driven; planning
UNF-2582,T202331571 Rehoboth Beach Shared-Use Path — SR 36 Southbound,Construct a shared-use path parallel to SR 36 MP 43.2 connecting neighborhoods and schools in Rehoboth Beach.,Sussex,SR 36,bike-ped,6100000,5112758,unfunded,final-design,66,pedestrian; bicycle,2026,4,18,true,false,true,false,bicycle; pedestrian; trail; vru
UNF-2583,T202431608 Delmar Complete Streets — US 301 Town Center,"Lane reallocation, bicycle facilities, and pedestrian lighting on US 301 through Delmar town center (Phase 1).",Sussex,US 301,complete-streets,4270000,4001942,unfunded,preliminary-design,31,auto; pedestrian; bicycle,2026,3,22,true,false,true,false,complete-streets; bike-ped; equity; safety
UNF-2584,T202531645 Rehoboth Beach School Zone and Speed Management,"School-zone flashers, gateway treatments, and speed management on local streets feeding SR 10 in Rehoboth Beach.",Sussex,SR 10,safety,4470000,4135099,partially-funded,planning,10,auto; pedestrian,2027,0,10,false,false,true,false,safety; school; speed-management; lighting
UNF-2585,T202631682 I-295 Pavement Rehab — Harrington Phase 2,Mill and overlay of deteriorated I-295 lanes through Harrington (MP 9.6) to restore ride quality. Limited safety or equity components.,Kent,I-295,pavement,19730000,14880199,partially-funded,row,46,auto,2027,1,5,false,true,true,false,pavement; preservation; state-of-good-repair
UNF-2586,T202731719 SR 26 Drainage and Flood Mitigation — Little Creek,Stormwater upgrades and roadway raising where SR 26 MP 21.8 floods near Little Creek.,Kent,SR 26,resilience,11360000,9263635,partially-funded,planning,15,auto,2029,1,16,true,false,true,false,flood; drainage; resilience
UNF-2587,T202231756 SR 7 Concrete Pavement Restoration — Christiana,"Slab repair, diamond grinding, and joint resealing on SR 7 MP 10.2 in New Castle County near Christiana.",New Castle,SR 7,pavement,13260000,10580857,partially-funded,final-design,64,auto,2027,1,14,false,false,false,false,pavement; concrete; preservation
UNF-2588,T202331793 SR 273 Pavement Rehab — Smyrna Group A,Mill and overlay of deteriorated SR 273 lanes through Smyrna (MP 30.8) to restore ride quality. Limited safety or equity components.,Kent,SR 273,pavement,9220000,7507890,unfunded,row,35,auto,2026,1,13,false,true,true,true,pavement; preservation; state-of-good-repair
UNF-2589,T202431830 US 40 Lane Departure Countermeasures — Greenville,"Rumble strips, high-friction surface treatment, and curve warning upgrades on US 40 MP 35.6 near Greenville.",New Castle,US 40,safety,2700000,2432010,unfunded,construction-ready,94,auto,2029,4,26,true,false,false,false,lane-departure; rural; high-friction; systemic; safety
UNF-2590,T202531867 Georgetown Truck Route Geometric Improvements — SR 10,Widen turning radii and upgrade shoulders for freight movements on SR 10 MP 31.6 near Georgetown.,Sussex,SR 10,freight,12430000,11579801,unfunded,final-design,81,freight; auto,2025,0,4,false,true,true,false,freight; geometry; shoulders
UNF-2591,T202631904 US 301 Pavement Rehab — Greenville FY27,Mill and overlay of deteriorated US 301 lanes through Greenville (MP 28.3) to restore ride quality. Limited safety or equity components.,New Castle,US 301,pavement,14420000,12031479,partially-funded,row,37,auto,2029,0,9,false,false,false,false,pavement; preservation; state-of-good-repair
UNF-2592,T202731941 SR 896 Bridge Culvert Replacement — Houston,Replace a deteriorated culvert on SR 896 MP 38.3 near Houston to restore hydraulic capacity and legal loads.,Kent,SR 896,bridge,10930000,8820540,partially-funded,planning,12,auto; freight,2028,1,13,false,false,true,true,bridge; culvert; scour; state-of-good-repair
UNF-2593,T202231978 SR 26 Drainage and Flood Mitigation — Dover,Stormwater upgrades and roadway raising where SR 26 MP 12.8 floods near Dover.,Kent,SR 26,resilience,30600000,24442167,partially-funded,construction-ready,96,auto,2028,1,5,false,false,false,true,flood; drainage; resilience
UNF-2594,T202332015 US 202 Pavement Rehab — Bellefonte Phase 1,Mill and overlay of deteriorated US 202 lanes through Bellefonte (MP 8.7) to restore ride quality. Limited safety or equity components.,New Castle,US 202,pavement,21780000,16405038,unfunded,row,36,auto,2027,1,11,false,true,false,false,pavement; preservation; state-of-good-repair
UNF-2595,T202432052 US 202 Pavement Rehab — Rising Sun Group A,Mill and overlay of deteriorated US 202 lanes through Rising Sun (MP 8.0) to restore ride quality. Limited safety or equity components.,Kent,US 202,pavement,6890000,6393306,partially-funded,final-design,66,auto,2027,0,1,false,false,true,false,pavement; preservation; state-of-good-repair
UNF-2596,T202532089 SR 4 Drainage and Flood Mitigation — Greenwood,Stormwater upgrades and roadway raising where SR 4 MP 23.9 floods near Greenwood.,Sussex,SR 4,resilience,12310000,12093167,unfunded,final-design,77,auto,2028,0,5,false,false,true,true,flood; drainage; resilience
UNF-2597,T202632126 SR 30 Intersection Safety Package — Hartly Phase 2,"Systemic safety package at SR 30 MP 10.3 serving Hartly: signal upgrades, left-turn protection, lighting, and pedestrian intervals.",Kent,SR 30,safety,14790000,11654738,unfunded,row,54,auto; pedestrian,2027,6,28,true,true,true,false,intersection; signal; safety; pedestrian; high-crash
UNF-2598,T202732163 Glasgow Roundabout Conversion — I-95,Convert a high-crash I-95 intersection in Glasgow (MP 15.7) to a single-lane roundabout with pedestrian crossings.,New Castle,I-95,safety,5390000,4678240,unfunded,construction-ready,94,auto; pedestrian,2028,3,13,true,true,false,false,roundabout; intersection; safety; pedestrian
UNF-2599,T202232200 SR 92 Freight Bottleneck Relief — Wilmington,"Intersection capacity, turning-radius, and signal timing improvements for industrial freight on SR 92 MP 10.8 in Wilmington.",New Castle,SR 92,freight,7940000,7156478,unfunded,final-design,78,freight; auto,2025,1,13,false,false,true,true,freight; bottleneck; signal; reliability
UNF-2600,T202332237 SR 202 Freight Bottleneck Relief — Houston,"Intersection capacity, turning-radius, and signal timing improvements for industrial freight on SR 202 MP 8.1 in Houston.",Kent,SR 202,freight,11450000,11223503,unfunded,construction-ready,87,freight; auto,2028,1,15,true,true,true,false,freight; bottleneck; signal; reliability
UNF-2601,T202432274 Magnolia Shared-Use Path — SR 14 Phase 1,Construct a shared-use path parallel to SR 14 MP 36.4 connecting neighborhoods and schools in Magnolia.,Kent,SR 14,bike-ped,2680000,2131632,partially-funded,planning,7,pedestrian; bicycle,2026,4,22,true,true,true,false,bicycle; pedestrian; trail; vru
UNF-2602,T202532311 SR 72 ITS Camera and Fiber — Newport Phase 2,"CCTV, fiber interconnect, and TMC integration on SR 72 MP 15.0 serving Newport and New Castle County operations.",New Castle,SR 72,signals,3660000,3242403,unfunded,preliminary-design,22,auto,2028,0,10,false,false,false,false,its; operations; congestion; signal
UNF-2603,T202632348 Milford Truck Route Geometric Improvements — SR 48,Widen turning radii and upgrade shoulders for freight movements on SR 48 MP 28.8 near Milford.,Kent,SR 48,freight,7870000,6647134,unfunded,row,37,freight; auto,2027,0,13,false,true,true,false,freight; geometry; shoulders
UNF-2604,T202732385 SR 16 Drainage and Flood Mitigation — Arden,Stormwater upgrades and roadway raising where SR 16 MP 37.7 floods near Arden.,New Castle,SR 16,resilience,29430000,24627027,partially-funded,preliminary-design,22,auto,2025,1,8,false,false,false,true,flood; drainage; resilience
UNF-2605,T202232422 Bellefonte Road Diet and Downtown Safety — SR 58,"Road diet, on-street parking reconfiguration, ADA ramps, and pedestrian lighting in Bellefonte along SR 58.",New Castle,SR 58,complete-streets,7200000,6525853,unfunded,construction-ready,93,auto; pedestrian; bicycle,2025,2,17,true,false,false,false,road-diet; ada; downtown; complete-streets; safety
UNF-2606,T202332459 SR 48 Drainage and Flood Mitigation — Elsmere,Stormwater upgrades and roadway raising where SR 48 MP 9.3 floods near Elsmere.,New Castle,SR 48,resilience,8660000,7343689,unfunded,preliminary-design,30,auto,2027,1,14,false,false,false,false,flood; drainage; resilience
UNF-2607,T202432496 Camden School Zone and Speed Management,"School-zone flashers, gateway treatments, and speed management on local streets feeding SR 9 in Camden.",Kent,SR 9,safety,4610000,4581070,unfunded,planning,18,auto; pedestrian,2026,6,32,true,true,true,false,safety; school; speed-management; lighting
UNF-2608,T202532533 DE 1 Bridge Preservation — Port Penn Group A,"Deck overlay, joint replacement, and scour countermeasures on the DE 1 bridge near Port Penn (MP 37.9).",New Castle,DE 1,bridge,15000000,12757014,unfunded,row,52,auto; freight,2027,0,12,false,true,false,true,bridge; preservation; state-of-good-repair
UNF-2609,T202632570 Harrington Truck Route Geometric Improvements — SR 299,Widen turning radii and upgrade shoulders for freight movements on SR 299 MP 5.1 near Harrington.,Kent,SR 299,freight,7120000,5764244,unfunded,row,38,freight; auto,2028,1,9,false,false,false,false,freight; geometry; shoulders
UNF-2610,T202732607 Bellefonte School Zone and Speed Management,"School-zone flashers, gateway treatments, and speed management on local streets feeding SR 9 in Bellefonte.",New Castle,SR 9,safety,3010000,2771715,unfunded,preliminary-design,29,auto; pedestrian,2027,6,27,true,false,false,false,safety; school; speed-management; lighting
UNF-2611,T202232644 SR 404 Freight Bottleneck Relief — Arden,"Intersection capacity, turning-radius, and signal timing improvements for industrial freight on SR 404 MP 39.9 in Arden.",New Castle,SR 404,freight,22420000,20024775,unfunded,final-design,78,freight; auto,2026,0,13,false,true,false,true,freight; bottleneck; signal; reliability
UNF-2612,T202332681 SR 72 Bridge Preservation — Cheswold Northbound,"Deck overlay, joint replacement, and scour countermeasures on the SR 72 bridge near Cheswold (MP 25.7).",Kent,SR 72,bridge,4710000,3889544,unfunded,preliminary-design,22,auto; freight,2025,0,9,false,true,true,false,bridge; preservation; state-of-good-repair
UNF-2613,T202432718 Newport Local Road Safety Plan,Data-driven local road safety plan for Newport identifying a high-injury network and proven countermeasures.,New Castle,SR 896,planning,510000,488902,unfunded,row,39,auto; pedestrian,2027,0,7,false,true,false,false,safety-plan; data-driven; planning
UNF-2614,T202532755 SR 24 Bridge Culvert Replacement — Pike Creek,Replace a deteriorated culvert on SR 24 MP 4.6 near Pike Creek to restore hydraulic capacity and legal loads.,New Castle,SR 24,bridge,3900000,3542350,unfunded,construction-ready,92,auto; freight,2029,1,8,false,true,false,true,bridge; culvert; scour; state-of-good-repair
UNF-2615,T202632792 SR 20 Lane Departure Countermeasures — Frederica,"Rumble strips, high-friction surface treatment, and curve warning upgrades on SR 20 MP 25.1 near Frederica.",Kent,SR 20,safety,9240000,7293922,unfunded,construction-ready,86,auto,2029,3,21,true,false,true,false,lane-departure; rural; high-friction; systemic; safety
UNF-2616,T202732829 US 13 Bridge Preservation — Edgemoor Southbound,"Deck overlay, joint replacement, and scour countermeasures on the US 13 bridge near Edgemoor (MP 3.3).",New Castle,US 13,bridge,26390000,25290873,unfunded,construction-ready,88,auto; freight,2028,1,8,false,true,false,false,bridge; preservation; state-of-good-repair
UNF-2617,T202232866 Glasgow Road Diet and Downtown Safety — SR 202,"Road diet, on-street parking reconfiguration, ADA ramps, and pedestrian lighting in Glasgow along SR 202.",New Castle,SR 202,complete-streets,10450000,8933336,unfunded,row,45,auto; pedestrian; bicycle,2028,0,6,false,false,true,false,road-diet; ada; downtown; complete-streets; safety
UNF-2618,T202332903 SR 36 Guardrail and End Treatment Upgrade — Bowers,Replace outdated guardrail and end treatments on SR 36 MP 15.0 near Bowers to current MASH standards.,Kent,SR 36,safety,2450000,2223849,unfunded,final-design,61,auto,2025,3,25,true,true,true,true,guardrail; safety; roadside; systemic
UNF-2619,T202432940 SR 58 Drainage and Flood Mitigation — Fenwick Island,Stormwater upgrades and roadway raising where SR 58 MP 40.7 floods near Fenwick Island.,Sussex,SR 58,resilience,5800000,5057325,unfunded,row,59,auto,2029,0,7,false,false,false,false,flood; drainage; resilience
UNF-2620,T202532977 Leipsic School Zone and Speed Management,"School-zone flashers, gateway treatments, and speed management on local streets feeding SR 2 in Leipsic.",Kent,SR 2,safety,4500000,4163498,unfunded,preliminary-design,20,auto; pedestrian,2026,5,26,true,true,false,true,safety; school; speed-management; lighting
UNF-2621,T202633014 SR 72 Intersection Safety Package — Fenwick Island Northbound,"Systemic safety package at SR 72 MP 1.6 serving Fenwick Island: signal upgrades, left-turn protection, lighting, and pedestrian intervals.",Sussex,SR 72,safety,14810000,12670486,unfunded,construction-ready,93,auto; pedestrian,2025,1,13,false,false,true,true,intersection; signal; safety; pedestrian; high-crash
UNF-2622,T202733051 SR 24 Intersection Safety Package — Hartly Northbound,"Systemic safety package at SR 24 MP 2.5 serving Hartly: signal upgrades, left-turn protection, lighting, and pedestrian intervals.",Kent,SR 24,safety,11460000,11297900,unfunded,preliminary-design,34,auto; pedestrian,2025,2,14,true,false,false,false,intersection; signal; safety; pedestrian; high-crash
UNF-2623,T202233088 Dover Sidewalk and Crossing Gap Closure — SR 52,"Fill sidewalk gaps and add high-visibility crossings along SR 52 MP 34.5 in Dover, with ADA curb ramps.",Kent,SR 52,bike-ped,1490000,1126592,unfunded,preliminary-design,21,pedestrian; bicycle,2028,2,17,true,true,true,true,pedestrian; ada; crossing; vru
UNF-2624,T202333125 Hockessin Adaptive Signal System — SR 52,"Adaptive signal control, detection, and communications along SR 52 MP 35.7 in Hockessin.",New Castle,SR 52,signals,2410000,2296392,unfunded,final-design,69,auto; transit,2029,0,13,false,false,false,false,signal; operations; congestion; safety
UNF-2625,T202433162 Gumboro School Zone and Speed Management,"School-zone flashers, gateway treatments, and speed management on local streets feeding SR 1 in Gumboro.",Sussex,SR 1,safety,4450000,4129573,unfunded,preliminary-design,31,auto; pedestrian,2026,5,24,true,false,false,false,safety; school; speed-management; lighting
UNF-2626,T202533199 SR 92 Intersection Safety Package — Magnolia FY27,"Systemic safety package at SR 92 MP 4.2 serving Magnolia: signal upgrades, left-turn protection, lighting, and pedestrian intervals.",Kent,SR 92,safety,8590000,7345639,unfunded,planning,14,auto; pedestrian,2029,0,7,false,false,true,false,intersection; signal; safety; pedestrian; high-crash
UNF-2627,T202633236 Dover Truck Route Geometric Improvements — SR 8,Widen turning radii and upgrade shoulders for freight movements on SR 8 MP 30.0 near Dover.,Kent,SR 8,freight,9050000,8066608,unfunded,final-design,68,freight; auto,2026,0,9,false,true,true,false,freight; geometry; shoulders
UNF-2628,T202733273 Gumboro DART Stop and Access Improvements — SR 48,"Accessible pads, shelters, lighting, and sidewalk connections to DART stops on SR 48 in Gumboro.",Sussex,SR 48,transit,4390000,3572683,unfunded,preliminary-design,25,transit; pedestrian,2029,1,4,false,false,false,true,transit; equity; pedestrian; ada
UNF-2629,T202233310 Ocean View School Zone and Speed Management,"School-zone flashers, gateway treatments, and speed management on local streets feeding I-295 in Ocean View.",Sussex,I-295,safety,1180000,1068076,unfunded,final-design,79,auto; pedestrian,2029,5,20,true,true,true,false,safety; school; speed-management; lighting
UNF-2630,T202333347 SR 4 Pavement Rehab — Christiana Phase 1,Mill and overlay of deteriorated SR 4 lanes through Christiana (MP 32.6) to restore ride quality. Limited safety or equity components.,New Castle,SR 4,pavement,20840000,17068787,unfunded,construction-ready,91,auto,2025,0,11,false,false,false,false,pavement; preservation; state-of-good-repair
UNF-2631,T202433384 SR 24 Concrete Pavement Restoration — Georgetown,"Slab repair, diamond grinding, and joint resealing on SR 24 MP 15.3 in Sussex County near Georgetown.",Sussex,SR 24,pavement,25230000,21900330,unfunded,construction-ready,94,auto,2025,0,9,false,true,true,false,pavement; concrete; preservation
UNF-2632,T202533421 Little Creek Sidewalk and Crossing Gap Closure — SR 71,"Fill sidewalk gaps and add high-visibility crossings along SR 71 MP 7.0 in Little Creek, with ADA curb ramps.",Kent,SR 71,bike-ped,5830000,4461450,unfunded,row,42,pedestrian; bicycle,2025,1,5,false,true,true,false,pedestrian; ada; crossing; vru
UNF-2633,T202633458 Sussex County Freight and Multimodal Plan Update,"Update the Sussex County freight and multimodal plan, including bottleneck screening on SR 299 and equity analysis.",Sussex,SR 299,planning,1490000,1146883,unfunded,construction-ready,92,auto; freight; transit,2029,0,8,false,true,true,false,planning; freight; multimodal; data-driven
UNF-2634,T202733495 Odessa Roundabout Conversion — SR 58,Convert a high-crash SR 58 intersection in Odessa (MP 15.4) to a single-lane roundabout with pedestrian crossings.,New Castle,SR 58,safety,12820000,11723902,unfunded,final-design,71,auto; pedestrian,2026,3,22,true,true,false,true,roundabout; intersection; safety; pedestrian
UNF-2635,T202233532 SR 7 Bridge Culvert Replacement — Odessa,Replace a deteriorated culvert on SR 7 MP 26.9 near Odessa to restore hydraulic capacity and legal loads.,New Castle,SR 7,bridge,2230000,1731813,unfunded,row,52,auto; freight,2029,1,16,true,false,false,false,bridge; culvert; scour; state-of-good-repair
UNF-2636,T202333569 Delmar Adaptive Signal System — SR 42,"Adaptive signal control, detection, and communications along SR 42 MP 36.5 in Delmar.",Sussex,SR 42,signals,3120000,2546420,unfunded,final-design,64,auto; transit,2025,0,8,false,false,false,false,signal; operations; congestion; safety
UNF-2637,T202433606 SR 141 Drainage and Flood Mitigation — Blades,Stormwater upgrades and roadway raising where SR 141 MP 15.7 floods near Blades.,Sussex,SR 141,resilience,26060000,21444156,partially-funded,final-design,62,auto,2027,0,2,false,false,false,true,flood; drainage; resilience
UNF-2638,T202533643 Selbyville Shared-Use Path — SR 82 FY26,Construct a shared-use path parallel to SR 82 MP 13.1 connecting neighborhoods and schools in Selbyville.,Sussex,SR 82,bike-ped,7820000,6494103,unfunded,final-design,74,pedestrian; bicycle,2029,2,16,true,true,false,false,bicycle; pedestrian; trail; vru
UNF-2639,T202633680 Newport Truck Route Geometric Improvements — SR 48,Widen turning radii and upgrade shoulders for freight movements on SR 48 MP 10.7 near Newport.,New Castle,SR 48,freight,15420000,13733578,unfunded,final-design,60,freight; auto,2029,0,0,false,false,false,false,freight; geometry; shoulders
UNF-2640,T202733717 Harrington Complete Streets — US 301 Town Center,"Lane reallocation, bicycle facilities, and pedestrian lighting on US 301 through Harrington town center (Group A).",Kent,US 301,complete-streets,10280000,8107830,unfunded,final-design,84,auto; pedestrian; bicycle,2027,3,24,true,false,true,true,complete-streets; bike-ped; equity; safety
UNF-2641,T202233754 Pike Creek Community Charging Hub — SR 36,Public DC fast charging adjacent to SR 36 serving Pike Creek residents without home charging.,New Castle,SR 36,ev-charging,3080000,2537665,unfunded,construction-ready,98,auto,2025,1,13,false,false,false,false,ev; equity; community; charging
UNF-2642,T202333791 Houston Slope Stabilization — SR 9 MP 6.7,"Embankment repair, drainage, and slope stabilization on SR 9 near Houston after repeated washouts.",Kent,SR 9,resilience,5550000,5091072,partially-funded,row,42,auto,2029,1,5,false,false,true,false,slope; drainage; resilience; geotech
UNF-2643,T202433828 SR 92 Freight Bottleneck Relief — Smyrna,"Intersection capacity, turning-radius, and signal timing improvements for industrial freight on SR 92 MP 16.5 in Smyrna.",Kent,SR 92,freight,21360000,18968514,unfunded,construction-ready,88,freight; auto,2025,0,0,false,false,false,true,freight; bottleneck; signal; reliability
UNF-2644,T202533865 SR 52 Bridge Preservation — Edgemoor Northbound,"Deck overlay, joint replacement, and scour countermeasures on the SR 52 bridge near Edgemoor (MP 33.0).",New Castle,SR 52,bridge,12620000,12476220,unfunded,row,45,auto; freight,2025,0,5,false,true,false,false,bridge; preservation; state-of-good-repair
UNF-2645,T202633902 SR 72 Concrete Pavement Restoration — Lewes,"Slab repair, diamond grinding, and joint resealing on SR 72 MP 4.6 in Sussex County near Lewes.",Sussex,SR 72,pavement,14820000,14598089,unfunded,preliminary-design,20,auto,2028,1,15,true,false,true,true,pavement; concrete; preservation
UNF-2646,T202733939 US 13 Drainage and Flood Mitigation — Millville,Stormwater upgrades and roadway raising where US 13 MP 3.5 floods near Millville.,Sussex,US 13,resilience,19280000,16512456,unfunded,construction-ready,85,auto,2027,0,4,false,true,true,false,flood; drainage; resilience
UNF-2647,T202233976 Slaughter Beach DART Stop and Access Improvements — SR 71,"Accessible pads, shelters, lighting, and sidewalk connections to DART stops on SR 71 in Slaughter Beach.",Sussex,SR 71,transit,6490000,5498386,unfunded,construction-ready,95,transit; pedestrian,2026,0,8,false,false,false,false,transit; equity; pedestrian; ada
UNF-2648,T202334013 Bellefonte Sidewalk and Crossing Gap Closure — I-295,"Fill sidewalk gaps and add high-visibility crossings along I-295 MP 24.7 in Bellefonte, with ADA curb ramps.",New Castle,I-295,bike-ped,1750000,1521883,partially-funded,row,49,pedestrian; bicycle,2027,1,16,true,true,false,false,pedestrian; ada; crossing; vru
UNF-2649,T202434050 SR 58 Freight Bottleneck Relief — New Castle,"Intersection capacity, turning-radius, and signal timing improvements for industrial freight on SR 58 MP 13.8 in New Castle.",New Castle,SR 58,freight,17030000,15592599,unfunded,preliminary-design,25,freight; auto,2027,1,6,false,false,false,false,freight; bottleneck; signal; reliability
UNF-2650,T202534087 SR 18 Lane Departure Countermeasures — Bellefonte,"Rumble strips, high-friction surface treatment, and curve warning upgrades on SR 18 MP 20.1 near Bellefonte.",New Castle,SR 18,safety,1910000,1697952,unfunded,final-design,83,auto,2025,5,31,true,false,false,false,lane-departure; rural; high-friction; systemic; safety
UNF-2651,T202634124 SR 4 Lane Departure Countermeasures — Frankford,"Rumble strips, high-friction surface treatment, and curve warning upgrades on SR 4 MP 18.7 near Frankford.",Sussex,SR 4,safety,9390000,7241527,partially-funded,row,49,auto,2025,6,29,true,false,true,false,lane-departure; rural; high-friction; systemic; safety
UNF-2652,T202734161 SR 14 Pavement Rehab — Bethany Beach FY27,Mill and overlay of deteriorated SR 14 lanes through Bethany Beach (MP 43.8) to restore ride quality. Limited safety or equity components.,Sussex,SR 14,pavement,5280000,5158979,unfunded,preliminary-design,22,auto,2027,1,12,false,true,true,true,pavement; preservation; state-of-good-repair
UNF-2653,T202234198 I-495 ITS Camera and Fiber — Long Neck FY27,"CCTV, fiber interconnect, and TMC integration on I-495 MP 3.2 serving Long Neck and Sussex County operations.",Sussex,I-495,signals,3340000,3236347,unfunded,construction-ready,88,auto,2027,1,12,false,true,false,false,its; operations; congestion; signal
UNF-2654,T202334235 SR 24 Pavement Rehab — Glasgow Group A,Mill and overlay of deteriorated SR 24 lanes through Glasgow (MP 19.0) to restore ride quality. Limited safety or equity components.,New Castle,SR 24,pavement,9270000,8732655,unfunded,row,59,auto,2027,1,9,false,false,false,false,pavement; preservation; state-of-good-repair
UNF-2655,T202434272 Laurel DART Stop and Access Improvements — SR 299,"Accessible pads, shelters, lighting, and sidewalk connections to DART stops on SR 299 in Laurel.",Sussex,SR 299,transit,3300000,2618510,unfunded,row,37,transit; pedestrian,2028,1,14,false,false,true,true,transit; equity; pedestrian; ada
UNF-2656,T202534309 Harrington Local Road Safety Plan,Data-driven local road safety plan for Harrington identifying a high-injury network and proven countermeasures.,Kent,I-495,planning,770000,674505,unfunded,row,50,auto; pedestrian,2027,1,6,false,true,false,false,safety-plan; data-driven; planning
UNF-2657,T202634346 SR 8 Lane Departure Countermeasures — Claymont,"Rumble strips, high-friction surface treatment, and curve warning upgrades on SR 8 MP 1.3 near Claymont.",New Castle,SR 8,safety,1850000,1649798,unfunded,construction-ready,88,auto,2027,5,32,true,true,false,false,lane-departure; rural; high-friction; systemic; safety
UNF-2658,T202734383 US 113 Bridge Preservation — Stanton FY27,"Deck overlay, joint replacement, and scour countermeasures on the US 113 bridge near Stanton (MP 8.8).",New Castle,US 113,bridge,17140000,13380603,unfunded,construction-ready,99,auto; freight,2029,1,6,false,true,false,false,bridge; preservation; state-of-good-repair
UNF-2659,T202234420 Arden Adaptive Signal System — I-295,"Adaptive signal control, detection, and communications along I-295 MP 41.2 in Arden.",New Castle,I-295,signals,4700000,4582960,unfunded,final-design,84,auto; transit,2027,0,9,false,false,false,false,signal; operations; congestion; safety
UNF-2660,T202334457 I-495 ITS Camera and Fiber — Ellendale Phase 1,"CCTV, fiber interconnect, and TMC integration on I-495 MP 25.5 serving Ellendale and Sussex County operations.",Sussex,I-495,signals,2380000,1967148,unfunded,row,41,auto,2028,0,0,false,false,true,false,its; operations; congestion; signal
UNF-2661,T202434494 Rehoboth Beach Community Charging Hub — SR 24,Public DC fast charging adjacent to SR 24 serving Rehoboth Beach residents without home charging.,Sussex,SR 24,ev-charging,3580000,3200577,unfunded,planning,10,auto,2027,0,7,false,true,false,false,ev; equity; community; charging
UNF-2662,T202534531 Wilmington Roundabout Conversion — SR 9,Convert a high-crash SR 9 intersection in Wilmington (MP 6.5) to a single-lane roundabout with pedestrian crossings.,New Castle,SR 9,safety,6660000,6473308,unfunded,planning,16,auto; pedestrian,2025,0,1,false,false,true,false,roundabout; intersection; safety; pedestrian
UNF-2663,T202634568 US 40 Intersection Safety Package — Newark Phase 2,"Systemic safety package at US 40 MP 8.2 serving Newark: signal upgrades, left-turn protection, lighting, and pedestrian intervals.",New Castle,US 40,safety,7210000,6958843,unfunded,preliminary-design,32,auto; pedestrian,2026,5,26,true,true,false,false,intersection; signal; safety; pedestrian; high-crash
UNF-2664,T202734605 Slaughter Beach Road Diet and Downtown Safety — SR 10,"Road diet, on-street parking reconfiguration, ADA ramps, and pedestrian lighting in Slaughter Beach along SR 10.",Sussex,SR 10,complete-streets,8230000,7815035,unfunded,final-design,79,auto; pedestrian; bicycle,2028,1,15,true,false,true,false,road-diet; ada; downtown; complete-streets; safety
UNF-2665,T202234642 St. Georges Shared-Use Path — SR 54 Group A,Construct a shared-use path parallel to SR 54 MP 19.2 connecting neighborhoods and schools in St. Georges.,New Castle,SR 54,bike-ped,3830000,3724227,unfunded,final-design,70,pedestrian; bicycle,2028,4,17,true,false,false,true,bicycle; pedestrian; trail; vru
UNF-2666,T202334679 SR 273 Lane Departure Countermeasures — Bellefonte,"Rumble strips, high-friction surface treatment, and curve warning upgrades on SR 273 MP 12.0 near Bellefonte.",New Castle,SR 273,safety,3340000,2640624,unfunded,row,44,auto,2026,0,9,false,false,true,true,lane-departure; rural; high-friction; systemic; safety
UNF-2667,T202434716 Slaughter Beach Complete Streets — SR 52 Town Center,"Lane reallocation, bicycle facilities, and pedestrian lighting on SR 52 through Slaughter Beach town center (Southbound).",Sussex,SR 52,complete-streets,10430000,10247010,unfunded,row,38,auto; pedestrian; bicycle,2029,0,10,false,false,true,true,complete-streets; bike-ped; equity; safety
UNF-2668,T202534753 SR 92 Bridge Culvert Replacement — Greenville,Replace a deteriorated culvert on SR 92 MP 7.1 near Greenville to restore hydraulic capacity and legal loads.,New Castle,SR 92,bridge,9170000,7890861,unfunded,construction-ready,91,auto; freight,2025,0,3,false,false,false,true,bridge; culvert; scour; state-of-good-repair
UNF-2669,T202634790 SR 42 Pavement Rehab — Henlopen Acres Phase 1,Mill and overlay of deteriorated SR 42 lanes through Henlopen Acres (MP 13.4) to restore ride quality. Limited safety or equity components.,Sussex,SR 42,pavement,8420000,7586084,unfunded,final-design,64,auto,2028,1,7,false,true,false,false,pavement; preservation; state-of-good-repair
UNF-2670,T202734827 SR 9 Drainage and Flood Mitigation — Claymont,Stormwater upgrades and roadway raising where SR 9 MP 41.8 floods near Claymont.,New Castle,SR 9,resilience,18730000,18607842,partially-funded,construction-ready,88,auto,2025,1,10,false,true,false,false,flood; drainage; resilience
UNF-2671,T202234864 Greenwood Community Charging Hub — I-295,Public DC fast charging adjacent to I-295 serving Greenwood residents without home charging.,Sussex,I-295,ev-charging,960000,923905,partially-funded,construction-ready,89,auto,2025,0,13,false,false,true,false,ev; equity; community; charging
UNF-2672,T202334901 Stanton Slope Stabilization — SR 54 MP 10.0,"Embankment repair, drainage, and slope stabilization on SR 54 near Stanton after repeated washouts.",New Castle,SR 54,resilience,10530000,9975024,unfunded,final-design,72,auto,2027,0,3,false,false,false,false,slope; drainage; resilience; geotech
UNF-2673,T202434938 Bellefonte Sidewalk and Crossing Gap Closure — SR 300,"Fill sidewalk gaps and add high-visibility crossings along SR 300 MP 32.3 in Bellefonte, with ADA curb ramps.",New Castle,SR 300,bike-ped,1450000,1220646,unfunded,planning,11,pedestrian; bicycle,2026,0,6,false,false,true,false,pedestrian; ada; crossing; vru
UNF-2674,T202534975 Harrington Sidewalk and Crossing Gap Closure — I-295,"Fill sidewalk gaps and add high-visibility crossings along I-295 MP 11.8 in Harrington, with ADA curb ramps.",Kent,I-295,bike-ped,6280000,5460366,partially-funded,final-design,64,pedestrian; bicycle,2027,6,26,true,true,false,false,pedestrian; ada; crossing; vru
UNF-2675,T202635012 Woodside Shared-Use Path — I-495 Phase 1,Construct a shared-use path parallel to I-495 MP 39.4 connecting neighborhoods and schools in Woodside.,Kent,I-495,bike-ped,4270000,3875584,unfunded,construction-ready,96,pedestrian; bicycle,2025,2,17,true,false,false,false,bicycle; pedestrian; trail; vru
UNF-2676,T202735049 Newark Sidewalk and Crossing Gap Closure — SR 16,"Fill sidewalk gaps and add high-visibility crossings along SR 16 MP 9.8 in Newark, with ADA curb ramps.",New Castle,SR 16,bike-ped,7350000,6649011,unfunded,row,50,pedestrian; bicycle,2027,3,25,true,false,false,false,pedestrian; ada; crossing; vru
UNF-2677,T202235086 Lincoln School Zone and Speed Management,"School-zone flashers, gateway treatments, and speed management on local streets feeding SR 24 in Lincoln.",Sussex,SR 24,safety,5480000,4974489,unfunded,final-design,73,auto; pedestrian,2029,1,12,false,false,true,true,safety; school; speed-management; lighting
UNF-2678,T202335123 Red Lion Adaptive Signal System — US 113,"Adaptive signal control, detection, and communications along US 113 MP 32.0 in Red Lion.",New Castle,US 113,signals,4680000,4213949,unfunded,final-design,68,auto; transit,2026,0,5,false,false,true,false,signal; operations; congestion; safety
UNF-2679,T202435160 SR 404 Lane Departure Countermeasures — Slaughter Beach,"Rumble strips, high-friction surface treatment, and curve warning upgrades on SR 404 MP 7.1 near Slaughter Beach.",Sussex,SR 404,safety,2450000,2129480,unfunded,preliminary-design,26,auto,2029,5,33,true,true,true,false,lane-departure; rural; high-friction; systemic; safety
UNF-2680,T202535197 US 113 Bridge Preservation — Lewes Phase 1,"Deck overlay, joint replacement, and scour countermeasures on the US 113 bridge near Lewes (MP 32.2).",Sussex,US 113,bridge,13960000,12038283,unfunded,preliminary-design,32,auto; freight,2028,0,0,false,false,true,true,bridge; preservation; state-of-good-repair
UNF-2681,T202635234 Elsmere Complete Streets — SR 72 Town Center,"Lane reallocation, bicycle facilities, and pedestrian lighting on SR 72 through Elsmere town center (Phase 2).",New Castle,SR 72,complete-streets,7820000,7744087,partially-funded,construction-ready,99,auto; pedestrian; bicycle,2029,3,14,true,true,false,false,complete-streets; bike-ped; equity; safety
UNF-2682,T202735271 I-95 Intersection Safety Package — Bridgeville Northbound,"Systemic safety package at I-95 MP 25.2 serving Bridgeville: signal upgrades, left-turn protection, lighting, and pedestrian intervals.",Sussex,I-95,safety,14880000,14286560,unfunded,construction-ready,96,auto; pedestrian,2025,4,26,true,false,false,true,intersection; signal; safety; pedestrian; high-crash
UNF-2683,T202235308 Felton School Zone and Speed Management,"School-zone flashers, gateway treatments, and speed management on local streets feeding US 113 in Felton.",Kent,US 113,safety,2810000,2279361,unfunded,preliminary-design,28,auto; pedestrian,2029,1,10,false,true,true,false,safety; school; speed-management; lighting
UNF-2684,T202335345 US 301 Pavement Rehab — Henlopen Acres Southbound,Mill and overlay of deteriorated US 301 lanes through Henlopen Acres (MP 42.3) to restore ride quality. Limited safety or equity components.,Sussex,US 301,pavement,9200000,8611862,unfunded,planning,14,auto,2027,0,5,false,false,true,false,pavement; preservation; state-of-good-repair
UNF-2685,T202435382 SR 4 Bridge Preservation — St. Georges Group B,"Deck overlay, joint replacement, and scour countermeasures on the SR 4 bridge near St. Georges (MP 16.3).",New Castle,SR 4,bridge,33020000,28387573,unfunded,construction-ready,86,auto; freight,2028,1,4,false,false,false,false,bridge; preservation; state-of-good-repair
UNF-2686,T202535419 SR 141 Concrete Pavement Restoration — Bridgeville,"Slab repair, diamond grinding, and joint resealing on SR 141 MP 21.9 in Sussex County near Bridgeville.",Sussex,SR 141,pavement,18450000,14057286,unfunded,construction-ready,92,auto,2027,1,4,false,true,true,false,pavement; concrete; preservation
UNF-2687,T202635456 SR 82 Guardrail and End Treatment Upgrade — Harrington,Replace outdated guardrail and end treatments on SR 82 MP 3.1 near Harrington to current MASH standards.,Kent,SR 82,safety,2490000,1892817,unfunded,preliminary-design,20,auto,2029,2,17,true,true,true,false,guardrail; safety; roadside; systemic
UNF-2688,T202735493 Clayton Local Road Safety Plan,Data-driven local road safety plan for Clayton identifying a high-injury network and proven countermeasures.,Kent,US 202,planning,870000,814946,partially-funded,final-design,76,auto; pedestrian,2028,1,7,false,true,true,false,safety-plan; data-driven; planning
UNF-2689,T202235530 Selbyville DART Stop and Access Improvements — SR 896,"Accessible pads, shelters, lighting, and sidewalk connections to DART stops on SR 896 in Selbyville.",Sussex,SR 896,transit,5830000,5319070,unfunded,preliminary-design,20,transit; pedestrian,2026,1,5,false,false,true,false,transit; equity; pedestrian; ada
UNF-2690,T202335567 SR 18 Freight Bottleneck Relief — Bethany Beach,"Intersection capacity, turning-radius, and signal timing improvements for industrial freight on SR 18 MP 21.6 in Bethany Beach.",Sussex,SR 18,freight,25170000,23147786,unfunded,preliminary-design,25,freight; auto,2027,0,12,false,false,false,false,freight; bottleneck; signal; reliability
UNF-2691,T202435604 Clayton School Zone and Speed Management,"School-zone flashers, gateway treatments, and speed management on local streets feeding DE 1 in Clayton.",Kent,DE 1,safety,1410000,1348011,unfunded,construction-ready,92,auto; pedestrian,2027,6,36,true,false,true,false,safety; school; speed-management; lighting
UNF-2692,T202535641 DART Bus Fleet Replacement — Camden-Wyoming Division,"Replace diesel buses with low- and no-emission transit buses and related equipment at the DART Camden-Wyoming division, including depot charging.",Kent,US 113,transit,20370000,18457693,unfunded,preliminary-design,21,transit,2027,1,16,true,false,true,false,transit; bus-fleet; low-no; zero-emission; garage
UNF-2693,T202635678 SR 58 Intersection Safety Package — Port Penn Southbound,"Systemic safety package at SR 58 MP 44.3 serving Port Penn: signal upgrades, left-turn protection, lighting, and pedestrian intervals.",New Castle,SR 58,safety,8180000,6436110,unfunded,final-design,60,auto; pedestrian,2028,4,22,true,false,false,true,intersection; signal; safety; pedestrian; high-crash
UNF-2694,T202735715 SR 52 Bridge Preservation — Kenton FY26,"Deck overlay, joint replacement, and scour countermeasures on the SR 52 bridge near Kenton (MP 9.9).",Kent,SR 52,bridge,17020000,14124866,unfunded,planning,10,auto; freight,2029,1,16,true,false,true,true,bridge; preservation; state-of-good-repair
UNF-2695,T202235752 SR 18 Bridge Culvert Replacement — Hartly,Replace a deteriorated culvert on SR 18 MP 31.2 near Hartly to restore hydraulic capacity and legal loads.,Kent,SR 18,bridge,1900000,1826511,partially-funded,row,45,auto; freight,2028,0,7,false,true,false,false,bridge; culvert; scour; state-of-good-repair
UNF-2696,T202335789 Rising Sun School Zone and Speed Management,"School-zone flashers, gateway treatments, and speed management on local streets feeding I-495 in Rising Sun.",Kent,I-495,safety,2860000,2847141,unfunded,final-design,76,auto; pedestrian,2027,5,29,true,true,false,false,safety; school; speed-management; lighting
UNF-2697,T202435826 SR 92 ITS Camera and Fiber — Wilmington Group A,"CCTV, fiber interconnect, and TMC integration on SR 92 MP 16.4 serving Wilmington and New Castle County operations.",New Castle,SR 92,signals,4060000,4034298,unfunded,construction-ready,85,auto,2027,1,9,false,true,false,true,its; operations; congestion; signal
UNF-2698,T202535863 US 202 Intersection Safety Package — Harrington Group B,"Systemic safety package at US 202 MP 19.6 serving Harrington: signal upgrades, left-turn protection, lighting, and pedestrian intervals.",Kent,US 202,safety,10880000,8228216,unfunded,planning,10,auto; pedestrian,2028,0,5,false,true,false,false,intersection; signal; safety; pedestrian; high-crash
UNF-2699,T202635900 SR 8 Bridge Preservation — Pike Creek FY27,"Deck overlay, joint replacement, and scour countermeasures on the SR 8 bridge near Pike Creek (MP 10.7).",New Castle,SR 8,bridge,12120000,10184985,unfunded,planning,15,auto; freight,2029,1,6,false,false,true,true,bridge; preservation; state-of-good-repair
UNF-2700,T202735937 SR 54 Bridge Culvert Replacement — Selbyville,Replace a deteriorated culvert on SR 54 MP 10.1 near Selbyville to restore hydraulic capacity and legal loads.,Sussex,SR 54,bridge,7420000,6021168,unfunded,row,41,auto; freight,2027,0,12,false,true,false,false,bridge; culvert; scour; state-of-good-repair
UNF-2701,T202235974 SR 58 Pavement Rehab — Middletown Group A,Mill and overlay of deteriorated SR 58 lanes through Middletown (MP 37.7) to restore ride quality. Limited safety or equity components.,New Castle,SR 58,pavement,18200000,17760710,unfunded,planning,13,auto,2026,0,12,false,true,true,false,pavement; preservation; state-of-good-repair
UNF-2702,T202336011 Kirkwood School Zone and Speed Management,"School-zone flashers, gateway treatments, and speed management on local streets feeding SR 1 in Kirkwood.",New Castle,SR 1,safety,5310000,5267004,partially-funded,row,58,auto; pedestrian,2027,3,24,true,false,true,false,safety; school; speed-management; lighting
UNF-2703,T202436048 Wyoming Local Road Safety Plan,Data-driven local road safety plan for Wyoming identifying a high-injury network and proven countermeasures.,Kent,SR 20,planning,990000,957588,unfunded,row,54,auto; pedestrian,2026,1,13,false,true,false,false,safety-plan; data-driven; planning
UNF-2704,T202536085 SR 36 Intersection Safety Package — Selbyville Phase 2,"Systemic safety package at SR 36 MP 14.8 serving Selbyville: signal upgrades, left-turn protection, lighting, and pedestrian intervals.",Sussex,SR 36,safety,8380000,6344816,unfunded,construction-ready,86,auto; pedestrian,2029,6,29,true,false,false,false,intersection; signal; safety; pedestrian; high-crash
UNF-2705,T202636122 Ellendale DART Stop and Access Improvements — SR 42,"Accessible pads, shelters, lighting, and sidewalk connections to DART stops on SR 42 in Ellendale.",Sussex,SR 42,transit,6240000,5093372,unfunded,final-design,73,transit; pedestrian,2029,1,11,false,true,false,false,transit; equity; pedestrian; ada
UNF-2706,T202736159 Arden Shared-Use Path — SR 141 Southbound,Construct a shared-use path parallel to SR 141 MP 12.2 connecting neighborhoods and schools in Arden.,New Castle,SR 141,bike-ped,2310000,1968983,unfunded,preliminary-design,29,pedestrian; bicycle,2026,1,12,false,false,false,false,bicycle; pedestrian; trail; vru
UNF-2707,T202236196 Wilmington Sidewalk and Crossing Gap Closure — SR 36,"Fill sidewalk gaps and add high-visibility crossings along SR 36 MP 30.1 in Wilmington, with ADA curb ramps.",New Castle,SR 36,bike-ped,3460000,3339451,unfunded,final-design,83,pedestrian; bicycle,2025,3,25,true,false,true,false,pedestrian; ada; crossing; vru
UNF-2708,T202336233 Newark Local Road Safety Plan,Data-driven local road safety plan for Newark identifying a high-injury network and proven countermeasures.,New Castle,SR 404,planning,800000,694154,unfunded,final-design,66,auto; pedestrian,2026,0,5,false,true,false,false,safety-plan; data-driven; planning
UNF-2709,T202436270 SR 92 Intersection Safety Package — Frederica Phase 2,"Systemic safety package at SR 92 MP 32.2 serving Frederica: signal upgrades, left-turn protection, lighting, and pedestrian intervals.",Kent,SR 92,safety,7670000,6780009,unfunded,construction-ready,97,auto; pedestrian,2028,0,11,false,false,true,false,intersection; signal; safety; pedestrian; high-crash
UNF-2710,T202536307 New Castle County Freight and Multimodal Plan Update,"Update the New Castle County freight and multimodal plan, including bottleneck screening on SR 4 and equity analysis.",New Castle,SR 4,planning,1120000,1039217,unfunded,row,55,auto; freight; transit,2026,0,2,false,false,true,true,planning; freight; multimodal; data-driven
UNF-2711,T202636344 SR 20 Intersection Safety Package — Delmar Northbound,"Systemic safety package at SR 20 MP 25.5 serving Delmar: signal upgrades, left-turn protection, lighting, and pedestrian intervals.",Sussex,SR 20,safety,14650000,12673863,unfunded,final-design,83,auto; pedestrian,2026,6,37,true,true,false,false,intersection; signal; safety; pedestrian; high-crash
UNF-2712,T202736381 SR 30 Intersection Safety Package — Dover FY27,"Systemic safety package at SR 30 MP 10.3 serving Dover: signal upgrades, left-turn protection, lighting, and pedestrian intervals.",Kent,SR 30,safety,7990000,6076126,unfunded,row,51,auto; pedestrian,2028,3,12,true,true,true,true,intersection; signal; safety; pedestrian; high-crash
UNF-2713,T202236418 Blades Adaptive Signal System — DE 1,"Adaptive signal control, detection, and communications along DE 1 MP 13.8 in Blades.",Sussex,DE 1,signals,6200000,5427446,unfunded,final-design,66,auto; transit,2025,0,9,false,true,true,true,signal; operations; congestion; safety
UNF-2714,T202336455 SR 71 Freight Bottleneck Relief — Dover,"Intersection capacity, turning-radius, and signal timing improvements for industrial freight on SR 71 MP 28.0 in Dover.",Kent,SR 71,freight,21010000,19878813,unfunded,row,36,freight; auto,2026,1,9,false,false,true,false,freight; bottleneck; signal; reliability
UNF-2715,T202436492 SR 18 ITS Camera and Fiber — Ellendale FY27,"CCTV, fiber interconnect, and TMC integration on SR 18 MP 3.8 serving Ellendale and Sussex County operations.",Sussex,SR 18,signals,6500000,6147113,unfunded,construction-ready,93,auto,2028,1,5,false,false,true,false,its; operations; congestion; signal
UNF-2716,T202536529 DART Bus Maintenance Facility Rehab — Frankford,"Rehabilitate the DART bus maintenance garage in Frankford, including lifts, bus wash, and charging/fueling for the transit fleet.",Sussex,I-95,transit,30430000,26936976,unfunded,row,42,transit,2027,1,12,false,false,false,true,transit; bus-fleet; garage; facility; low-no
UNF-2717,T202636566 SR 48 ITS Camera and Fiber — Hockessin Northbound,"CCTV, fiber interconnect, and TMC integration on SR 48 MP 12.4 serving Hockessin and New Castle County operations.",New Castle,SR 48,signals,6210000,6135724,unfunded,final-design,81,auto,2025,0,12,false,false,false,false,its; operations; congestion; signal
UNF-2718,T202736603 SR 14 Concrete Pavement Restoration — Hartly,"Slab repair, diamond grinding, and joint resealing on SR 14 MP 34.4 in Kent County near Hartly.",Kent,SR 14,pavement,25100000,25005647,unfunded,row,41,auto,2029,0,13,false,true,true,false,pavement; concrete; preservation
UNF-2719,T202236640 SR 71 Lane Departure Countermeasures — Dewey Beach,"Rumble strips, high-friction surface treatment, and curve warning upgrades on SR 71 MP 37.0 near Dewey Beach.",Sussex,SR 71,safety,6550000,5341842,unfunded,final-design,80,auto,2029,4,26,true,true,false,false,lane-departure; rural; high-friction; systemic; safety
UNF-2720,T202336677 SR 273 Lane Departure Countermeasures — Bear,"Rumble strips, high-friction surface treatment, and curve warning upgrades on SR 273 MP 12.9 near Bear.",New Castle,SR 273,safety,4000000,3135374,unfunded,preliminary-design,25,auto,2027,3,13,true,false,false,false,lane-departure; rural; high-friction; systemic; safety
UNF-2721,T202436714 Newark Road Diet and Downtown Safety — SR 10,"Road diet, on-street parking reconfiguration, ADA ramps, and pedestrian lighting in Newark along SR 10.",New Castle,SR 10,complete-streets,7450000,6464750,unfunded,preliminary-design,33,auto; pedestrian; bicycle,2025,2,15,true,false,false,true,road-diet; ada; downtown; complete-streets; safety
UNF-2722,T202536751 Bridgeville Slope Stabilization — SR 9 MP 1.7,"Embankment repair, drainage, and slope stabilization on SR 9 near Bridgeville after repeated washouts.",Sussex,SR 9,resilience,12790000,9792640,unfunded,final-design,74,auto,2028,1,15,true,false,false,false,slope; drainage; resilience; geotech
UNF-2723,T202636788 Long Neck Slope Stabilization — DE 1 MP 29.7,"Embankment repair, drainage, and slope stabilization on DE 1 near Long Neck after repeated washouts.",Sussex,DE 1,resilience,5650000,4885815,partially-funded,construction-ready,85,auto,2026,1,8,false,false,false,false,slope; drainage; resilience; geotech
UNF-2724,T202736825 Kirkwood Adaptive Signal System — SR 72,"Adaptive signal control, detection, and communications along SR 72 MP 21.8 in Kirkwood.",New Castle,SR 72,signals,3210000,3204472,partially-funded,row,57,auto; transit,2029,0,0,false,false,false,true,signal; operations; congestion; safety
UNF-2725,T202236862 SR 7 Lane Departure Countermeasures — Bethel,"Rumble strips, high-friction surface treatment, and curve warning upgrades on SR 7 MP 22.1 near Bethel.",Sussex,SR 7,safety,5410000,5133297,unfunded,final-design,68,auto,2026,5,33,true,false,true,true,lane-departure; rural; high-friction; systemic; safety
UNF-2726,T202336899 Leipsic Truck Route Geometric Improvements — US 13,Widen turning radii and upgrade shoulders for freight movements on US 13 MP 22.0 near Leipsic.,Kent,US 13,freight,12340000,9764855,unfunded,planning,16,freight; auto,2025,1,17,true,true,true,false,freight; geometry; shoulders
UNF-2727,T202436936 SR 48 Lane Departure Countermeasures — Felton,"Rumble strips, high-friction surface treatment, and curve warning upgrades on SR 48 MP 30.1 near Felton.",Kent,SR 48,safety,5720000,5146490,unfunded,preliminary-design,20,auto,2026,6,27,true,true,false,false,lane-departure; rural; high-friction; systemic; safety
UNF-2728,T202536973 Greenville Truck Route Geometric Improvements — US 40,Widen turning radii and upgrade shoulders for freight movements on US 40 MP 29.2 near Greenville.,New Castle,US 40,freight,8690000,7740656,unfunded,construction-ready,93,freight; auto,2029,1,5,false,true,false,false,freight; geometry; shoulders
UNF-2729,T202637010 US 202 Lane Departure Countermeasures — Felton,"Rumble strips, high-friction surface treatment, and curve warning upgrades on US 202 MP 13.4 near Felton.",Kent,US 202,safety,4750000,3793274,unfunded,preliminary-design,23,auto,2029,5,23,true,true,true,true,lane-departure; rural; high-friction; systemic; safety
UNF-2730,T202737047 US 113 Drainage and Flood Mitigation — Kenton,Stormwater upgrades and roadway raising where US 113 MP 16.0 floods near Kenton.,Kent,US 113,resilience,27730000,21275760,unfunded,final-design,82,auto,2029,0,4,false,false,true,false,flood; drainage; resilience
UNF-2731,T202237084 SR 36 Guardrail and End Treatment Upgrade — Frankford,Replace outdated guardrail and end treatments on SR 36 MP 37.8 near Frankford to current MASH standards.,Sussex,SR 36,safety,3270000,3149926,partially-funded,row,46,auto,2029,1,5,false,false,true,false,guardrail; safety; roadside; systemic
UNF-2732,T202337121 Milton Slope Stabilization — US 202 MP 12.5,"Embankment repair, drainage, and slope stabilization on US 202 near Milton after repeated washouts.",Sussex,US 202,resilience,11480000,9796994,partially-funded,preliminary-design,22,auto,2028,0,12,false,true,true,false,slope; drainage; resilience; geotech
UNF-2733,T202437158 SR 71 Drainage and Flood Mitigation — Fenwick Island,Stormwater upgrades and roadway raising where SR 71 MP 40.2 floods near Fenwick Island.,Sussex,SR 71,resilience,26820000,21526236,partially-funded,row,51,auto,2028,1,13,false,true,true,true,flood; drainage; resilience
UNF-2734,T202537195 SR 10 Intersection Safety Package — Milford Northbound,"Systemic safety package at SR 10 MP 43.1 serving Milford: signal upgrades, left-turn protection, lighting, and pedestrian intervals.",Kent,SR 10,safety,7830000,7236462,unfunded,preliminary-design,32,auto; pedestrian,2025,3,18,true,true,true,false,intersection; signal; safety; pedestrian; high-crash
UNF-2735,T202637232 Gumboro Complete Streets — SR 82 Town Center,"Lane reallocation, bicycle facilities, and pedestrian lighting on SR 82 through Gumboro town center (Group A).",Sussex,SR 82,complete-streets,8560000,6755520,unfunded,planning,14,auto; pedestrian; bicycle,2029,2,17,true,false,true,false,complete-streets; bike-ped; equity; safety
UNF-2736,T202737269 SR 72 Bridge Culvert Replacement — Bear,Replace a deteriorated culvert on SR 72 MP 22.2 near Bear to restore hydraulic capacity and legal loads.,New Castle,SR 72,bridge,7610000,6306619,partially-funded,final-design,82,auto; freight,2025,0,8,false,false,false,false,bridge; culvert; scour; state-of-good-repair
UNF-2737,T202237306 Christiana Truck Route Geometric Improvements — SR 82,Widen turning radii and upgrade shoulders for freight movements on SR 82 MP 21.1 near Christiana.,New Castle,SR 82,freight,12810000,12792865,unfunded,planning,15,freight; auto,2028,1,14,false,false,true,true,freight; geometry; shoulders
UNF-2738,T202337343 SR 48 Bridge Preservation — Long Neck Group B,"Deck overlay, joint replacement, and scour countermeasures on the SR 48 bridge near Long Neck (MP 15.0).",Sussex,SR 48,bridge,9850000,8569000,unfunded,row,44,auto; freight,2028,0,5,false,true,true,true,bridge; preservation; state-of-good-repair
UNF-2739,T202437380 I-495 Concrete Pavement Restoration — Bethany Beach,"Slab repair, diamond grinding, and joint resealing on I-495 MP 38.8 in Sussex County near Bethany Beach.",Sussex,I-495,pavement,27740000,22807611,unfunded,final-design,70,auto,2029,0,11,false,false,true,false,pavement; concrete; preservation
UNF-2740,T202537417 SR 24 Pavement Rehab — Bellefonte Group B,Mill and overlay of deteriorated SR 24 lanes through Bellefonte (MP 42.2) to restore ride quality. Limited safety or equity components.,New Castle,SR 24,pavement,7100000,6126236,partially-funded,preliminary-design,30,auto,2028,1,7,false,false,false,false,pavement; preservation; state-of-good-repair
UNF-2741,T202637454 SR 141 Lane Departure Countermeasures — Wyoming,"Rumble strips, high-friction surface treatment, and curve warning upgrades on SR 141 MP 14.5 near Wyoming.",Kent,SR 141,safety,4140000,3435801,unfunded,final-design,69,auto,2028,5,33,true,true,true,false,lane-departure; rural; high-friction; systemic; safety
UNF-2742,T202737491 Christiana DART Stop and Access Improvements — SR 72,"Accessible pads, shelters, lighting, and sidewalk connections to DART stops on SR 72 in Christiana.",New Castle,SR 72,transit,4530000,3746232,unfunded,final-design,69,transit; pedestrian,2026,1,13,false,true,false,false,transit; equity; pedestrian; ada
UNF-2743,T202237528 Red Lion Slope Stabilization — SR 202 MP 23.1,"Embankment repair, drainage, and slope stabilization on SR 202 near Red Lion after repeated washouts.",New Castle,SR 202,resilience,11110000,8427438,unfunded,construction-ready,86,auto,2026,0,9,false,false,false,false,slope; drainage; resilience; geotech
UNF-2744,T202337565 Wyoming Complete Streets — SR 52 Town Center,"Lane reallocation, bicycle facilities, and pedestrian lighting on SR 52 through Wyoming town center (FY27).",Kent,SR 52,complete-streets,16120000,15125140,unfunded,final-design,65,auto; pedestrian; bicycle,2029,2,13,true,false,false,true,complete-streets; bike-ped; equity; safety
UNF-2745,T202437602 SR 896 Concrete Pavement Restoration — Georgetown,"Slab repair, diamond grinding, and joint resealing on SR 896 MP 25.3 in Sussex County near Georgetown.",Sussex,SR 896,pavement,19060000,17319377,unfunded,row,50,auto,2025,1,8,false,false,true,false,pavement; concrete; preservation
UNF-2746,T202537639 SR 30 Intersection Safety Package — Clayton Group A,"Systemic safety package at SR 30 MP 18.9 serving Clayton: signal upgrades, left-turn protection, lighting, and pedestrian intervals.",Kent,SR 30,safety,6140000,5778261,unfunded,final-design,62,auto; pedestrian,2027,1,9,false,true,true,false,intersection; signal; safety; pedestrian; high-crash
UNF-2747,T202637676 Christiana Local Road Safety Plan,Data-driven local road safety plan for Christiana identifying a high-injury network and proven countermeasures.,New Castle,SR 1,planning,1040000,972146,unfunded,row,48,auto; pedestrian,2027,1,6,false,false,false,false,safety-plan; data-driven; planning
UNF-2748,T202737713 I-495 Lane Departure Countermeasures — Stanton,"Rumble strips, high-friction surface treatment, and curve warning upgrades on I-495 MP 33.8 near Stanton.",New Castle,I-495,safety,6820000,6697997,unfunded,final-design,63,auto,2026,4,27,true,true,true,false,lane-departure; rural; high-friction; systemic; safety
UNF-2749,T202237750 SR 896 Bridge Preservation — Ellendale FY27,"Deck overlay, joint replacement, and scour countermeasures on the SR 896 bridge near Ellendale (MP 40.8).",Sussex,SR 896,bridge,30880000,25645182,unfunded,final-design,84,auto; freight,2027,0,9,false,true,true,false,bridge; preservation; state-of-good-repair
UNF-2750,T202337787 SR 2 Pavement Rehab — Bear Northbound,Mill and overlay of deteriorated SR 2 lanes through Bear (MP 43.6) to restore ride quality. Limited safety or equity components.,New Castle,SR 2,pavement,8210000,6744742,unfunded,row,53,auto,2025,0,12,false,true,false,false,pavement; preservation; state-of-good-repair
UNF-2751,T202437824 SR 48 Intersection Safety Package — Dagsboro Northbound,"Systemic safety package at SR 48 MP 39.4 serving Dagsboro: signal upgrades, left-turn protection, lighting, and pedestrian intervals.",Sussex,SR 48,safety,3190000,2488389,unfunded,construction-ready,93,auto; pedestrian,2028,3,17,true,false,true,false,intersection; signal; safety; pedestrian; high-crash
UNF-2752,T202537861 Arden Local Road Safety Plan,Data-driven local road safety plan for Arden identifying a high-injury network and proven countermeasures.,New Castle,SR 18,planning,1100000,1036379,unfunded,final-design,73,auto; pedestrian,2028,0,10,false,false,false,true,safety-plan; data-driven; planning
UNF-2753,T202637898 US 40 Bridge Preservation — Camden-Wyoming Southbound,"Deck overlay, joint replacement, and scour countermeasures on the US 40 bridge near Camden-Wyoming (MP 32.6).",Kent,US 40,bridge,11030000,10471404,unfunded,final-design,72,auto; freight,2025,0,4,false,false,true,false,bridge; preservation; state-of-good-repair
UNF-2754,T202737935 SR 4 Drainage and Flood Mitigation — Fenwick Island,Stormwater upgrades and roadway raising where SR 4 MP 16.2 floods near Fenwick Island.,Sussex,SR 4,resilience,29210000,27154406,unfunded,final-design,84,auto,2026,1,11,false,false,true,false,flood; drainage; resilience
UNF-2755,T202237972 Harrington Adaptive Signal System — SR 36,"Adaptive signal control, detection, and communications along SR 36 MP 13.2 in Harrington.",Kent,SR 36,signals,6650000,6182951,unfunded,final-design,79,auto; transit,2027,1,14,false,true,false,true,signal; operations; congestion; safety
UNF-2756,T202338009 DART Bus Fleet Replacement — Viola Division,"Replace diesel buses with low- and no-emission transit buses and related equipment at the DART Viola division, including depot charging.",Kent,SR 18,transit,34860000,33999684,unfunded,planning,5,transit,2028,0,1,false,true,true,false,transit; bus-fleet; low-no; zero-emission; garage
UNF-2757,T202438046 DE 1 Intersection Safety Package — Wyoming FY27,"Systemic safety package at DE 1 MP 13.8 serving Wyoming: signal upgrades, left-turn protection, lighting, and pedestrian intervals.",Kent,DE 1,safety,7210000,5889985,unfunded,final-design,61,auto; pedestrian,2026,6,34,true,true,false,false,intersection; signal; safety; pedestrian; high-crash
UNF-2758,T202538083 DE 1 Lane Departure Countermeasures — Magnolia,"Rumble strips, high-friction surface treatment, and curve warning upgrades on DE 1 MP 28.5 near Magnolia.",Kent,DE 1,safety,3110000,3004197,partially-funded,construction-ready,90,auto,2029,6,30,true,true,true,false,lane-departure; rural; high-friction; systemic; safety
UNF-2759,T202638120 DART Bus Maintenance Facility Rehab — Clayton,"Rehabilitate the DART bus maintenance garage in Clayton, including lifts, bus wash, and charging/fueling for the transit fleet.",Kent,SR 404,transit,12760000,10857928,unfunded,final-design,67,transit,2026,1,9,false,true,false,false,transit; bus-fleet; garage; facility; low-no
UNF-2760,T202738157 Laurel Shared-Use Path — US 301 Southbound,Construct a shared-use path parallel to US 301 MP 18.7 connecting neighborhoods and schools in Laurel.,Sussex,US 301,bike-ped,8290000,7637358,partially-funded,construction-ready,92,pedestrian; bicycle,2026,5,30,true,true,true,false,bicycle; pedestrian; trail; vru
UNF-2761,T202238194 US 113 Intersection Safety Package — Bowers Northbound,"Systemic safety package at US 113 MP 32.7 serving Bowers: signal upgrades, left-turn protection, lighting, and pedestrian intervals.",Kent,US 113,safety,12050000,10098611,unfunded,row,50,auto; pedestrian,2028,5,28,true,false,false,false,intersection; signal; safety; pedestrian; high-crash
UNF-2762,T202338231 SR 71 Intersection Safety Package — Dover Southbound,"Systemic safety package at SR 71 MP 36.2 serving Dover: signal upgrades, left-turn protection, lighting, and pedestrian intervals.",Kent,SR 71,safety,7860000,7831186,unfunded,final-design,60,auto; pedestrian,2029,4,20,true,false,false,true,intersection; signal; safety; pedestrian; high-crash
UNF-2763,T202438268 SR 4 Intersection Safety Package — Georgetown Phase 1,"Systemic safety package at SR 4 MP 11.6 serving Georgetown: signal upgrades, left-turn protection, lighting, and pedestrian intervals.",Sussex,SR 4,safety,8910000,8653438,unfunded,planning,13,auto; pedestrian,2027,0,8,false,false,true,false,intersection; signal; safety; pedestrian; high-crash
UNF-2764,T202538305 Gumboro School Zone and Speed Management,"School-zone flashers, gateway treatments, and speed management on local streets feeding SR 24 in Gumboro.",Sussex,SR 24,safety,1620000,1594779,unfunded,final-design,66,auto; pedestrian,2029,5,25,true,true,true,true,safety; school; speed-management; lighting
UNF-2765,T202638342 Little Creek DART Stop and Access Improvements — SR 48,"Accessible pads, shelters, lighting, and sidewalk connections to DART stops on SR 48 in Little Creek.",Kent,SR 48,transit,2740000,2245307,unfunded,construction-ready,90,transit; pedestrian,2028,1,15,true,false,true,false,transit; equity; pedestrian; ada
UNF-2766,T202738379 Bellefonte Road Diet and Downtown Safety — SR 141,"Road diet, on-street parking reconfiguration, ADA ramps, and pedestrian lighting in Bellefonte along SR 141.",New Castle,SR 141,complete-streets,8590000,6458715,unfunded,construction-ready,93,auto; pedestrian; bicycle,2029,0,7,false,false,false,true,road-diet; ada; downtown; complete-streets; safety
UNF-2767,T202238416 US 13 Bridge Preservation — Henlopen Acres Phase 2,"Deck overlay, joint replacement, and scour countermeasures on the US 13 bridge near Henlopen Acres (MP 3.6).",Sussex,US 13,bridge,15610000,15093195,unfunded,preliminary-design,23,auto; freight,2029,0,8,false,true,true,true,bridge; preservation; state-of-good-repair
UNF-2768,T202338453 I-295 Bridge Preservation — Red Lion Group A,"Deck overlay, joint replacement, and scour countermeasures on the I-295 bridge near Red Lion (MP 22.7).",New Castle,I-295,bridge,26640000,21899557,unfunded,final-design,84,auto; freight,2027,0,0,false,true,false,false,bridge; preservation; state-of-good-repair
UNF-2769,T202438490 SR 36 Intersection Safety Package — Frederica FY26,"Systemic safety package at SR 36 MP 38.9 serving Frederica: signal upgrades, left-turn protection, lighting, and pedestrian intervals.",Kent,SR 36,safety,8440000,6518365,unfunded,preliminary-design,32,auto; pedestrian,2028,6,26,true,true,false,true,intersection; signal; safety; pedestrian; high-crash
UNF-2770,T202538527 SR 16 Drainage and Flood Mitigation — Lewes,Stormwater upgrades and roadway raising where SR 16 MP 17.7 floods near Lewes.,Sussex,SR 16,resilience,24930000,19835093,unfunded,row,39,auto,2029,0,4,false,true,true,true,flood; drainage; resilience
UNF-2771,T202638564 SR 20 Intersection Safety Package — Edgemoor Northbound,"Systemic safety package at SR 20 MP 23.0 serving Edgemoor: signal upgrades, left-turn protection, lighting, and pedestrian intervals.",New Castle,SR 20,safety,13150000,11198607,unfunded,construction-ready,87,auto; pedestrian,2028,6,25,true,false,false,false,intersection; signal; safety; pedestrian; high-crash
UNF-2772,T202738601 Delaware City DART Stop and Access Improvements — SR 10,"Accessible pads, shelters, lighting, and sidewalk connections to DART stops on SR 10 in Delaware City.",New Castle,SR 10,transit,2790000,2535068,unfunded,planning,12,transit; pedestrian,2026,1,16,true,true,false,false,transit; equity; pedestrian; ada
UNF-2773,T202238638 SR 82 Concrete Pavement Restoration — Wilmington,"Slab repair, diamond grinding, and joint resealing on SR 82 MP 10.4 in New Castle County near Wilmington.",New Castle,SR 82,pavement,24530000,19091866,unfunded,construction-ready,88,auto,2025,0,10,false,false,false,true,pavement; concrete; preservation
UNF-2774,T202338675 Millville Slope Stabilization — SR 30 MP 44.1,"Embankment repair, drainage, and slope stabilization on SR 30 near Millville after repeated washouts.",Sussex,SR 30,resilience,2920000,2809332,unfunded,planning,17,auto,2029,0,6,false,false,true,false,slope; drainage; resilience; geotech
UNF-2775,T202438712 Bethel Adaptive Signal System — SR 4,"Adaptive signal control, detection, and communications along SR 4 MP 3.6 in Bethel.",Sussex,SR 4,signals,4710000,4401817,unfunded,preliminary-design,26,auto; transit,2028,0,11,false,false,true,false,signal; operations; congestion; safety
UNF-2776,T202538749 US 301 Bridge Culvert Replacement — Hartly,Replace a deteriorated culvert on US 301 MP 13.6 near Hartly to restore hydraulic capacity and legal loads.,Kent,US 301,bridge,2690000,2458712,unfunded,row,40,auto; freight,2029,1,8,false,false,true,false,bridge; culvert; scour; state-of-good-repair
UNF-2777,T202638786 SR 48 Intersection Safety Package — Ocean View Group B,"Systemic safety package at SR 48 MP 10.0 serving Ocean View: signal upgrades, left-turn protection, lighting, and pedestrian intervals.",Sussex,SR 48,safety,7470000,6224479,unfunded,row,42,auto; pedestrian,2025,0,7,false,true,true,false,intersection; signal; safety; pedestrian; high-crash
UNF-2778,T202738823 Slaughter Beach Sidewalk and Crossing Gap Closure — SR 141,"Fill sidewalk gaps and add high-visibility crossings along SR 141 MP 10.2 in Slaughter Beach, with ADA curb ramps.",Sussex,SR 141,bike-ped,8330000,8192238,unfunded,final-design,72,pedestrian; bicycle,2027,0,9,false,false,true,false,pedestrian; ada; crossing; vru
UNF-2779,T202238860 DART Bus Maintenance Facility Rehab — Wilmington,"Rehabilitate the DART bus maintenance garage in Wilmington, including lifts, bus wash, and charging/fueling for the transit fleet.",New Castle,I-495,transit,10710000,10215255,unfunded,final-design,83,transit,2026,1,8,false,true,true,false,transit; bus-fleet; garage; facility; low-no
UNF-2780,T202338897 Millville DART Stop and Access Improvements — SR 82,"Accessible pads, shelters, lighting, and sidewalk connections to DART stops on SR 82 in Millville.",Sussex,SR 82,transit,1970000,1964484,partially-funded,final-design,84,transit; pedestrian,2027,0,13,false,false,true,false,transit; equity; pedestrian; ada
UNF-2781,T202438934 SR 141 Pavement Rehab — Bear Group B,Mill and overlay of deteriorated SR 141 lanes through Bear (MP 10.9) to restore ride quality. Limited safety or equity components.,New Castle,SR 141,pavement,21240000,21018542,unfunded,construction-ready,95,auto,2028,1,10,false,true,true,true,pavement; preservation; state-of-good-repair
UNF-2782,T202538971 SR 24 Pavement Rehab — Claymont FY27,Mill and overlay of deteriorated SR 24 lanes through Claymont (MP 26.6) to restore ride quality. Limited safety or equity components.,New Castle,SR 24,pavement,10950000,9134943,unfunded,construction-ready,87,auto,2028,1,11,false,false,false,false,pavement; preservation; state-of-good-repair
UNF-2783,T202639008 SR 4 Concrete Pavement Restoration — Felton,"Slab repair, diamond grinding, and joint resealing on SR 4 MP 27.8 in Kent County near Felton.",Kent,SR 4,pavement,8970000,8199184,partially-funded,row,50,auto,2029,0,4,false,false,true,true,pavement; concrete; preservation
UNF-2784,T202739045 Newport Sidewalk and Crossing Gap Closure — SR 30,"Fill sidewalk gaps and add high-visibility crossings along SR 30 MP 41.1 in Newport, with ADA curb ramps.",New Castle,SR 30,bike-ped,2480000,1893293,unfunded,construction-ready,87,pedestrian; bicycle,2029,5,26,true,true,false,false,pedestrian; ada; crossing; vru
UNF-2785,T202239082 SR 404 Concrete Pavement Restoration — Wyoming,"Slab repair, diamond grinding, and joint resealing on SR 404 MP 39.7 in Kent County near Wyoming.",Kent,SR 404,pavement,14540000,13280923,unfunded,preliminary-design,27,auto,2028,0,10,false,true,true,false,pavement; concrete; preservation
UNF-2786,T202339119 SR 299 Intersection Safety Package — Magnolia Group B,"Systemic safety package at SR 299 MP 12.3 serving Magnolia: signal upgrades, left-turn protection, lighting, and pedestrian intervals.",Kent,SR 299,safety,14640000,13369285,partially-funded,planning,15,auto; pedestrian,2029,4,22,true,false,true,false,intersection; signal; safety; pedestrian; high-crash
UNF-2787,T202439156 Fenwick Island Community Charging Hub — SR 16,Public DC fast charging adjacent to SR 16 serving Fenwick Island residents without home charging.,Sussex,SR 16,ev-charging,1590000,1323289,unfunded,construction-ready,97,auto,2028,1,16,true,false,true,false,ev; equity; community; charging
UNF-2788,T202539193 SR 10 Bridge Preservation — Frankford Group A,"Deck overlay, joint replacement, and scour countermeasures on the SR 10 bridge near Frankford (MP 15.8).",Sussex,SR 10,bridge,18510000,14027096,unfunded,planning,17,auto; freight,2028,1,17,true,true,true,false,bridge; preservation; state-of-good-repair
UNF-2789,T202639230 Kent County Freight and Multimodal Plan Update,"Update the Kent County freight and multimodal plan, including bottleneck screening on US 40 and equity analysis.",Kent,US 40,planning,1740000,1606734,unfunded,final-design,74,auto; freight; transit,2026,1,8,false,false,true,false,planning; freight; multimodal; data-driven
UNF-2790,T202739267 Bethel Truck Route Geometric Improvements — US 13,Widen turning radii and upgrade shoulders for freight movements on US 13 MP 16.9 near Bethel.,Sussex,US 13,freight,13530000,11912530,partially-funded,row,43,freight; auto,2027,1,10,false,true,true,false,freight; geometry; shoulders
UNF-2791,T202239304 SR 36 Concrete Pavement Restoration — Dover,"Slab repair, diamond grinding, and joint resealing on SR 36 MP 31.9 in Kent County near Dover.",Kent,SR 36,pavement,14960000,13641147,unfunded,final-design,82,auto,2025,0,0,false,false,true,false,pavement; concrete; preservation
UNF-2792,T202339341 SR 9 Pavement Rehab — Stanton Group B,Mill and overlay of deteriorated SR 9 lanes through Stanton (MP 12.8) to restore ride quality. Limited safety or equity components.,New Castle,SR 9,pavement,17610000,16407223,unfunded,planning,19,auto,2028,0,1,false,false,false,false,pavement; preservation; state-of-good-repair
UNF-2793,T202439378 Blades Sidewalk and Crossing Gap Closure — SR 82,"Fill sidewalk gaps and add high-visibility crossings along SR 82 MP 27.0 in Blades, with ADA curb ramps.",Sussex,SR 82,bike-ped,1880000,1805527,unfunded,preliminary-design,31,pedestrian; bicycle,2028,3,24,true,false,true,false,pedestrian; ada; crossing; vru
UNF-2794,T202539415 SR 141 Lane Departure Countermeasures — Glasgow,"Rumble strips, high-friction surface treatment, and curve warning upgrades on SR 141 MP 38.7 near Glasgow.",New Castle,SR 141,safety,6810000,6263427,unfunded,row,55,auto,2026,5,25,true,true,false,true,lane-departure; rural; high-friction; systemic; safety
UNF-2795,T202639452 Lewes Slope Stabilization — I-95 MP 13.5,"Embankment repair, drainage, and slope stabilization on I-95 near Lewes after repeated washouts.",Sussex,I-95,resilience,4720000,3880103,unfunded,final-design,60,auto,2025,1,4,false,false,true,false,slope; drainage; resilience; geotech
UNF-2796,T202739489 Bethany Beach Road Diet and Downtown Safety — SR 30,"Road diet, on-street parking reconfiguration, ADA ramps, and pedestrian lighting in Bethany Beach along SR 30.",Sussex,SR 30,complete-streets,12010000,9066749,unfunded,final-design,62,auto; pedestrian; bicycle,2028,4,21,true,true,true,true,road-diet; ada; downtown; complete-streets; safety
UNF-2797,T202239526 Townsend Sidewalk and Crossing Gap Closure — I-495,"Fill sidewalk gaps and add high-visibility crossings along I-495 MP 9.5 in Townsend, with ADA curb ramps.",New Castle,I-495,bike-ped,7660000,7455144,unfunded,row,36,pedestrian; bicycle,2028,5,28,true,false,false,true,pedestrian; ada; crossing; vru
UNF-2798,T202339563 Lewes Roundabout Conversion — US 202,Convert a high-crash US 202 intersection in Lewes (MP 31.7) to a single-lane roundabout with pedestrian crossings.,Sussex,US 202,safety,11920000,11752697,unfunded,row,46,auto; pedestrian,2027,6,25,true,false,true,true,roundabout; intersection; safety; pedestrian
UNF-2799,T202439600 Little Creek Adaptive Signal System — SR 42,"Adaptive signal control, detection, and communications along SR 42 MP 3.2 in Little Creek.",Kent,SR 42,signals,8200000,7252409,unfunded,preliminary-design,34,auto; transit,2028,1,6,false,false,true,false,signal; operations; congestion; safety
UNF-2800,T202539637 Rehoboth Beach Slope Stabilization — SR 4 MP 42.5,"Embankment repair, drainage, and slope stabilization on SR 4 near Rehoboth Beach after repeated washouts.",Sussex,SR 4,resilience,4640000,3588276,unfunded,final-design,78,auto,2026,1,12,false,false,false,false,slope; drainage; resilience; geotech
UNF-2801,T202639674 US 301 Bridge Preservation — Camden FY27,"Deck overlay, joint replacement, and scour countermeasures on the US 301 bridge near Camden (MP 25.0).",Kent,US 301,bridge,23330000,21564412,unfunded,final-design,73,auto; freight,2026,1,17,true,true,true,false,bridge; preservation; state-of-good-repair
UNF-2802,T202739711 SR 24 Drainage and Flood Mitigation — Kenton,Stormwater upgrades and roadway raising where SR 24 MP 13.6 floods near Kenton.,Kent,SR 24,resilience,15560000,12552838,unfunded,row,39,auto,2027,0,8,false,false,true,false,flood; drainage; resilience
UNF-2803,T202239748 Fenwick Island Complete Streets — US 13 Town Center,"Lane reallocation, bicycle facilities, and pedestrian lighting on US 13 through Fenwick Island town center (FY26).",Sussex,US 13,complete-streets,13910000,13518959,unfunded,planning,10,auto; pedestrian; bicycle,2026,1,17,true,false,true,true,complete-streets; bike-ped; equity; safety
UNF-2804,T202339785 US 113 Pavement Rehab — Bridgeville Phase 1,Mill and overlay of deteriorated US 113 lanes through Bridgeville (MP 30.8) to restore ride quality. Limited safety or equity components.,Sussex,US 113,pavement,7760000,6993982,unfunded,construction-ready,99,auto,2025,1,11,false,true,true,false,pavement; preservation; state-of-good-repair
UNF-2805,T202439822 Bethany Beach DART Stop and Access Improvements — SR 48,"Accessible pads, shelters, lighting, and sidewalk connections to DART stops on SR 48 in Bethany Beach.",Sussex,SR 48,transit,1170000,931828,unfunded,row,50,transit; pedestrian,2027,0,10,false,false,true,false,transit; equity; pedestrian; ada
UNF-2806,T202539859 Camden Community Charging Hub — SR 300,Public DC fast charging adjacent to SR 300 serving Camden residents without home charging.,Kent,SR 300,ev-charging,3570000,2852952,unfunded,final-design,63,auto,2026,0,12,false,true,true,false,ev; equity; community; charging
UNF-2807,T202639896 SR 72 Bridge Preservation — Ocean View Group A,"Deck overlay, joint replacement, and scour countermeasures on the SR 72 bridge near Ocean View (MP 32.1).",Sussex,SR 72,bridge,34270000,28479471,unfunded,preliminary-design,25,auto; freight,2028,0,5,false,true,false,true,bridge; preservation; state-of-good-repair
UNF-2808,T202739933 Ocean View School Zone and Speed Management,"School-zone flashers, gateway treatments, and speed management on local streets feeding SR 1 in Ocean View.",Sussex,SR 1,safety,4950000,3761127,unfunded,final-design,78,auto; pedestrian,2027,1,14,false,false,true,false,safety; school; speed-management; lighting
UNF-2809,T202239970 Newark Adaptive Signal System — SR 52,"Adaptive signal control, detection, and communications along SR 52 MP 34.7 in Newark.",New Castle,SR 52,signals,6060000,5193693,unfunded,final-design,74,auto; transit,2028,0,4,false,true,false,true,signal; operations; congestion; safety
UNF-2810,T202340007 Red Lion Adaptive Signal System — SR 141,"Adaptive signal control, detection, and communications along SR 141 MP 10.4 in Red Lion.",New Castle,SR 141,signals,2940000,2641571,unfunded,row,42,auto; transit,2029,0,0,false,false,false,true,signal; operations; congestion; safety
UNF-2811,T202440044 Wyoming Adaptive Signal System — SR 896,"Adaptive signal control, detection, and communications along SR 896 MP 37.8 in Wyoming.",Kent,SR 896,signals,5870000,5595448,unfunded,planning,16,auto; transit,2026,1,9,false,false,true,false,signal; operations; congestion; safety
UNF-2812,T202540081 Camden DART Stop and Access Improvements — SR 72,"Accessible pads, shelters, lighting, and sidewalk connections to DART stops on SR 72 in Camden.",Kent,SR 72,transit,3230000,3067139,unfunded,row,49,transit; pedestrian,2029,0,12,false,false,true,false,transit; equity; pedestrian; ada
UNF-2813,T202640118 Kenton Sidewalk and Crossing Gap Closure — I-295,"Fill sidewalk gaps and add high-visibility crossings along I-295 MP 28.4 in Kenton, with ADA curb ramps.",Kent,I-295,bike-ped,6040000,5467178,partially-funded,construction-ready,95,pedestrian; bicycle,2025,5,32,true,true,true,false,pedestrian; ada; crossing; vru
UNF-2814,T202740155 SR 202 Pavement Rehab — Felton FY27,Mill and overlay of deteriorated SR 202 lanes through Felton (MP 41.4) to restore ride quality. Limited safety or equity components.,Kent,SR 202,pavement,14000000,13200246,unfunded,preliminary-design,24,auto,2028,1,15,true,true,true,false,pavement; preservation; state-of-good-repair
UNF-2815,T202240192 SR 2 Pavement Rehab — Wyoming Southbound,Mill and overlay of deteriorated SR 2 lanes through Wyoming (MP 3.8) to restore ride quality. Limited safety or equity components.,Kent,SR 2,pavement,7300000,6992846,unfunded,planning,9,auto,2027,0,8,false,true,true,true,pavement; preservation; state-of-good-repair
UNF-2816,T202340229 US 202 Pavement Rehab — Ocean View FY27,Mill and overlay of deteriorated US 202 lanes through Ocean View (MP 18.2) to restore ride quality. Limited safety or equity components.,Sussex,US 202,pavement,21640000,17468963,unfunded,final-design,69,auto,2026,0,8,false,true,true,true,pavement; preservation; state-of-good-repair
UNF-2817,T202440266 SR 16 Bridge Preservation — Newport Phase 2,"Deck overlay, joint replacement, and scour countermeasures on the SR 16 bridge near Newport (MP 31.3).",New Castle,SR 16,bridge,33170000,26665298,unfunded,final-design,62,auto; freight,2028,0,5,false,false,false,true,bridge; preservation; state-of-good-repair
UNF-2818,T202540303 SR 8 Bridge Preservation — Elsmere Group B,"Deck overlay, joint replacement, and scour countermeasures on the SR 8 bridge near Elsmere (MP 30.9).",New Castle,SR 8,bridge,9720000,7381369,partially-funded,planning,9,auto; freight,2027,1,12,false,true,false,false,bridge; preservation; state-of-good-repair
UNF-2819,T202640340 US 202 Lane Departure Countermeasures — Georgetown,"Rumble strips, high-friction surface treatment, and curve warning upgrades on US 202 MP 11.7 near Georgetown.",Sussex,US 202,safety,2630000,2219949,unfunded,preliminary-design,27,auto,2025,2,21,true,false,true,true,lane-departure; rural; high-friction; systemic; safety
UNF-2820,T202740377 US 113 Intersection Safety Package — Hartly Group A,"Systemic safety package at US 113 MP 29.2 serving Hartly: signal upgrades, left-turn protection, lighting, and pedestrian intervals.",Kent,US 113,safety,7300000,7235569,partially-funded,final-design,81,auto; pedestrian,2026,4,22,true,false,false,false,intersection; signal; safety; pedestrian; high-crash
UNF-2821,T202240414 SR 299 Bridge Preservation — Greenwood FY26,"Deck overlay, joint replacement, and scour countermeasures on the SR 299 bridge near Greenwood (MP 8.0).",Sussex,SR 299,bridge,21850000,18917250,unfunded,row,59,auto; freight,2027,1,5,false,true,true,false,bridge; preservation; state-of-good-repair
UNF-2822,T202340451 SR 72 Intersection Safety Package — Camden-Wyoming Southbound,"Systemic safety package at SR 72 MP 41.9 serving Camden-Wyoming: signal upgrades, left-turn protection, lighting, and pedestrian intervals.",Kent,SR 72,safety,13690000,13390419,unfunded,construction-ready,85,auto; pedestrian,2025,6,34,true,false,false,false,intersection; signal; safety; pedestrian; high-crash
UNF-2823,T202440488 Wilmington Local Road Safety Plan,Data-driven local road safety plan for Wilmington identifying a high-injury network and proven countermeasures.,New Castle,SR 2,planning,570000,526216,partially-funded,planning,13,auto; pedestrian,2029,1,12,false,false,false,true,safety-plan; data-driven; planning
UNF-2824,T202540525 Felton Adaptive Signal System — SR 18,"Adaptive signal control, detection, and communications along SR 18 MP 10.3 in Felton.",Kent,SR 18,signals,8890000,7008304,partially-funded,construction-ready,99,auto; transit,2028,0,4,false,true,false,false,signal; operations; congestion; safety
UNF-2825,T202640562 Rising Sun Roundabout Conversion — SR 20,Convert a high-crash SR 20 intersection in Rising Sun (MP 18.1) to a single-lane roundabout with pedestrian crossings.,Kent,SR 20,safety,7740000,6805835,unfunded,row,53,auto; pedestrian,2025,3,21,true,true,true,false,roundabout; intersection; safety; pedestrian
UNF-2826,T202740599 Stanton Complete Streets — SR 20 Town Center,"Lane reallocation, bicycle facilities, and pedestrian lighting on SR 20 through Stanton town center (Phase 2).",New Castle,SR 20,complete-streets,8420000,6833658,partially-funded,row,37,auto; pedestrian; bicycle,2028,4,25,true,false,false,true,complete-streets; bike-ped; equity; safety
UNF-2827,T202240636 I-95 Drainage and Flood Mitigation — Edgemoor,Stormwater upgrades and roadway raising where I-95 MP 24.1 floods near Edgemoor.,New Castle,I-95,resilience,11940000,10127707,unfunded,planning,15,auto,2025,1,17,true,true,true,true,flood; drainage; resilience
UNF-2828,T202340673 Frederica School Zone and Speed Management,"School-zone flashers, gateway treatments, and speed management on local streets feeding SR 24 in Frederica.",Kent,SR 24,safety,5030000,4040954,unfunded,preliminary-design,24,auto; pedestrian,2027,6,25,true,true,true,false,safety; school; speed-management; lighting
UNF-2829,T202440710 Camden Sidewalk and Crossing Gap Closure — SR 54,"Fill sidewalk gaps and add high-visibility crossings along SR 54 MP 39.0 in Camden, with ADA curb ramps.",Kent,SR 54,bike-ped,6620000,6449981,unfunded,planning,10,pedestrian; bicycle,2025,2,21,true,false,true,true,pedestrian; ada; crossing; vru
UNF-2830,T202540747 SR 92 Bridge Preservation — Magnolia Group A,"Deck overlay, joint replacement, and scour countermeasures on the SR 92 bridge near Magnolia (MP 16.4).",Kent,SR 92,bridge,35170000,31262197,unfunded,planning,6,auto; freight,2027,1,9,false,true,true,false,bridge; preservation; state-of-good-repair
UNF-2831,T202640784 Lincoln Adaptive Signal System — US 202,"Adaptive signal control, detection, and communications along US 202 MP 43.4 in Lincoln.",Sussex,US 202,signals,5050000,4881433,unfunded,preliminary-design,33,auto; transit,2028,0,2,false,true,true,true,signal; operations; congestion; safety
UNF-2832,T202740821 Clayton Truck Route Geometric Improvements — US 13,Widen turning radii and upgrade shoulders for freight movements on US 13 MP 5.4 near Clayton.,Kent,US 13,freight,17520000,15825686,unfunded,final-design,74,freight; auto,2028,0,10,false,false,true,false,freight; geometry; shoulders
UNF-2833,T202240858 SR 48 Bridge Preservation — Dagsboro Group A,"Deck overlay, joint replacement, and scour countermeasures on the SR 48 bridge near Dagsboro (MP 43.1).",Sussex,SR 48,bridge,37530000,28380463,unfunded,planning,12,auto; freight,2029,1,12,false,true,false,false,bridge; preservation; state-of-good-repair
UNF-2834,T202340895 Delmar Sidewalk and Crossing Gap Closure — SR 52,"Fill sidewalk gaps and add high-visibility crossings along SR 52 MP 28.1 in Delmar, with ADA curb ramps.",Sussex,SR 52,bike-ped,6000000,4863195,unfunded,planning,8,pedestrian; bicycle,2028,3,24,true,false,true,true,pedestrian; ada; crossing; vru
UNF-2835,T202440932 I-95 Intersection Safety Package — Lincoln Northbound,"Systemic safety package at I-95 MP 11.2 serving Lincoln: signal upgrades, left-turn protection, lighting, and pedestrian intervals.",Sussex,I-95,safety,10610000,9260484,unfunded,row,54,auto; pedestrian,2029,3,24,true,false,true,true,intersection; signal; safety; pedestrian; high-crash
UNF-2836,T202540969 SR 10 Pavement Rehab — Delmar Phase 1,Mill and overlay of deteriorated SR 10 lanes through Delmar (MP 33.3) to restore ride quality. Limited safety or equity components.,Sussex,SR 10,pavement,6530000,5455651,unfunded,preliminary-design,26,auto,2028,1,7,false,true,false,false,pavement; preservation; state-of-good-repair
UNF-2837,T202641006 Bethany Beach Shared-Use Path — SR 9 FY26,Construct a shared-use path parallel to SR 9 MP 29.4 connecting neighborhoods and schools in Bethany Beach.,Sussex,SR 9,bike-ped,3460000,3260365,unfunded,final-design,80,pedestrian; bicycle,2028,5,33,true,true,true,false,bicycle; pedestrian; trail; vru
UNF-2838,T202741043 SR 16 Intersection Safety Package — Camden Northbound,"Systemic safety package at SR 16 MP 28.3 serving Camden: signal upgrades, left-turn protection, lighting, and pedestrian intervals.",Kent,SR 16,safety,5750000,5677948,unfunded,planning,16,auto; pedestrian,2026,3,22,true,false,false,true,intersection; signal; safety; pedestrian; high-crash
UNF-2839,T202241080 SR 4 Pavement Rehab — Cheswold Northbound,Mill and overlay of deteriorated SR 4 lanes through Cheswold (MP 28.8) to restore ride quality. Limited safety or equity components.,Kent,SR 4,pavement,16430000,13946587,partially-funded,preliminary-design,32,auto,2028,1,5,false,false,true,true,pavement; preservation; state-of-good-repair
UNF-2840,T202341117 Glasgow Sidewalk and Crossing Gap Closure — SR 299,"Fill sidewalk gaps and add high-visibility crossings along SR 299 MP 4.1 in Glasgow, with ADA curb ramps.",New Castle,SR 299,bike-ped,4410000,3623988,unfunded,row,38,pedestrian; bicycle,2026,2,21,true,true,false,true,pedestrian; ada; crossing; vru
UNF-2841,T202441154 Dagsboro Local Road Safety Plan,Data-driven local road safety plan for Dagsboro identifying a high-injury network and proven countermeasures.,Sussex,SR 7,planning,1000000,753619,unfunded,construction-ready,86,auto; pedestrian,2027,1,7,false,false,true,false,safety-plan; data-driven; planning
UNF-2842,T202541191 Leipsic Shared-Use Path — SR 24 Group B,Construct a shared-use path parallel to SR 24 MP 31.7 connecting neighborhoods and schools in Leipsic.,Kent,SR 24,bike-ped,3200000,2776867,unfunded,planning,5,pedestrian; bicycle,2026,4,25,true,false,false,true,bicycle; pedestrian; trail; vru
UNF-2843,T202641228 Christiana Local Road Safety Plan,Data-driven local road safety plan for Christiana identifying a high-injury network and proven countermeasures.,New Castle,US 202,planning,1200000,1130092,unfunded,row,46,auto; pedestrian,2028,1,14,false,false,false,false,safety-plan; data-driven; planning
UNF-2844,T202741265 SR 42 Intersection Safety Package — Bowers Phase 2,"Systemic safety package at SR 42 MP 20.2 serving Bowers: signal upgrades, left-turn protection, lighting, and pedestrian intervals.",Kent,SR 42,safety,7280000,5683629,unfunded,row,53,auto; pedestrian,2026,4,16,true,true,false,true,intersection; signal; safety; pedestrian; high-crash
UNF-2845,T202241302 SR 141 ITS Camera and Fiber — Gumboro FY27,"CCTV, fiber interconnect, and TMC integration on SR 141 MP 39.3 serving Gumboro and Sussex County operations.",Sussex,SR 141,signals,5440000,4652265,partially-funded,final-design,74,auto,2028,0,8,false,false,false,false,its; operations; congestion; signal
UNF-2846,T202341339 SR 404 Bridge Culvert Replacement — Bridgeville,Replace a deteriorated culvert on SR 404 MP 3.3 near Bridgeville to restore hydraulic capacity and legal loads.,Sussex,SR 404,bridge,1510000,1404152,unfunded,row,46,auto; freight,2026,0,12,false,false,true,false,bridge; culvert; scour; state-of-good-repair
UNF-2847,T202441376 SR 52 Bridge Preservation — Arden Phase 2,"Deck overlay, joint replacement, and scour countermeasures on the SR 52 bridge near Arden (MP 1.5).",New Castle,SR 52,bridge,22570000,22139760,unfunded,final-design,76,auto; freight,2027,0,10,false,false,false,false,bridge; preservation; state-of-good-repair
UNF-2848,T202541413 Smyrna DART Stop and Access Improvements — SR 26,"Accessible pads, shelters, lighting, and sidewalk connections to DART stops on SR 26 in Smyrna.",Kent,SR 26,transit,4190000,4146356,unfunded,row,46,transit; pedestrian,2028,0,4,false,false,true,true,transit; equity; pedestrian; ada
UNF-2849,T202641450 I-95 Pavement Rehab — Greenwood Phase 1,Mill and overlay of deteriorated I-95 lanes through Greenwood (MP 41.5) to restore ride quality. Limited safety or equity components.,Sussex,I-95,pavement,15490000,15049430,unfunded,final-design,60,auto,2028,0,4,false,false,true,true,pavement; preservation; state-of-good-repair
UNF-2850,T202741487 Rehoboth Beach Roundabout Conversion — DE 1,Convert a high-crash DE 1 intersection in Rehoboth Beach (MP 2.1) to a single-lane roundabout with pedestrian crossings.,Sussex,DE 1,safety,11230000,9754775,unfunded,row,47,auto; pedestrian,2025,3,23,true,false,false,false,roundabout; intersection; safety; pedestrian
UNF-2851,T202241524 SR 2 Lane Departure Countermeasures — Edgemoor,"Rumble strips, high-friction surface treatment, and curve warning upgrades on SR 2 MP 25.6 near Edgemoor.",New Castle,SR 2,safety,9240000,7621077,unfunded,planning,8,auto,2027,2,11,true,false,false,false,lane-departure; rural; high-friction; systemic; safety
UNF-2852,T202341561 SR 896 Pavement Rehab — Port Penn Group A,Mill and overlay of deteriorated SR 896 lanes through Port Penn (MP 14.6) to restore ride quality. Limited safety or equity components.,New Castle,SR 896,pavement,17100000,13549319,partially-funded,row,44,auto,2029,0,9,false,false,false,false,pavement; preservation; state-of-good-repair
UNF-2853,T202441598 Delaware City Adaptive Signal System — SR 72,"Adaptive signal control, detection, and communications along SR 72 MP 34.2 in Delaware City.",New Castle,SR 72,signals,6760000,5486369,unfunded,planning,12,auto; transit,2028,1,17,true,false,false,true,signal; operations; congestion; safety
UNF-2854,T202541635 SR 26 Concrete Pavement Restoration — Dover,"Slab repair, diamond grinding, and joint resealing on SR 26 MP 4.1 in Kent County near Dover.",Kent,SR 26,pavement,15530000,13923702,unfunded,row,42,auto,2029,1,6,false,true,true,false,pavement; concrete; preservation
UNF-2855,T202641672 SR 14 Bridge Preservation — Middletown FY26,"Deck overlay, joint replacement, and scour countermeasures on the SR 14 bridge near Middletown (MP 11.4).",New Castle,SR 14,bridge,27190000,26581731,unfunded,construction-ready,93,auto; freight,2027,1,12,false,false,true,true,bridge; preservation; state-of-good-repair
UNF-2856,T202741709 Elsmere Truck Route Geometric Improvements — SR 36,Widen turning radii and upgrade shoulders for freight movements on SR 36 MP 29.3 near Elsmere.,New Castle,SR 36,freight,7160000,6037126,unfunded,final-design,65,freight; auto,2026,0,9,false,false,false,true,freight; geometry; shoulders
UNF-2857,T202241746 SR 273 Freight Bottleneck Relief — Rising Sun,"Intersection capacity, turning-radius, and signal timing improvements for industrial freight on SR 273 MP 41.7 in Rising Sun.",Kent,SR 273,freight,7330000,6536985,unfunded,final-design,84,freight; auto,2025,0,8,false,false,true,false,freight; bottleneck; signal; reliability
UNF-2858,T202341783 Port Penn Sidewalk and Crossing Gap Closure — SR 2,"Fill sidewalk gaps and add high-visibility crossings along SR 2 MP 30.5 in Port Penn, with ADA curb ramps.",New Castle,SR 2,bike-ped,8280000,7391838,unfunded,row,56,pedestrian; bicycle,2029,0,2,false,true,false,true,pedestrian; ada; crossing; vru
UNF-2859,T202441820 Wilmington Adaptive Signal System — SR 300,"Adaptive signal control, detection, and communications along SR 300 MP 14.0 in Wilmington.",New Castle,SR 300,signals,2570000,2223339,unfunded,final-design,66,auto; transit,2028,0,1,false,true,false,true,signal; operations; congestion; safety
UNF-2860,T202541857 Lewes Roundabout Conversion — SR 36,Convert a high-crash SR 36 intersection in Lewes (MP 27.9) to a single-lane roundabout with pedestrian crossings.,Sussex,SR 36,safety,13350000,12637053,unfunded,row,47,auto; pedestrian,2025,2,8,true,false,false,true,roundabout; intersection; safety; pedestrian
UNF-2861,T202641894 Camden-Wyoming Sidewalk and Crossing Gap Closure — SR 71,"Fill sidewalk gaps and add high-visibility crossings along SR 71 MP 32.7 in Camden-Wyoming, with ADA curb ramps.",Kent,SR 71,bike-ped,5400000,4165973,unfunded,row,44,pedestrian; bicycle,2028,6,28,true,false,true,false,pedestrian; ada; crossing; vru
UNF-2862,T202741931 SR 42 Bridge Culvert Replacement — Ellendale,Replace a deteriorated culvert on SR 42 MP 40.5 near Ellendale to restore hydraulic capacity and legal loads.,Sussex,SR 42,bridge,7730000,6818744,unfunded,construction-ready,85,auto; freight,2027,1,10,false,false,true,false,bridge; culvert; scour; state-of-good-repair
UNF-2863,T202241968 DE 1 Bridge Culvert Replacement — Milford,Replace a deteriorated culvert on DE 1 MP 34.3 near Milford to restore hydraulic capacity and legal loads.,Sussex,DE 1,bridge,3710000,3251359,unfunded,final-design,60,auto; freight,2028,0,2,false,false,true,false,bridge; culvert; scour; state-of-good-repair
UNF-2864,T202342005 SR 54 Intersection Safety Package — Newark Northbound,"Systemic safety package at SR 54 MP 33.9 serving Newark: signal upgrades, left-turn protection, lighting, and pedestrian intervals.",New Castle,SR 54,safety,11680000,11472815,unfunded,row,40,auto; pedestrian,2029,3,12,true,false,false,false,intersection; signal; safety; pedestrian; high-crash
UNF-2865,T202442042 US 40 Intersection Safety Package — Bellefonte Southbound,"Systemic safety package at US 40 MP 11.8 serving Bellefonte: signal upgrades, left-turn protection, lighting, and pedestrian intervals.",New Castle,US 40,safety,12430000,10304630,unfunded,construction-ready,93,auto; pedestrian,2029,0,3,false,false,false,false,intersection; signal; safety; pedestrian; high-crash
UNF-2866,T202542079 SR 36 Bridge Culvert Replacement — Edgemoor,Replace a deteriorated culvert on SR 36 MP 1.0 near Edgemoor to restore hydraulic capacity and legal loads.,New Castle,SR 36,bridge,4110000,4037042,unfunded,preliminary-design,20,auto; freight,2027,0,8,false,true,false,true,bridge; culvert; scour; state-of-good-repair
UNF-2867,T202642116 DE 1 Concrete Pavement Restoration — Dagsboro,"Slab repair, diamond grinding, and joint resealing on DE 1 MP 42.9 in Sussex County near Dagsboro.",Sussex,DE 1,pavement,11580000,10006998,unfunded,planning,10,auto,2025,0,12,false,false,true,false,pavement; concrete; preservation
UNF-2868,T202742153 Hockessin DART Stop and Access Improvements — I-95,"Accessible pads, shelters, lighting, and sidewalk connections to DART stops on I-95 in Hockessin.",New Castle,I-95,transit,1870000,1415110,unfunded,planning,19,transit; pedestrian,2028,1,9,false,false,false,false,transit; equity; pedestrian; ada
UNF-2869,T202242190 Millsboro Local Road Safety Plan,Data-driven local road safety plan for Millsboro identifying a high-injury network and proven countermeasures.,Sussex,SR 30,planning,1070000,1023383,partially-funded,planning,18,auto; pedestrian,2026,0,0,false,false,true,false,safety-plan; data-driven; planning
UNF-2870,T202342227 SR 72 Lane Departure Countermeasures — Christiana,"Rumble strips, high-friction surface treatment, and curve warning upgrades on SR 72 MP 15.4 near Christiana.",New Castle,SR 72,safety,5440000,4566341,unfunded,row,48,auto,2028,2,20,true,true,false,false,lane-departure; rural; high-friction; systemic; safety
UNF-2871,T202442264 SR 72 Pavement Rehab — Dover Group A,Mill and overlay of deteriorated SR 72 lanes through Dover (MP 8.8) to restore ride quality. Limited safety or equity components.,Kent,SR 72,pavement,11740000,10962032,unfunded,row,46,auto,2025,1,17,true,true,false,false,pavement; preservation; state-of-good-repair
UNF-2872,T202542301 US 113 Pavement Rehab — Red Lion Group A,Mill and overlay of deteriorated US 113 lanes through Red Lion (MP 27.3) to restore ride quality. Limited safety or equity components.,New Castle,US 113,pavement,18900000,18019480,unfunded,planning,9,auto,2025,1,8,false,false,false,false,pavement; preservation; state-of-good-repair
UNF-2873,T202642338 SR 58 Lane Departure Countermeasures — Slaughter Beach,"Rumble strips, high-friction surface treatment, and curve warning upgrades on SR 58 MP 33.9 near Slaughter Beach.",Sussex,SR 58,safety,3670000,3397569,partially-funded,final-design,74,auto,2026,1,10,false,true,true,false,lane-departure; rural; high-friction; systemic; safety
UNF-2874,T202742375 Felton Truck Route Geometric Improvements — SR 300,Widen turning radii and upgrade shoulders for freight movements on SR 300 MP 14.1 near Felton.,Kent,SR 300,freight,17410000,15732997,unfunded,row,50,freight; auto,2028,1,5,false,true,false,false,freight; geometry; shoulders
UNF-2875,T202242412 Hockessin Slope Stabilization — SR 299 MP 43.6,"Embankment repair, drainage, and slope stabilization on SR 299 near Hockessin after repeated washouts.",New Castle,SR 299,resilience,9570000,7365219,unfunded,planning,11,auto,2027,1,16,true,false,false,false,slope; drainage; resilience; geotech
UNF-2876,T202342449 US 301 Drainage and Flood Mitigation — Selbyville,Stormwater upgrades and roadway raising where US 301 MP 5.5 floods near Selbyville.,Sussex,US 301,resilience,21910000,19380219,unfunded,construction-ready,98,auto,2027,0,3,false,true,true,false,flood; drainage; resilience
UNF-2877,T202442486 SR 299 Intersection Safety Package — Stanton FY26,"Systemic safety package at SR 299 MP 27.3 serving Stanton: signal upgrades, left-turn protection, lighting, and pedestrian intervals.",New Castle,SR 299,safety,14950000,14312721,unfunded,construction-ready,98,auto; pedestrian,2026,0,11,false,false,true,false,intersection; signal; safety; pedestrian; high-crash
UNF-2878,T202542523 Delaware City Complete Streets — SR 7 Town Center,"Lane reallocation, bicycle facilities, and pedestrian lighting on SR 7 through Delaware City town center (FY26).",New Castle,SR 7,complete-streets,11250000,9990448,unfunded,final-design,66,auto; pedestrian; bicycle,2029,2,15,true,true,true,true,complete-streets; bike-ped; equity; safety
UNF-2879,T202642560 Newark Adaptive Signal System — US 202,"Adaptive signal control, detection, and communications along US 202 MP 33.7 in Newark.",New Castle,US 202,signals,8780000,8726236,unfunded,construction-ready,88,auto; transit,2025,0,6,false,false,false,false,signal; operations; congestion; safety
UNF-2880,T202742597 SR 42 Bridge Preservation — Leipsic Southbound,"Deck overlay, joint replacement, and scour countermeasures on the SR 42 bridge near Leipsic (MP 34.6).",Kent,SR 42,bridge,33730000,25928093,partially-funded,preliminary-design,27,auto; freight,2027,0,5,false,false,true,false,bridge; preservation; state-of-good-repair
UNF-2881,T202242634 SR 24 Bridge Preservation — Dagsboro Group B,"Deck overlay, joint replacement, and scour countermeasures on the SR 24 bridge near Dagsboro (MP 26.9).",Sussex,SR 24,bridge,27290000,25459478,unfunded,row,46,auto; freight,2028,0,13,false,true,true,false,bridge; preservation; state-of-good-repair
UNF-2882,T202342671 Little Creek Sidewalk and Crossing Gap Closure — SR 16,"Fill sidewalk gaps and add high-visibility crossings along SR 16 MP 17.8 in Little Creek, with ADA curb ramps.",Kent,SR 16,bike-ped,3260000,2572972,unfunded,row,46,pedestrian; bicycle,2029,1,11,false,false,false,true,pedestrian; ada; crossing; vru
UNF-2883,T202442708 Smyrna Roundabout Conversion — SR 2,Convert a high-crash SR 2 intersection in Smyrna (MP 15.5) to a single-lane roundabout with pedestrian crossings.,Kent,SR 2,safety,8580000,7100658,unfunded,planning,7,auto; pedestrian,2027,0,12,false,false,true,false,roundabout; intersection; safety; pedestrian
UNF-2884,T202542745 Kirkwood Complete Streets — SR 8 Town Center,"Lane reallocation, bicycle facilities, and pedestrian lighting on SR 8 through Kirkwood town center (Group A).",New Castle,SR 8,complete-streets,9490000,8015297,unfunded,final-design,77,auto; pedestrian; bicycle,2025,3,15,true,false,true,false,complete-streets; bike-ped; equity; safety
UNF-2885,T202642782 SR 16 Bridge Culvert Replacement — Camden,Replace a deteriorated culvert on SR 16 MP 38.9 near Camden to restore hydraulic capacity and legal loads.,Kent,SR 16,bridge,4540000,4177299,unfunded,row,48,auto; freight,2026,0,5,false,false,false,false,bridge; culvert; scour; state-of-good-repair
UNF-2886,T202742819 SR 18 Guardrail and End Treatment Upgrade — Georgetown,Replace outdated guardrail and end treatments on SR 18 MP 14.2 near Georgetown to current MASH standards.,Sussex,SR 18,safety,4400000,4391517,unfunded,final-design,70,auto,2027,6,27,true,true,true,false,guardrail; safety; roadside; systemic
UNF-2887,T202242856 Stanton Adaptive Signal System — SR 1,"Adaptive signal control, detection, and communications along SR 1 MP 6.3 in Stanton.",New Castle,SR 1,signals,4650000,3849102,unfunded,construction-ready,94,auto; transit,2027,0,2,false,false,true,false,signal; operations; congestion; safety
UNF-2888,T202342893 SR 202 Intersection Safety Package — Magnolia Phase 2,"Systemic safety package at SR 202 MP 14.7 serving Magnolia: signal upgrades, left-turn protection, lighting, and pedestrian intervals.",Kent,SR 202,safety,4570000,4003795,unfunded,row,55,auto; pedestrian,2025,6,24,true,false,false,true,intersection; signal; safety; pedestrian; high-crash
UNF-2889,T202442930 Harrington Sidewalk and Crossing Gap Closure — SR 24,"Fill sidewalk gaps and add high-visibility crossings along SR 24 MP 17.3 in Harrington, with ADA curb ramps.",Kent,SR 24,bike-ped,8240000,6391750,unfunded,row,58,pedestrian; bicycle,2027,3,12,true,false,true,true,pedestrian; ada; crossing; vru
UNF-2890,T202542967 Cheswold DART Stop and Access Improvements — SR 48,"Accessible pads, shelters, lighting, and sidewalk connections to DART stops on SR 48 in Cheswold.",Kent,SR 48,transit,5040000,3934055,unfunded,row,58,transit; pedestrian,2027,0,13,false,false,true,true,transit; equity; pedestrian; ada
UNF-2891,T202643004 Townsend Truck Route Geometric Improvements — SR 52,Widen turning radii and upgrade shoulders for freight movements on SR 52 MP 17.8 near Townsend.,New Castle,SR 52,freight,10970000,10304611,unfunded,planning,6,freight; auto,2028,0,5,false,false,false,false,freight; geometry; shoulders
UNF-2892,T202743041 Bear Community Charging Hub — SR 404,Public DC fast charging adjacent to SR 404 serving Bear residents without home charging.,New Castle,SR 404,ev-charging,3300000,2607677,unfunded,final-design,74,auto,2025,0,11,false,true,false,true,ev; equity; community; charging
UNF-2893,T202243078 SR 202 Freight Bottleneck Relief — Seaford,"Intersection capacity, turning-radius, and signal timing improvements for industrial freight on SR 202 MP 30.9 in Seaford.",Sussex,SR 202,freight,8290000,6246255,partially-funded,final-design,65,freight; auto,2029,1,4,false,false,true,false,freight; bottleneck; signal; reliability
UNF-2894,T202343115 US 40 Lane Departure Countermeasures — Middletown,"Rumble strips, high-friction surface treatment, and curve warning upgrades on US 40 MP 10.6 near Middletown.",New Castle,US 40,safety,4710000,3765940,unfunded,preliminary-design,26,auto,2028,1,13,false,true,false,false,lane-departure; rural; high-friction; systemic; safety
UNF-2895,T202443152 Bethany Beach Roundabout Conversion — US 113,Convert a high-crash US 113 intersection in Bethany Beach (MP 2.2) to a single-lane roundabout with pedestrian crossings.,Sussex,US 113,safety,9500000,7172346,unfunded,row,53,auto; pedestrian,2025,4,17,true,false,true,false,roundabout; intersection; safety; pedestrian
UNF-2896,T202543189 I-495 Drainage and Flood Mitigation — Blades,Stormwater upgrades and roadway raising where I-495 MP 21.9 floods near Blades.,Sussex,I-495,resilience,6260000,5839711,unfunded,row,36,auto,2029,1,7,false,false,true,false,flood; drainage; resilience
UNF-2897,T202643226 Bethany Beach Sidewalk and Crossing Gap Closure — I-95,"Fill sidewalk gaps and add high-visibility crossings along I-95 MP 12.3 in Bethany Beach, with ADA curb ramps.",Sussex,I-95,bike-ped,5550000,4764861,unfunded,construction-ready,96,pedestrian; bicycle,2025,6,25,true,true,true,false,pedestrian; ada; crossing; vru
UNF-2898,T202743263 SR 202 Concrete Pavement Restoration — Harrington,"Slab repair, diamond grinding, and joint resealing on SR 202 MP 16.5 in Kent County near Harrington.",Kent,SR 202,pavement,26670000,26530225,unfunded,preliminary-design,20,auto,2025,1,16,true,false,true,false,pavement; concrete; preservation
UNF-2899,T202243300 DART Bus Maintenance Facility Rehab — Leipsic,"Rehabilitate the DART bus maintenance garage in Leipsic, including lifts, bus wash, and charging/fueling for the transit fleet.",Kent,SR 42,transit,21400000,19398128,unfunded,planning,19,transit,2025,0,3,false,false,false,false,transit; bus-fleet; garage; facility; low-no
UNF-2900,T202343337 SR 2 ITS Camera and Fiber — Delaware City Northbound,"CCTV, fiber interconnect, and TMC integration on SR 2 MP 22.0 serving Delaware City and New Castle County operations.",New Castle,SR 2,signals,5790000,4970861,unfunded,final-design,83,auto,2025,0,12,false,false,false,false,its; operations; congestion; signal
UNF-2901,T202443374 SR 273 Freight Bottleneck Relief — Ellendale,"Intersection capacity, turning-radius, and signal timing improvements for industrial freight on SR 273 MP 24.2 in Ellendale.",Sussex,SR 273,freight,10690000,9666109,unfunded,preliminary-design,30,freight; auto,2026,1,4,false,false,false,false,freight; bottleneck; signal; reliability
UNF-2902,T202543411 DART Bus Fleet Replacement — Hockessin Division,"Replace diesel buses with low- and no-emission transit buses and related equipment at the DART Hockessin division, including depot charging.",New Castle,SR 300,transit,31080000,28352537,unfunded,final-design,83,transit,2025,1,7,false,false,true,false,transit; bus-fleet; low-no; zero-emission; garage
UNF-2903,T202643448 Woodside Shared-Use Path — SR 36 Phase 1,Construct a shared-use path parallel to SR 36 MP 44.8 connecting neighborhoods and schools in Woodside.,Kent,SR 36,bike-ped,9360000,7777855,unfunded,planning,16,pedestrian; bicycle,2025,5,21,true,false,false,true,bicycle; pedestrian; trail; vru
UNF-2904,T202743485 New Castle DART Stop and Access Improvements — SR 8,"Accessible pads, shelters, lighting, and sidewalk connections to DART stops on SR 8 in New Castle.",New Castle,SR 8,transit,6450000,6324963,unfunded,row,37,transit; pedestrian,2026,0,5,false,false,false,true,transit; equity; pedestrian; ada
UNF-2905,T202243522 SR 30 Pavement Rehab — Millsboro FY26,Mill and overlay of deteriorated SR 30 lanes through Millsboro (MP 1.2) to restore ride quality. Limited safety or equity components.,Sussex,SR 30,pavement,21780000,17698255,unfunded,row,35,auto,2026,1,14,false,false,false,false,pavement; preservation; state-of-good-repair
UNF-2906,T202343559 SR 273 Bridge Preservation — Frankford Phase 2,"Deck overlay, joint replacement, and scour countermeasures on the SR 273 bridge near Frankford (MP 9.9).",Sussex,SR 273,bridge,25400000,23195708,unfunded,row,53,auto; freight,2025,1,5,false,true,true,false,bridge; preservation; state-of-good-repair
UNF-2907,T202443596 Georgetown School Zone and Speed Management,"School-zone flashers, gateway treatments, and speed management on local streets feeding SR 299 in Georgetown.",Sussex,SR 299,safety,1180000,1059286,unfunded,construction-ready,97,auto; pedestrian,2027,2,15,true,false,true,true,safety; school; speed-management; lighting
UNF-2908,T202543633 Camden Sidewalk and Crossing Gap Closure — SR 72,"Fill sidewalk gaps and add high-visibility crossings along SR 72 MP 33.6 in Camden, with ADA curb ramps.",Kent,SR 72,bike-ped,6850000,5326939,unfunded,planning,9,pedestrian; bicycle,2029,4,21,true,false,false,false,pedestrian; ada; crossing; vru
UNF-2909,T202643670 SR 52 Intersection Safety Package — Odessa Group A,"Systemic safety package at SR 52 MP 29.1 serving Odessa: signal upgrades, left-turn protection, lighting, and pedestrian intervals.",New Castle,SR 52,safety,4410000,3611634,unfunded,preliminary-design,27,auto; pedestrian,2027,5,22,true,false,false,false,intersection; signal; safety; pedestrian; high-crash
UNF-2910,T202743707 Bethany Beach School Zone and Speed Management,"School-zone flashers, gateway treatments, and speed management on local streets feeding SR 52 in Bethany Beach.",Sussex,SR 52,safety,5100000,5023797,unfunded,row,45,auto; pedestrian,2027,2,20,true,true,true,false,safety; school; speed-management; lighting
UNF-2911,T202243744 SR 71 Pavement Rehab — Lincoln Group B,Mill and overlay of deteriorated SR 71 lanes through Lincoln (MP 30.1) to restore ride quality. Limited safety or equity components.,Sussex,SR 71,pavement,21580000,20130555,unfunded,row,39,auto,2029,0,0,false,true,true,false,pavement; preservation; state-of-good-repair
UNF-2912,T202343781 Dagsboro Truck Route Geometric Improvements — US 13,Widen turning radii and upgrade shoulders for freight movements on US 13 MP 42.4 near Dagsboro.,Sussex,US 13,freight,14510000,12290081,unfunded,final-design,68,freight; auto,2025,0,12,false,false,false,true,freight; geometry; shoulders
UNF-2913,T202443818 Bethany Beach Truck Route Geometric Improvements — SR 54,Widen turning radii and upgrade shoulders for freight movements on SR 54 MP 17.2 near Bethany Beach.,Sussex,SR 54,freight,15480000,12764396,unfunded,planning,10,freight; auto,2027,0,13,false,false,true,false,freight; geometry; shoulders
UNF-2914,T202543855 SR 9 Pavement Rehab — Claymont Group B,Mill and overlay of deteriorated SR 9 lanes through Claymont (MP 38.4) to restore ride quality. Limited safety or equity components.,New Castle,SR 9,pavement,5520000,5233563,unfunded,planning,8,auto,2029,1,5,false,false,false,true,pavement; preservation; state-of-good-repair
UNF-2915,T202643892 SR 26 Lane Departure Countermeasures — Newport,"Rumble strips, high-friction surface treatment, and curve warning upgrades on SR 26 MP 32.2 near Newport.",New Castle,SR 26,safety,3050000,2614809,unfunded,final-design,65,auto,2029,6,24,true,false,false,true,lane-departure; rural; high-friction; systemic; safety
UNF-2916,T202743929 SR 300 Intersection Safety Package — Millsboro Southbound,"Systemic safety package at SR 300 MP 10.2 serving Millsboro: signal upgrades, left-turn protection, lighting, and pedestrian intervals.",Sussex,SR 300,safety,15280000,13154352,unfunded,row,51,auto; pedestrian,2027,5,23,true,true,true,true,intersection; signal; safety; pedestrian; high-crash
UNF-2917,T202243966 US 113 ITS Camera and Fiber — Dewey Beach Southbound,"CCTV, fiber interconnect, and TMC integration on US 113 MP 8.2 serving Dewey Beach and Sussex County operations.",Sussex,US 113,signals,5650000,5322036,unfunded,row,55,auto,2027,1,6,false,false,false,false,its; operations; congestion; signal
UNF-2918,T202344003 SR 299 ITS Camera and Fiber — Milton FY26,"CCTV, fiber interconnect, and TMC integration on SR 299 MP 3.1 serving Milton and Sussex County operations.",Sussex,SR 299,signals,1480000,1431324,unfunded,row,36,auto,2028,0,10,false,false,true,false,its; operations; congestion; signal
UNF-2919,T202444040 SR 7 Lane Departure Countermeasures — Houston,"Rumble strips, high-friction surface treatment, and curve warning upgrades on SR 7 MP 25.3 near Houston.",Kent,SR 7,safety,4050000,3445670,unfunded,final-design,82,auto,2027,3,15,true,true,false,false,lane-departure; rural; high-friction; systemic; safety
UNF-2920,T202544077 Glasgow Road Diet and Downtown Safety — SR 404,"Road diet, on-street parking reconfiguration, ADA ramps, and pedestrian lighting in Glasgow along SR 404.",New Castle,SR 404,complete-streets,6460000,5544885,partially-funded,final-design,74,auto; pedestrian; bicycle,2028,5,25,true,false,false,false,road-diet; ada; downtown; complete-streets; safety
UNF-2921,T202644114 SR 10 Intersection Safety Package — Viola FY27,"Systemic safety package at SR 10 MP 41.4 serving Viola: signal upgrades, left-turn protection, lighting, and pedestrian intervals.",Kent,SR 10,safety,13110000,10530404,partially-funded,preliminary-design,29,auto; pedestrian,2026,2,8,true,false,true,true,intersection; signal; safety; pedestrian; high-crash
UNF-2922,T202744151 US 40 Lane Departure Countermeasures — Edgemoor,"Rumble strips, high-friction surface treatment, and curve warning upgrades on US 40 MP 23.1 near Edgemoor.",New Castle,US 40,safety,8660000,7310325,unfunded,final-design,61,auto,2026,1,14,false,false,false,false,lane-departure; rural; high-friction; systemic; safety
UNF-2923,T202244188 SR 7 Bridge Preservation — Clayton Southbound,"Deck overlay, joint replacement, and scour countermeasures on the SR 7 bridge near Clayton (MP 36.3).",Kent,SR 7,bridge,27600000,23745841,partially-funded,preliminary-design,30,auto; freight,2025,1,10,false,true,true,false,bridge; preservation; state-of-good-repair
UNF-2924,T202344225 US 202 Guardrail and End Treatment Upgrade — Milford,Replace outdated guardrail and end treatments on US 202 MP 43.5 near Milford to current MASH standards.,Kent,US 202,safety,790000,602365,unfunded,row,42,auto,2028,3,24,true,true,false,false,guardrail; safety; roadside; systemic
UNF-2925,T202444262 SR 30 Bridge Preservation — Greenwood Phase 2,"Deck overlay, joint replacement, and scour countermeasures on the SR 30 bridge near Greenwood (MP 4.3).",Sussex,SR 30,bridge,36030000,29958919,unfunded,construction-ready,94,auto; freight,2026,0,2,false,true,true,false,bridge; preservation; state-of-good-repair
UNF-2926,T202544299 Harrington School Zone and Speed Management,"School-zone flashers, gateway treatments, and speed management on local streets feeding SR 202 in Harrington.",Kent,SR 202,safety,910000,739950,unfunded,final-design,81,auto; pedestrian,2028,4,29,true,true,true,false,safety; school; speed-management; lighting
UNF-2927,T202644336 Smyrna Road Diet and Downtown Safety — I-295,"Road diet, on-street parking reconfiguration, ADA ramps, and pedestrian lighting in Smyrna along I-295.",Kent,I-295,complete-streets,6290000,6002820,unfunded,row,40,auto; pedestrian; bicycle,2025,2,13,true,false,true,false,road-diet; ada; downtown; complete-streets; safety
UNF-2928,T202744373 US 202 Lane Departure Countermeasures — Hartly,"Rumble strips, high-friction surface treatment, and curve warning upgrades on US 202 MP 40.5 near Hartly.",Kent,US 202,safety,8600000,7239358,unfunded,preliminary-design,26,auto,2025,2,19,true,false,true,false,lane-departure; rural; high-friction; systemic; safety
UNF-2929,T202244410 I-295 Guardrail and End Treatment Upgrade — Felton,Replace outdated guardrail and end treatments on I-295 MP 28.8 near Felton to current MASH standards.,Kent,I-295,safety,4020000,3194108,unfunded,preliminary-design,25,auto,2029,0,10,false,false,true,true,guardrail; safety; roadside; systemic
UNF-2930,T202344447 US 40 Pavement Rehab — Kenton Southbound,Mill and overlay of deteriorated US 40 lanes through Kenton (MP 15.3) to restore ride quality. Limited safety or equity components.,Kent,US 40,pavement,6960000,6462915,unfunded,preliminary-design,31,auto,2029,1,8,false,false,false,true,pavement; preservation; state-of-good-repair
UNF-2931,T202444484 Bear Road Diet and Downtown Safety — SR 14,"Road diet, on-street parking reconfiguration, ADA ramps, and pedestrian lighting in Bear along SR 14.",New Castle,SR 14,complete-streets,9600000,9316337,unfunded,final-design,71,auto; pedestrian; bicycle,2027,6,27,true,true,false,true,road-diet; ada; downtown; complete-streets; safety
UNF-2932,T202544521 SR 71 Pavement Rehab — Kirkwood Northbound,Mill and overlay of deteriorated SR 71 lanes through Kirkwood (MP 30.1) to restore ride quality. Limited safety or equity components.,New Castle,SR 71,pavement,13590000,11582101,unfunded,final-design,68,auto,2028,0,3,false,false,false,true,pavement; preservation; state-of-good-repair
UNF-2933,T202644558 I-295 Guardrail and End Treatment Upgrade — Christiana,Replace outdated guardrail and end treatments on I-295 MP 43.1 near Christiana to current MASH standards.,New Castle,I-295,safety,2050000,1971644,unfunded,preliminary-design,21,auto,2026,5,30,true,true,false,false,guardrail; safety; roadside; systemic
UNF-2934,T202744595 Harrington DART Stop and Access Improvements — SR 141,"Accessible pads, shelters, lighting, and sidewalk connections to DART stops on SR 141 in Harrington.",Kent,SR 141,transit,2330000,1947645,unfunded,preliminary-design,23,transit; pedestrian,2028,1,14,false,false,true,false,transit; equity; pedestrian; ada
UNF-2935,T202244632 US 113 Pavement Rehab — Ocean View Northbound,Mill and overlay of deteriorated US 113 lanes through Ocean View (MP 37.9) to restore ride quality. Limited safety or equity components.,Sussex,US 113,pavement,16790000,13244868,unfunded,row,42,auto,2026,0,3,false,false,true,false,pavement; preservation; state-of-good-repair
UNF-2936,T202344669 Bethel Sidewalk and Crossing Gap Closure — SR 141,"Fill sidewalk gaps and add high-visibility crossings along SR 141 MP 42.4 in Bethel, with ADA curb ramps.",Sussex,SR 141,bike-ped,6970000,6717936,unfunded,planning,17,pedestrian; bicycle,2026,2,12,true,true,true,false,pedestrian; ada; crossing; vru
UNF-2937,T202444706 Wilmington DART Stop and Access Improvements — SR 141,"Accessible pads, shelters, lighting, and sidewalk connections to DART stops on SR 141 in Wilmington.",New Castle,SR 141,transit,5440000,4809396,unfunded,final-design,66,transit; pedestrian,2028,0,0,false,true,false,false,transit; equity; pedestrian; ada
UNF-2938,T202544743 Dewey Beach DART Stop and Access Improvements — SR 7,"Accessible pads, shelters, lighting, and sidewalk connections to DART stops on SR 7 in Dewey Beach.",Sussex,SR 7,transit,1280000,1044770,unfunded,preliminary-design,32,transit; pedestrian,2029,1,8,false,false,true,false,transit; equity; pedestrian; ada
UNF-2939,T202644780 Bear Local Road Safety Plan,Data-driven local road safety plan for Bear identifying a high-injury network and proven countermeasures.,New Castle,SR 4,planning,310000,267452,unfunded,construction-ready,89,auto; pedestrian,2028,1,11,false,false,false,true,safety-plan; data-driven; planning
UNF-2940,T202744817 SR 2 Drainage and Flood Mitigation — Bellefonte,Stormwater upgrades and roadway raising where SR 2 MP 41.5 floods near Bellefonte.,New Castle,SR 2,resilience,10240000,9866757,unfunded,planning,7,auto,2026,0,12,false,true,false,false,flood; drainage; resilience
UNF-2941,T202244854 Lincoln Sidewalk and Crossing Gap Closure — I-495,"Fill sidewalk gaps and add high-visibility crossings along I-495 MP 4.3 in Lincoln, with ADA curb ramps.",Sussex,I-495,bike-ped,6690000,5376397,unfunded,final-design,78,pedestrian; bicycle,2027,5,27,true,true,true,false,pedestrian; ada; crossing; vru
UNF-2942,T202344891 I-495 Pavement Rehab — Cheswold Phase 1,Mill and overlay of deteriorated I-495 lanes through Cheswold (MP 34.4) to restore ride quality. Limited safety or equity components.,Kent,I-495,pavement,8000000,6318243,unfunded,planning,15,auto,2025,0,11,false,true,true,true,pavement; preservation; state-of-good-repair
UNF-2943,T202444928 Hockessin Shared-Use Path — DE 1 Group B,Construct a shared-use path parallel to DE 1 MP 14.4 connecting neighborhoods and schools in Hockessin.,New Castle,DE 1,bike-ped,9400000,9304695,unfunded,final-design,62,pedestrian; bicycle,2027,0,2,false,false,false,false,bicycle; pedestrian; trail; vru
UNF-2944,T202544965 Dewey Beach Community Charging Hub — US 13,Public DC fast charging adjacent to US 13 serving Dewey Beach residents without home charging.,Sussex,US 13,ev-charging,4030000,3293659,unfunded,preliminary-design,21,auto,2028,0,9,false,true,true,false,ev; equity; community; charging
UNF-2945,T202645002 Elsmere School Zone and Speed Management,"School-zone flashers, gateway treatments, and speed management on local streets feeding SR 141 in Elsmere.",New Castle,SR 141,safety,4810000,4650319,unfunded,planning,16,auto; pedestrian,2028,0,8,false,false,false,false,safety; school; speed-management; lighting
UNF-2946,T202745039 Camden-Wyoming DART Stop and Access Improvements — SR 24,"Accessible pads, shelters, lighting, and sidewalk connections to DART stops on SR 24 in Camden-Wyoming.",Kent,SR 24,transit,6120000,5756692,unfunded,planning,15,transit; pedestrian,2027,0,7,false,false,false,false,transit; equity; pedestrian; ada
UNF-2947,T202245076 SR 141 Drainage and Flood Mitigation — Greenville,Stormwater upgrades and roadway raising where SR 141 MP 16.1 floods near Greenville.,New Castle,SR 141,resilience,8710000,6634961,unfunded,row,54,auto,2026,1,16,true,true,false,false,flood; drainage; resilience
UNF-2948,T202345113 Wyoming Complete Streets — SR 16 Town Center,"Lane reallocation, bicycle facilities, and pedestrian lighting on SR 16 through Wyoming town center (Phase 1).",Kent,SR 16,complete-streets,16620000,14114754,unfunded,preliminary-design,33,auto; pedestrian; bicycle,2028,0,7,false,false,true,false,complete-streets; bike-ped; equity; safety
UNF-2949,T202445150 Millsboro DART Stop and Access Improvements — SR 9,"Accessible pads, shelters, lighting, and sidewalk connections to DART stops on SR 9 in Millsboro.",Sussex,SR 9,transit,1340000,1138976,unfunded,final-design,79,transit; pedestrian,2027,1,16,true,true,true,true,transit; equity; pedestrian; ada
UNF-2950,T202545187 SR 36 Lane Departure Countermeasures — Odessa,"Rumble strips, high-friction surface treatment, and curve warning upgrades on SR 36 MP 17.7 near Odessa.",New Castle,SR 36,safety,5250000,4150712,unfunded,construction-ready,92,auto,2025,1,4,false,true,false,false,lane-departure; rural; high-friction; systemic; safety
UNF-2951,T202645224 DART Bus Fleet Replacement — Wyoming Division,"Replace diesel buses with low- and no-emission transit buses and related equipment at the DART Wyoming division, including depot charging.",Kent,US 202,transit,22620000,17582519,unfunded,preliminary-design,25,transit,2026,1,13,false,true,false,true,transit; bus-fleet; low-no; zero-emission; garage
UNF-2952,T202745261 I-295 Intersection Safety Package — Milton FY27,"Systemic safety package at I-295 MP 42.6 serving Milton: signal upgrades, left-turn protection, lighting, and pedestrian intervals.",Sussex,I-295,safety,14300000,12935110,unfunded,final-design,69,auto; pedestrian,2027,2,10,true,false,true,false,intersection; signal; safety; pedestrian; high-crash
UNF-2953,T202245298 SR 71 Drainage and Flood Mitigation — Leipsic,Stormwater upgrades and roadway raising where SR 71 MP 17.5 floods near Leipsic.,Kent,SR 71,resilience,26850000,25288102,partially-funded,row,59,auto,2029,1,11,false,true,false,false,flood; drainage; resilience
UNF-2954,T202345335 SR 202 Intersection Safety Package — Ocean View Group A,"Systemic safety package at SR 202 MP 18.9 serving Ocean View: signal upgrades, left-turn protection, lighting, and pedestrian intervals.",Sussex,SR 202,safety,12390000,12069815,unfunded,final-design,74,auto; pedestrian,2028,2,9,true,true,true,false,intersection; signal; safety; pedestrian; high-crash
UNF-2955,T202445372 Bridgeville Road Diet and Downtown Safety — SR 16,"Road diet, on-street parking reconfiguration, ADA ramps, and pedestrian lighting in Bridgeville along SR 16.",Sussex,SR 16,complete-streets,11360000,10909657,unfunded,final-design,78,auto; pedestrian; bicycle,2028,1,9,false,false,true,false,road-diet; ada; downtown; complete-streets; safety
UNF-2956,T202545409 Houston Adaptive Signal System — SR 52,"Adaptive signal control, detection, and communications along SR 52 MP 26.0 in Houston.",Kent,SR 52,signals,8010000,7743296,unfunded,row,59,auto; transit,2026,1,17,true,true,true,false,signal; operations; congestion; safety
UNF-2957,T202645446 Slaughter Beach Slope Stabilization — SR 1 MP 9.5,"Embankment repair, drainage, and slope stabilization on SR 1 near Slaughter Beach after repeated washouts.",Sussex,SR 1,resilience,6220000,4684421,unfunded,final-design,70,auto,2025,0,0,false,true,true,true,slope; drainage; resilience; geotech
UNF-2958,T202745483 Frederica Adaptive Signal System — SR 300,"Adaptive signal control, detection, and communications along SR 300 MP 21.0 in Frederica.",Kent,SR 300,signals,8580000,8136268,unfunded,planning,19,auto; transit,2025,0,7,false,true,false,false,signal; operations; congestion; safety
UNF-2959,T202245520 Wilmington DART Stop and Access Improvements — US 40,"Accessible pads, shelters, lighting, and sidewalk connections to DART stops on US 40 in Wilmington.",New Castle,US 40,transit,1360000,1067561,unfunded,row,49,transit; pedestrian,2025,0,9,false,true,true,false,transit; equity; pedestrian; ada
UNF-2960,T202345557 US 13 Intersection Safety Package — Delmar Phase 1,"Systemic safety package at US 13 MP 38.9 serving Delmar: signal upgrades, left-turn protection, lighting, and pedestrian intervals.",Sussex,US 13,safety,2650000,2387527,partially-funded,construction-ready,97,auto; pedestrian,2025,6,34,true,true,true,false,intersection; signal; safety; pedestrian; high-crash
UNF-2961,T202445594 SR 92 Bridge Preservation — Houston FY26,"Deck overlay, joint replacement, and scour countermeasures on the SR 92 bridge near Houston (MP 39.5).",Kent,SR 92,bridge,4320000,3823904,unfunded,final-design,69,auto; freight,2025,1,15,true,true,false,false,bridge; preservation; state-of-good-repair
UNF-2962,T202545631 St. Georges Road Diet and Downtown Safety — SR 14,"Road diet, on-street parking reconfiguration, ADA ramps, and pedestrian lighting in St. Georges along SR 14.",New Castle,SR 14,complete-streets,8310000,7080425,unfunded,construction-ready,94,auto; pedestrian; bicycle,2029,3,15,true,false,false,true,road-diet; ada; downtown; complete-streets; safety
UNF-2963,T202645668 Hartly Truck Route Geometric Improvements — I-295,Widen turning radii and upgrade shoulders for freight movements on I-295 MP 36.1 near Hartly.,Kent,I-295,freight,17260000,16758291,unfunded,final-design,73,freight; auto,2028,0,1,false,false,true,false,freight; geometry; shoulders
UNF-2964,T202745705 Greenwood Road Diet and Downtown Safety — SR 16,"Road diet, on-street parking reconfiguration, ADA ramps, and pedestrian lighting in Greenwood along SR 16.",Sussex,SR 16,complete-streets,3590000,3585298,partially-funded,final-design,66,auto; pedestrian; bicycle,2026,2,13,true,false,true,false,road-diet; ada; downtown; complete-streets; safety
UNF-2965,T202245742 SR 36 Bridge Preservation — Slaughter Beach Group A,"Deck overlay, joint replacement, and scour countermeasures on the SR 36 bridge near Slaughter Beach (MP 6.6).",Sussex,SR 36,bridge,14450000,13649020,partially-funded,row,52,auto; freight,2025,0,12,false,false,true,false,bridge; preservation; state-of-good-repair
UNF-2966,T202345779 Claymont Sidewalk and Crossing Gap Closure — SR 16,"Fill sidewalk gaps and add high-visibility crossings along SR 16 MP 36.4 in Claymont, with ADA curb ramps.",New Castle,SR 16,bike-ped,1730000,1504119,unfunded,final-design,70,pedestrian; bicycle,2027,0,11,false,false,false,true,pedestrian; ada; crossing; vru
UNF-2967,T202445816 SR 92 Lane Departure Countermeasures — Greenville,"Rumble strips, high-friction surface treatment, and curve warning upgrades on SR 92 MP 9.2 near Greenville.",New Castle,SR 92,safety,5710000,4637863,unfunded,preliminary-design,30,auto,2028,2,14,true,true,false,false,lane-departure; rural; high-friction; systemic; safety
UNF-2968,T202545853 US 40 Intersection Safety Package — Lewes Southbound,"Systemic safety package at US 40 MP 6.8 serving Lewes: signal upgrades, left-turn protection, lighting, and pedestrian intervals.",Sussex,US 40,safety,9370000,7172038,unfunded,planning,13,auto; pedestrian,2027,4,21,true,true,true,true,intersection; signal; safety; pedestrian; high-crash
UNF-2969,T202645890 SR 10 Lane Departure Countermeasures — Long Neck,"Rumble strips, high-friction surface treatment, and curve warning upgrades on SR 10 MP 36.7 near Long Neck.",Sussex,SR 10,safety,6570000,5238962,unfunded,row,39,auto,2027,4,19,true,true,false,true,lane-departure; rural; high-friction; systemic; safety
UNF-2970,T202745927 DART Bus Fleet Replacement — Delaware City Division,"Replace diesel buses with low- and no-emission transit buses and related equipment at the DART Delaware City division, including depot charging.",New Castle,US 113,transit,16700000,14585317,partially-funded,construction-ready,100,transit,2027,1,6,false,false,false,false,transit; bus-fleet; low-no; zero-emission; garage
UNF-2971,T202245964 SR 299 Pavement Rehab — Port Penn FY27,Mill and overlay of deteriorated SR 299 lanes through Port Penn (MP 31.9) to restore ride quality. Limited safety or equity components.,New Castle,SR 299,pavement,14720000,12290992,unfunded,planning,17,auto,2027,1,11,false,false,false,true,pavement; preservation; state-of-good-repair
UNF-2972,T202346001 DART Bus Maintenance Facility Rehab — Clayton,"Rehabilitate the DART bus maintenance garage in Clayton, including lifts, bus wash, and charging/fueling for the transit fleet.",Kent,SR 300,transit,12820000,11138024,unfunded,construction-ready,96,transit,2028,1,5,false,true,true,false,transit; bus-fleet; garage; facility; low-no
UNF-2973,T202446038 Laurel DART Stop and Access Improvements — SR 26,"Accessible pads, shelters, lighting, and sidewalk connections to DART stops on SR 26 in Laurel.",Sussex,SR 26,transit,5500000,4184914,unfunded,preliminary-design,28,transit; pedestrian,2025,1,13,false,true,false,false,transit; equity; pedestrian; ada
UNF-2974,T202546075 Kirkwood DART Stop and Access Improvements — SR 404,"Accessible pads, shelters, lighting, and sidewalk connections to DART stops on SR 404 in Kirkwood.",New Castle,SR 404,transit,6150000,5519935,unfunded,final-design,67,transit; pedestrian,2027,1,17,true,true,false,false,transit; equity; pedestrian; ada
UNF-2975,T202646112 SR 7 Intersection Safety Package — Bear Group B,"Systemic safety package at SR 7 MP 35.8 serving Bear: signal upgrades, left-turn protection, lighting, and pedestrian intervals.",New Castle,SR 7,safety,15790000,12945040,unfunded,planning,6,auto; pedestrian,2026,2,13,true,false,false,true,intersection; signal; safety; pedestrian; high-crash
UNF-2976,T202746149 Stanton Shared-Use Path — SR 92 FY27,Construct a shared-use path parallel to SR 92 MP 11.0 connecting neighborhoods and schools in Stanton.,New Castle,SR 92,bike-ped,5810000,5441647,partially-funded,preliminary-design,21,pedestrian; bicycle,2026,0,4,false,true,false,false,bicycle; pedestrian; trail; vru
UNF-2977,T202246186 DE 1 Intersection Safety Package — Lewes Southbound,"Systemic safety package at DE 1 MP 14.2 serving Lewes: signal upgrades, left-turn protection, lighting, and pedestrian intervals.",Sussex,DE 1,safety,8910000,8549290,partially-funded,row,57,auto; pedestrian,2028,1,15,true,false,true,false,intersection; signal; safety; pedestrian; high-crash
UNF-2978,T202346223 SR 896 Intersection Safety Package — Delaware City FY26,"Systemic safety package at SR 896 MP 10.3 serving Delaware City: signal upgrades, left-turn protection, lighting, and pedestrian intervals.",New Castle,SR 896,safety,13130000,12796582,unfunded,preliminary-design,26,auto; pedestrian,2025,6,28,true,true,false,false,intersection; signal; safety; pedestrian; high-crash
UNF-2979,T202446260 SR 20 Intersection Safety Package — Selbyville Group A,"Systemic safety package at SR 20 MP 24.3 serving Selbyville: signal upgrades, left-turn protection, lighting, and pedestrian intervals.",Sussex,SR 20,safety,8540000,6581556,partially-funded,planning,12,auto; pedestrian,2028,0,7,false,false,false,false,intersection; signal; safety; pedestrian; high-crash
UNF-2980,T202546297 Dagsboro Road Diet and Downtown Safety — SR 7,"Road diet, on-street parking reconfiguration, ADA ramps, and pedestrian lighting in Dagsboro along SR 7.",Sussex,SR 7,complete-streets,10350000,9081243,unfunded,preliminary-design,22,auto; pedestrian; bicycle,2028,0,8,false,false,false,false,road-diet; ada; downtown; complete-streets; safety
UNF-2981,T202646334 SR 26 Bridge Preservation — Laurel Group A,"Deck overlay, joint replacement, and scour countermeasures on the SR 26 bridge near Laurel (MP 33.9).",Sussex,SR 26,bridge,22330000,20852465,unfunded,preliminary-design,32,auto; freight,2026,0,10,false,false,true,false,bridge; preservation; state-of-good-repair
UNF-2982,T202746371 SR 1 Pavement Rehab — Port Penn FY27,Mill and overlay of deteriorated SR 1 lanes through Port Penn (MP 43.6) to restore ride quality. Limited safety or equity components.,New Castle,SR 1,pavement,9350000,9263767,unfunded,preliminary-design,22,auto,2025,1,10,false,false,false,false,pavement; preservation; state-of-good-repair
UNF-2983,T202246408 Camden-Wyoming School Zone and Speed Management,"School-zone flashers, gateway treatments, and speed management on local streets feeding SR 202 in Camden-Wyoming.",Kent,SR 202,safety,3550000,3387322,partially-funded,planning,10,auto; pedestrian,2026,6,29,true,false,true,false,safety; school; speed-management; lighting
UNF-2984,T202346445 Edgemoor Adaptive Signal System — SR 300,"Adaptive signal control, detection, and communications along SR 300 MP 10.4 in Edgemoor.",New Castle,SR 300,signals,5980000,5940539,unfunded,final-design,60,auto; transit,2027,1,17,true,false,false,false,signal; operations; congestion; safety
UNF-2985,T202446482 I-295 Lane Departure Countermeasures — Rehoboth Beach,"Rumble strips, high-friction surface treatment, and curve warning upgrades on I-295 MP 36.6 near Rehoboth Beach.",Sussex,I-295,safety,5600000,5096344,partially-funded,construction-ready,88,auto,2026,5,23,true,true,false,false,lane-departure; rural; high-friction; systemic; safety
UNF-2986,T202546519 SR 54 Intersection Safety Package — Rising Sun FY27,"Systemic safety package at SR 54 MP 18.7 serving Rising Sun: signal upgrades, left-turn protection, lighting, and pedestrian intervals.",Kent,SR 54,safety,13540000,11590656,unfunded,planning,15,auto; pedestrian,2027,4,20,true,false,true,false,intersection; signal; safety; pedestrian; high-crash
UNF-2987,T202646556 US 40 Pavement Rehab — Newark Phase 2,Mill and overlay of deteriorated US 40 lanes through Newark (MP 17.4) to restore ride quality. Limited safety or equity components.,New Castle,US 40,pavement,10570000,10358117,unfunded,final-design,65,auto,2027,1,15,true,false,false,true,pavement; preservation; state-of-good-repair
UNF-2988,T202746593 SR 20 Pavement Rehab — New Castle FY26,Mill and overlay of deteriorated SR 20 lanes through New Castle (MP 18.3) to restore ride quality. Limited safety or equity components.,New Castle,SR 20,pavement,3190000,2399530,unfunded,row,37,auto,2025,0,0,false,true,false,true,pavement; preservation; state-of-good-repair
UNF-2989,T202246630 I-95 Concrete Pavement Restoration — Magnolia,"Slab repair, diamond grinding, and joint resealing on I-95 MP 41.9 in Kent County near Magnolia.",Kent,I-95,pavement,26130000,20209895,unfunded,planning,16,auto,2028,0,7,false,false,true,true,pavement; concrete; preservation
UNF-2990,T202346667 Red Lion Slope Stabilization — SR 58 MP 18.2,"Embankment repair, drainage, and slope stabilization on SR 58 near Red Lion after repeated washouts.",New Castle,SR 58,resilience,12370000,11625845,unfunded,final-design,70,auto,2029,0,2,false,false,true,false,slope; drainage; resilience; geotech
UNF-2991,T202446704 Milton Local Road Safety Plan,Data-driven local road safety plan for Milton identifying a high-injury network and proven countermeasures.,Sussex,SR 24,planning,960000,911753,unfunded,final-design,81,auto; pedestrian,2025,1,10,false,false,true,true,safety-plan; data-driven; planning
UNF-2992,T202546741 Hockessin Adaptive Signal System — I-295,"Adaptive signal control, detection, and communications along I-295 MP 6.7 in Hockessin.",New Castle,I-295,signals,7750000,6942488,unfunded,construction-ready,92,auto; transit,2028,1,4,false,false,false,false,signal; operations; congestion; safety
UNF-2993,T202646778 SR 1 Lane Departure Countermeasures — Georgetown,"Rumble strips, high-friction surface treatment, and curve warning upgrades on SR 1 MP 29.5 near Georgetown.",Sussex,SR 1,safety,2590000,2214949,unfunded,preliminary-design,21,auto,2027,0,4,false,false,true,true,lane-departure; rural; high-friction; systemic; safety
UNF-2994,T202746815 SR 300 Bridge Preservation — Lewes FY26,"Deck overlay, joint replacement, and scour countermeasures on the SR 300 bridge near Lewes (MP 19.8).",Sussex,SR 300,bridge,23490000,19753274,unfunded,final-design,79,auto; freight,2026,0,0,false,true,true,true,bridge; preservation; state-of-good-repair
UNF-2995,T202246852 Arden Local Road Safety Plan,Data-driven local road safety plan for Arden identifying a high-injury network and proven countermeasures.,New Castle,SR 52,planning,1110000,934487,unfunded,final-design,82,auto; pedestrian,2026,1,13,false,false,false,false,safety-plan; data-driven; planning
UNF-2996,T202346889 US 40 Bridge Preservation — Clayton Group A,"Deck overlay, joint replacement, and scour countermeasures on the US 40 bridge near Clayton (MP 44.4).",Kent,US 40,bridge,7620000,6989764,unfunded,planning,6,auto; freight,2027,1,8,false,true,true,false,bridge; preservation; state-of-good-repair
UNF-2997,T202446926 US 13 Intersection Safety Package — Slaughter Beach Group B,"Systemic safety package at US 13 MP 34.3 serving Slaughter Beach: signal upgrades, left-turn protection, lighting, and pedestrian intervals.",Sussex,US 13,safety,11720000,9825954,unfunded,row,49,auto; pedestrian,2028,0,2,false,false,true,true,intersection; signal; safety; pedestrian; high-crash
UNF-2998,T202546963 Lincoln Slope Stabilization — DE 1 MP 13.7,"Embankment repair, drainage, and slope stabilization on DE 1 near Lincoln after repeated washouts.",Sussex,DE 1,resilience,5500000,4147811,unfunded,final-design,84,auto,2029,0,0,false,true,true,false,slope; drainage; resilience; geotech
UNF-2999,T202647000 SR 20 ITS Camera and Fiber — New Castle FY27,"CCTV, fiber interconnect, and TMC integration on SR 20 MP 3.2 serving New Castle and New Castle County operations.",New Castle,SR 20,signals,2640000,2385717,unfunded,preliminary-design,21,auto,2028,0,7,false,true,false,false,its; operations; congestion; signal
UNF-3000,T202747037 Sussex County Freight and Multimodal Plan Update,"Update the Sussex County freight and multimodal plan, including bottleneck screening on SR 26 and equity analysis.",Sussex,SR 26,planning,1160000,990037,unfunded,row,59,auto; freight; transit,2029,0,7,false,false,false,false,planning; freight; multimodal; data-driven
UNF-3001,T202247074 I-495 Bridge Preservation — Georgetown Group B,"Deck overlay, joint replacement, and scour countermeasures on the I-495 bridge near Georgetown (MP 39.0).",Sussex,I-495,bridge,32260000,25114976,unfunded,final-design,79,auto; freight,2026,1,17,true,true,true,true,bridge; preservation; state-of-good-repair
UNF-3002,T202347111 SR 30 Bridge Preservation — Blades FY27,"Deck overlay, joint replacement, and scour countermeasures on the SR 30 bridge near Blades (MP 37.9).",Sussex,SR 30,bridge,29430000,28901198,unfunded,construction-ready,87,auto; freight,2025,0,3,false,false,true,false,bridge; preservation; state-of-good-repair
UNF-3003,T202447148 Kirkwood Shared-Use Path — SR 52 FY26,Construct a shared-use path parallel to SR 52 MP 34.4 connecting neighborhoods and schools in Kirkwood.,New Castle,SR 52,bike-ped,3760000,2922769,partially-funded,construction-ready,90,pedestrian; bicycle,2028,2,8,true,false,false,false,bicycle; pedestrian; trail; vru
UNF-3004,T202547185 SR 141 Pavement Rehab — St. Georges FY27,Mill and overlay of deteriorated SR 141 lanes through St. Georges (MP 22.6) to restore ride quality. Limited safety or equity components.,New Castle,SR 141,pavement,19820000,15029336,unfunded,final-design,69,auto,2029,1,11,false,false,false,false,pavement; preservation; state-of-good-repair
UNF-3005,T202647222 US 301 Pavement Rehab — Dover Northbound,Mill and overlay of deteriorated US 301 lanes through Dover (MP 30.0) to restore ride quality. Limited safety or equity components.,Kent,US 301,pavement,12110000,9130310,unfunded,planning,13,auto,2026,0,12,false,false,false,false,pavement; preservation; state-of-good-repair
UNF-3006,T202747259 Lincoln Complete Streets — SR 202 Town Center,"Lane reallocation, bicycle facilities, and pedestrian lighting on SR 202 through Lincoln town center (Group A).",Sussex,SR 202,complete-streets,5700000,5342396,partially-funded,planning,14,auto; pedestrian; bicycle,2027,2,18,true,true,true,false,complete-streets; bike-ped; equity; safety
UNF-3007,T202247296 Hartly Complete Streets — SR 26 Town Center,"Lane reallocation, bicycle facilities, and pedestrian lighting on SR 26 through Hartly town center (Southbound).",Kent,SR 26,complete-streets,5680000,5595533,unfunded,final-design,67,auto; pedestrian; bicycle,2027,3,16,true,true,false,true,complete-streets; bike-ped; equity; safety
UNF-3008,T202347333 SR 16 Bridge Culvert Replacement — Rising Sun,Replace a deteriorated culvert on SR 16 MP 5.9 near Rising Sun to restore hydraulic capacity and legal loads.,Kent,SR 16,bridge,7140000,6112562,unfunded,final-design,78,auto; freight,2028,1,11,false,true,true,false,bridge; culvert; scour; state-of-good-repair
UNF-3009,T202447370 I-495 Bridge Preservation — Wyoming Phase 1,"Deck overlay, joint replacement, and scour countermeasures on the I-495 bridge near Wyoming (MP 17.7).",Kent,I-495,bridge,32580000,31564265,unfunded,row,44,auto; freight,2027,0,7,false,true,true,false,bridge; preservation; state-of-good-repair
UNF-3010,T202547407 Cheswold Sidewalk and Crossing Gap Closure — SR 92,"Fill sidewalk gaps and add high-visibility crossings along SR 92 MP 15.2 in Cheswold, with ADA curb ramps.",Kent,SR 92,bike-ped,5890000,4915637,unfunded,row,37,pedestrian; bicycle,2026,6,32,true,false,false,false,pedestrian; ada; crossing; vru
UNF-3011,T202647444 I-295 Intersection Safety Package — St. Georges Northbound,"Systemic safety package at I-295 MP 41.6 serving St. Georges: signal upgrades, left-turn protection, lighting, and pedestrian intervals.",New Castle,I-295,safety,9720000,8033159,unfunded,preliminary-design,34,auto; pedestrian,2027,3,25,true,false,false,false,intersection; signal; safety; pedestrian; high-crash
UNF-3012,T202747481 Cheswold Sidewalk and Crossing Gap Closure — SR 82,"Fill sidewalk gaps and add high-visibility crossings along SR 82 MP 23.3 in Cheswold, with ADA curb ramps.",Kent,SR 82,bike-ped,4140000,3264384,partially-funded,preliminary-design,29,pedestrian; bicycle,2029,5,26,true,false,true,false,pedestrian; ada; crossing; vru
UNF-3013,T202247518 Greenville Slope Stabilization — SR 141 MP 38.4,"Embankment repair, drainage, and slope stabilization on SR 141 near Greenville after repeated washouts.",New Castle,SR 141,resilience,9220000,7085515,unfunded,final-design,79,auto,2028,1,13,false,false,false,false,slope; drainage; resilience; geotech
UNF-3014,T202347555 US 40 Drainage and Flood Mitigation — Kirkwood,Stormwater upgrades and roadway raising where US 40 MP 44.8 floods near Kirkwood.,New Castle,US 40,resilience,25940000,23290334,partially-funded,construction-ready,89,auto,2027,1,13,false,false,false,true,flood; drainage; resilience
UNF-3015,T202447592 SR 273 Bridge Preservation — Camden-Wyoming FY26,"Deck overlay, joint replacement, and scour countermeasures on the SR 273 bridge near Camden-Wyoming (MP 24.0).",Kent,SR 273,bridge,4980000,4501392,unfunded,construction-ready,93,auto; freight,2025,1,15,true,false,true,true,bridge; preservation; state-of-good-repair
UNF-3016,T202547629 SR 2 Bridge Culvert Replacement — Townsend,Replace a deteriorated culvert on SR 2 MP 30.5 near Townsend to restore hydraulic capacity and legal loads.,New Castle,SR 2,bridge,8200000,6582173,unfunded,row,41,auto; freight,2026,0,10,false,false,false,true,bridge; culvert; scour; state-of-good-repair
UNF-3017,T202647666 Leipsic Adaptive Signal System — US 202,"Adaptive signal control, detection, and communications along US 202 MP 40.4 in Leipsic.",Kent,US 202,signals,2180000,1732664,partially-funded,preliminary-design,33,auto; transit,2026,0,12,false,false,false,true,signal; operations; congestion; safety
UNF-3018,T202747703 I-495 Freight Bottleneck Relief — Newark,"Intersection capacity, turning-radius, and signal timing improvements for industrial freight on I-495 MP 13.4 in Newark.",New Castle,I-495,freight,23570000,18498201,unfunded,row,45,freight; auto,2025,0,4,false,true,true,false,freight; bottleneck; signal; reliability
UNF-3019,T202247740 I-95 Bridge Culvert Replacement — Leipsic,Replace a deteriorated culvert on I-95 MP 43.4 near Leipsic to restore hydraulic capacity and legal loads.,Kent,I-95,bridge,2490000,1991112,partially-funded,row,46,auto; freight,2028,0,6,false,true,true,true,bridge; culvert; scour; state-of-good-repair
UNF-3020,T202347777 Henlopen Acres Slope Stabilization — SR 299 MP 1.6,"Embankment repair, drainage, and slope stabilization on SR 299 near Henlopen Acres after repeated washouts.",Sussex,SR 299,resilience,12060000,9239735,unfunded,planning,15,auto,2026,1,12,false,false,false,true,slope; drainage; resilience; geotech
UNF-3021,T202447814 Stanton Local Road Safety Plan,Data-driven local road safety plan for Stanton identifying a high-injury network and proven countermeasures.,New Castle,SR 273,planning,1140000,975710,unfunded,final-design,70,auto; pedestrian,2027,1,4,false,true,true,false,safety-plan; data-driven; planning
UNF-3022,T202547851 Odessa DART Stop and Access Improvements — SR 273,"Accessible pads, shelters, lighting, and sidewalk connections to DART stops on SR 273 in Odessa.",New Castle,SR 273,transit,950000,769536,unfunded,planning,6,transit; pedestrian,2029,0,11,false,false,true,true,transit; equity; pedestrian; ada
UNF-3023,T202647888 SR 404 Drainage and Flood Mitigation — Harrington,Stormwater upgrades and roadway raising where SR 404 MP 9.5 floods near Harrington.,Kent,SR 404,resilience,9280000,9275999,unfunded,planning,5,auto,2029,0,5,false,false,true,false,flood; drainage; resilience
UNF-3024,T202747925 Townsend Complete Streets — US 202 Town Center,"Lane reallocation, bicycle facilities, and pedestrian lighting on US 202 through Townsend town center (FY26).",New Castle,US 202,complete-streets,13980000,12039724,partially-funded,row,35,auto; pedestrian; bicycle,2028,5,29,true,false,true,false,complete-streets; bike-ped; equity; safety
UNF-3025,T202247962 SR 8 Pavement Rehab — Millsboro FY27,Mill and overlay of deteriorated SR 8 lanes through Millsboro (MP 10.9) to restore ride quality. Limited safety or equity components.,Sussex,SR 8,pavement,11940000,10441771,partially-funded,row,46,auto,2028,0,11,false,false,true,true,pavement; preservation; state-of-good-repair
UNF-3026,T202347999 SR 20 Bridge Culvert Replacement — Bridgeville,Replace a deteriorated culvert on SR 20 MP 33.7 near Bridgeville to restore hydraulic capacity and legal loads.,Sussex,SR 20,bridge,3040000,3013833,unfunded,planning,8,auto; freight,2029,1,17,true,false,true,true,bridge; culvert; scour; state-of-good-repair
UNF-3027,T202448036 Bethel School Zone and Speed Management,"School-zone flashers, gateway treatments, and speed management on local streets feeding SR 896 in Bethel.",Sussex,SR 896,safety,5370000,4553243,unfunded,final-design,64,auto; pedestrian,2026,0,5,false,false,true,true,safety; school; speed-management; lighting
UNF-3028,T202548073 SR 36 Drainage and Flood Mitigation — Arden,Stormwater upgrades and roadway raising where SR 36 MP 7.7 floods near Arden.,New Castle,SR 36,resilience,19520000,17987603,unfunded,final-design,82,auto,2029,0,10,false,false,false,false,flood; drainage; resilience
UNF-3029,T202648110 SR 1 Bridge Culvert Replacement — Milford,Replace a deteriorated culvert on SR 1 MP 38.5 near Milford to restore hydraulic capacity and legal loads.,Sussex,SR 1,bridge,2020000,1974487,unfunded,final-design,80,auto; freight,2029,0,5,false,false,false,false,bridge; culvert; scour; state-of-good-repair
UNF-3030,T202748147 Rising Sun Sidewalk and Crossing Gap Closure — SR 48,"Fill sidewalk gaps and add high-visibility crossings along SR 48 MP 42.9 in Rising Sun, with ADA curb ramps.",Kent,SR 48,bike-ped,5230000,4740689,unfunded,final-design,73,pedestrian; bicycle,2029,2,15,true,true,false,false,pedestrian; ada; crossing; vru
UNF-3031,T202248184 SR 202 Bridge Preservation — Millville Northbound,"Deck overlay, joint replacement, and scour countermeasures on the SR 202 bridge near Millville (MP 5.7).",Sussex,SR 202,bridge,32470000,29193556,unfunded,final-design,79,auto; freight,2026,1,5,false,false,true,false,bridge; preservation; state-of-good-repair
UNF-3032,T202348221 I-295 Drainage and Flood Mitigation — Felton,Stormwater upgrades and roadway raising where I-295 MP 6.2 floods near Felton.,Kent,I-295,resilience,26950000,22344678,unfunded,construction-ready,92,auto,2027,1,4,false,false,true,false,flood; drainage; resilience
UNF-3033,T202448258 SR 141 Bridge Preservation — Dagsboro Group B,"Deck overlay, joint replacement, and scour countermeasures on the SR 141 bridge near Dagsboro (MP 28.8).",Sussex,SR 141,bridge,22230000,18224137,unfunded,planning,11,auto; freight,2028,0,9,false,false,true,true,bridge; preservation; state-of-good-repair
UNF-3034,T202548295 SR 26 Drainage and Flood Mitigation — Newark,Stormwater upgrades and roadway raising where SR 26 MP 26.2 floods near Newark.,New Castle,SR 26,resilience,8560000,6728772,unfunded,row,53,auto,2028,1,10,false,true,true,false,flood; drainage; resilience
UNF-3035,T202648332 Greenwood Truck Route Geometric Improvements — SR 300,Widen turning radii and upgrade shoulders for freight movements on SR 300 MP 43.0 near Greenwood.,Sussex,SR 300,freight,13260000,13243132,unfunded,final-design,79,freight; auto,2028,1,12,false,true,true,false,freight; geometry; shoulders
UNF-3036,T202748369 SR 18 Intersection Safety Package — Elsmere Phase 1,"Systemic safety package at SR 18 MP 34.2 serving Elsmere: signal upgrades, left-turn protection, lighting, and pedestrian intervals.",New Castle,SR 18,safety,15330000,12097810,unfunded,planning,16,auto; pedestrian,2026,6,25,true,true,true,true,intersection; signal; safety; pedestrian; high-crash
UNF-3037,T202248406 Smyrna Community Charging Hub — SR 30,Public DC fast charging adjacent to SR 30 serving Smyrna residents without home charging.,Kent,SR 30,ev-charging,3100000,2842741,unfunded,final-design,72,auto,2029,0,3,false,true,false,false,ev; equity; community; charging
UNF-3038,T202348443 Middletown Local Road Safety Plan,Data-driven local road safety plan for Middletown identifying a high-injury network and proven countermeasures.,New Castle,SR 71,planning,520000,428051,unfunded,row,51,auto; pedestrian,2027,0,10,false,false,false,false,safety-plan; data-driven; planning
UNF-3039,T202448480 Delaware City Slope Stabilization — SR 7 MP 24.9,"Embankment repair, drainage, and slope stabilization on SR 7 near Delaware City after repeated washouts.",New Castle,SR 7,resilience,4200000,3794721,unfunded,row,46,auto,2027,0,8,false,true,false,false,slope; drainage; resilience; geotech
UNF-3040,T202548517 SR 141 Pavement Rehab — Harrington Southbound,Mill and overlay of deteriorated SR 141 lanes through Harrington (MP 24.0) to restore ride quality. Limited safety or equity components.,Kent,SR 141,pavement,3340000,3149446,unfunded,preliminary-design,30,auto,2028,1,4,false,true,true,false,pavement; preservation; state-of-good-repair
UNF-3041,T202648554 Little Creek Road Diet and Downtown Safety — SR 52,"Road diet, on-street parking reconfiguration, ADA ramps, and pedestrian lighting in Little Creek along SR 52.",Kent,SR 52,complete-streets,7670000,6021168,partially-funded,final-design,62,auto; pedestrian; bicycle,2027,6,31,true,true,true,false,road-diet; ada; downtown; complete-streets; safety
UNF-3042,T202748591 US 113 Bridge Preservation — Bethany Beach Phase 2,"Deck overlay, joint replacement, and scour countermeasures on the US 113 bridge near Bethany Beach (MP 36.2).",Sussex,US 113,bridge,5950000,4682432,partially-funded,final-design,68,auto; freight,2029,0,5,false,true,true,false,bridge; preservation; state-of-good-repair
UNF-3043,T202248628 US 202 Pavement Rehab — Newport Northbound,Mill and overlay of deteriorated US 202 lanes through Newport (MP 28.0) to restore ride quality. Limited safety or equity components.,New Castle,US 202,pavement,9210000,6968641,unfunded,row,43,auto,2027,1,6,false,true,false,false,pavement; preservation; state-of-good-repair
UNF-3044,T202348665 SR 4 Lane Departure Countermeasures — Bethel,"Rumble strips, high-friction surface treatment, and curve warning upgrades on SR 4 MP 38.7 near Bethel.",Sussex,SR 4,safety,6690000,6617070,unfunded,row,58,auto,2028,0,9,false,true,true,false,lane-departure; rural; high-friction; systemic; safety
UNF-3045,T202448702 Hartly Complete Streets — I-495 Town Center,"Lane reallocation, bicycle facilities, and pedestrian lighting on I-495 through Hartly town center (Group B).",Kent,I-495,complete-streets,10710000,8684803,unfunded,row,46,auto; pedestrian; bicycle,2026,1,14,false,true,true,true,complete-streets; bike-ped; equity; safety
UNF-3046,T202548739 Arden Truck Route Geometric Improvements — SR 36,Widen turning radii and upgrade shoulders for freight movements on SR 36 MP 18.1 near Arden.,New Castle,SR 36,freight,15870000,12110597,unfunded,preliminary-design,33,freight; auto,2025,1,14,false,true,false,true,freight; geometry; shoulders
UNF-3047,T202648776 SR 896 Bridge Culvert Replacement — Lewes,Replace a deteriorated culvert on SR 896 MP 41.6 near Lewes to restore hydraulic capacity and legal loads.,Sussex,SR 896,bridge,4820000,4076011,unfunded,construction-ready,90,auto; freight,2029,0,2,false,false,true,false,bridge; culvert; scour; state-of-good-repair
UNF-3048,T202748813 SR 58 Guardrail and End Treatment Upgrade — Pike Creek,Replace outdated guardrail and end treatments on SR 58 MP 16.7 near Pike Creek to current MASH standards.,New Castle,SR 58,safety,2470000,2401603,unfunded,construction-ready,87,auto,2027,0,10,false,true,false,false,guardrail; safety; roadside; systemic
UNF-3049,T202248850 SR 26 Pavement Rehab — Gumboro Southbound,Mill and overlay of deteriorated SR 26 lanes through Gumboro (MP 40.9) to restore ride quality. Limited safety or equity components.,Sussex,SR 26,pavement,18260000,14079877,unfunded,preliminary-design,28,auto,2028,1,10,false,false,false,true,pavement; preservation; state-of-good-repair
UNF-3050,T202348887 SR 92 Pavement Rehab — Cheswold Phase 2,Mill and overlay of deteriorated SR 92 lanes through Cheswold (MP 9.4) to restore ride quality. Limited safety or equity components.,Kent,SR 92,pavement,16680000,14467859,unfunded,final-design,74,auto,2026,0,6,false,true,true,false,pavement; preservation; state-of-good-repair
UNF-3051,T202448924 Red Lion Adaptive Signal System — SR 52,"Adaptive signal control, detection, and communications along SR 52 MP 26.3 in Red Lion.",New Castle,SR 52,signals,7260000,5740656,unfunded,row,37,auto; transit,2026,0,8,false,true,false,true,signal; operations; congestion; safety
UNF-3052,T202548961 Glasgow Shared-Use Path — SR 1 Group B,Construct a shared-use path parallel to SR 1 MP 12.3 connecting neighborhoods and schools in Glasgow.,New Castle,SR 1,bike-ped,7280000,6443551,unfunded,row,46,pedestrian; bicycle,2028,2,17,true,true,false,false,bicycle; pedestrian; trail; vru
UNF-3053,T202648998 Bethany Beach Road Diet and Downtown Safety — SR 24,"Road diet, on-street parking reconfiguration, ADA ramps, and pedestrian lighting in Bethany Beach along SR 24.",Sussex,SR 24,complete-streets,9360000,8377202,unfunded,planning,12,auto; pedestrian; bicycle,2025,0,10,false,false,true,false,road-diet; ada; downtown; complete-streets; safety
UNF-3054,T202749035 Magnolia Road Diet and Downtown Safety — SR 300,"Road diet, on-street parking reconfiguration, ADA ramps, and pedestrian lighting in Magnolia along SR 300.",Kent,SR 300,complete-streets,8450000,7795867,unfunded,preliminary-design,20,auto; pedestrian; bicycle,2027,1,11,false,true,true,true,road-diet; ada; downtown; complete-streets; safety
UNF-3055,T202249072 SR 16 ITS Camera and Fiber — Delaware City FY27,"CCTV, fiber interconnect, and TMC integration on SR 16 MP 32.9 serving Delaware City and New Castle County operations.",New Castle,SR 16,signals,6400000,5573543,unfunded,row,56,auto,2027,1,9,false,false,false,false,its; operations; congestion; signal
UNF-3056,T202349109 DART Bus Maintenance Facility Rehab — Fenwick Island,"Rehabilitate the DART bus maintenance garage in Fenwick Island, including lifts, bus wash, and charging/fueling for the transit fleet.",Sussex,SR 9,transit,15960000,14687998,unfunded,planning,15,transit,2026,1,15,true,true,true,false,transit; bus-fleet; garage; facility; low-no
UNF-3057,T202449146 SR 30 Intersection Safety Package — Long Neck FY26,"Systemic safety package at SR 30 MP 38.6 serving Long Neck: signal upgrades, left-turn protection, lighting, and pedestrian intervals.",Sussex,SR 30,safety,10630000,8546734,unfunded,preliminary-design,24,auto; pedestrian,2029,6,24,true,false,true,false,intersection; signal; safety; pedestrian; high-crash
UNF-3058,T202549183 I-95 Pavement Rehab — Stanton Southbound,Mill and overlay of deteriorated I-95 lanes through Stanton (MP 38.0) to restore ride quality. Limited safety or equity components.,New Castle,I-95,pavement,20160000,18485126,partially-funded,preliminary-design,27,auto,2026,1,6,false,true,true,false,pavement; preservation; state-of-good-repair
UNF-3059,T202649220 SR 48 Drainage and Flood Mitigation — Port Penn,Stormwater upgrades and roadway raising where SR 48 MP 2.2 floods near Port Penn.,New Castle,SR 48,resilience,17940000,14317443,unfunded,planning,18,auto,2029,0,11,false,false,false,false,flood; drainage; resilience
UNF-3060,T202749257 Clayton Sidewalk and Crossing Gap Closure — US 202,"Fill sidewalk gaps and add high-visibility crossings along US 202 MP 42.9 in Clayton, with ADA curb ramps.",Kent,US 202,bike-ped,2560000,2152183,unfunded,planning,8,pedestrian; bicycle,2028,0,7,false,false,true,true,pedestrian; ada; crossing; vru
UNF-3061,T202249294 SR 20 Bridge Culvert Replacement — Claymont,Replace a deteriorated culvert on SR 20 MP 37.8 near Claymont to restore hydraulic capacity and legal loads.,New Castle,SR 20,bridge,6040000,4977140,unfunded,row,58,auto; freight,2027,0,7,false,true,false,true,bridge; culvert; scour; state-of-good-repair
UNF-3062,T202349331 Cheswold DART Stop and Access Improvements — SR 48,"Accessible pads, shelters, lighting, and sidewalk connections to DART stops on SR 48 in Cheswold.",Kent,SR 48,transit,4040000,3776103,partially-funded,construction-ready,98,transit; pedestrian,2028,0,8,false,false,false,false,transit; equity; pedestrian; ada
UNF-3063,T202449368 SR 18 ITS Camera and Fiber — Glasgow Phase 2,"CCTV, fiber interconnect, and TMC integration on SR 18 MP 2.0 serving Glasgow and New Castle County operations.",New Castle,SR 18,signals,5190000,4192712,unfunded,final-design,82,auto,2026,0,11,false,false,false,false,its; operations; congestion; signal
UNF-3064,T202549405 SR 141 Bridge Preservation — Newport Northbound,"Deck overlay, joint replacement, and scour countermeasures on the SR 141 bridge near Newport (MP 34.0).",New Castle,SR 141,bridge,13410000,12809393,unfunded,construction-ready,94,auto; freight,2029,0,11,false,true,false,false,bridge; preservation; state-of-good-repair
UNF-3065,T202649442 Milton Road Diet and Downtown Safety — SR 54,"Road diet, on-street parking reconfiguration, ADA ramps, and pedestrian lighting in Milton along SR 54.",Sussex,SR 54,complete-streets,10530000,8651547,unfunded,planning,11,auto; pedestrian; bicycle,2027,2,8,true,true,true,false,road-diet; ada; downtown; complete-streets; safety
UNF-3066,T202749479 Magnolia Roundabout Conversion — SR 26,Convert a high-crash SR 26 intersection in Magnolia (MP 2.6) to a single-lane roundabout with pedestrian crossings.,Kent,SR 26,safety,4310000,3431172,unfunded,row,43,auto; pedestrian,2029,4,16,true,false,true,false,roundabout; intersection; safety; pedestrian
UNF-3067,T202249516 SR 202 Bridge Preservation — Little Creek Group B,"Deck overlay, joint replacement, and scour countermeasures on the SR 202 bridge near Little Creek (MP 23.0).",Kent,SR 202,bridge,12570000,12562980,unfunded,final-design,74,auto; freight,2026,1,16,true,false,true,false,bridge; preservation; state-of-good-repair
UNF-3068,T202349553 Long Neck School Zone and Speed Management,"School-zone flashers, gateway treatments, and speed management on local streets feeding SR 896 in Long Neck.",Sussex,SR 896,safety,2480000,2128481,unfunded,preliminary-design,34,auto; pedestrian,2026,6,34,true,false,true,false,safety; school; speed-management; lighting
UNF-3069,T202449590 SR 2 Drainage and Flood Mitigation — Millville,Stormwater upgrades and roadway raising where SR 2 MP 12.3 floods near Millville.,Sussex,SR 2,resilience,24440000,20050730,unfunded,preliminary-design,24,auto,2026,1,12,false,true,true,true,flood; drainage; resilience
UNF-3070,T202549627 US 301 Pavement Rehab — Woodside Phase 1,Mill and overlay of deteriorated US 301 lanes through Woodside (MP 14.2) to restore ride quality. Limited safety or equity components.,Kent,US 301,pavement,21760000,16822894,unfunded,construction-ready,97,auto,2029,0,12,false,false,true,false,pavement; preservation; state-of-good-repair
UNF-3071,T202649664 SR 26 Bridge Preservation — Henlopen Acres FY26,"Deck overlay, joint replacement, and scour countermeasures on the SR 26 bridge near Henlopen Acres (MP 44.4).",Sussex,SR 26,bridge,26940000,20544808,unfunded,final-design,61,auto; freight,2028,0,4,false,false,true,false,bridge; preservation; state-of-good-repair
UNF-3072,T202749701 Long Neck Shared-Use Path — I-295 Phase 2,Construct a shared-use path parallel to I-295 MP 38.4 connecting neighborhoods and schools in Long Neck.,Sussex,I-295,bike-ped,3900000,3745420,unfunded,row,58,pedestrian; bicycle,2026,6,35,true,true,true,false,bicycle; pedestrian; trail; vru
UNF-3073,T202249738 SR 299 Intersection Safety Package — Bear Southbound,"Systemic safety package at SR 299 MP 40.7 serving Bear: signal upgrades, left-turn protection, lighting, and pedestrian intervals.",New Castle,SR 299,safety,5140000,3998161,unfunded,construction-ready,89,auto; pedestrian,2025,2,13,true,false,false,true,intersection; signal; safety; pedestrian; high-crash
UNF-3074,T202349775 Elsmere Roundabout Conversion — US 113,Convert a high-crash US 113 intersection in Elsmere (MP 15.2) to a single-lane roundabout with pedestrian crossings.,New Castle,US 113,safety,11410000,9986965,unfunded,final-design,65,auto; pedestrian,2027,6,35,true,true,false,true,roundabout; intersection; safety; pedestrian
UNF-3075,T202449812 Camden-Wyoming Community Charging Hub — SR 42,Public DC fast charging adjacent to SR 42 serving Camden-Wyoming residents without home charging.,Kent,SR 42,ev-charging,3360000,2705857,unfunded,row,51,auto,2026,1,8,false,false,true,true,ev; equity; community; charging
UNF-3076,T202549849 Milton Sidewalk and Crossing Gap Closure — SR 82,"Fill sidewalk gaps and add high-visibility crossings along SR 82 MP 35.7 in Milton, with ADA curb ramps.",Sussex,SR 82,bike-ped,8370000,7193911,unfunded,preliminary-design,22,pedestrian; bicycle,2029,5,26,true,false,true,false,pedestrian; ada; crossing; vru
UNF-3077,T202649886 Houston Adaptive Signal System — SR 10,"Adaptive signal control, detection, and communications along SR 10 MP 20.6 in Houston.",Kent,SR 10,signals,8000000,7230575,unfunded,preliminary-design,21,auto; transit,2029,0,4,false,false,true,false,signal; operations; congestion; safety
UNF-3078,T202749923 SR 42 Pavement Rehab — Milford Northbound,Mill and overlay of deteriorated SR 42 lanes through Milford (MP 25.1) to restore ride quality. Limited safety or equity components.,Sussex,SR 42,pavement,21430000,21370450,unfunded,construction-ready,100,auto,2028,1,10,false,false,false,false,pavement; preservation; state-of-good-repair
UNF-3079,T202249960 Camden-Wyoming Sidewalk and Crossing Gap Closure — DE 1,"Fill sidewalk gaps and add high-visibility crossings along DE 1 MP 23.4 in Camden-Wyoming, with ADA curb ramps.",Kent,DE 1,bike-ped,1700000,1585686,unfunded,preliminary-design,26,pedestrian; bicycle,2028,5,22,true,false,true,false,pedestrian; ada; crossing; vru
UNF-3080,T202349997 I-295 Intersection Safety Package — Millville Phase 2,"Systemic safety package at I-295 MP 3.0 serving Millville: signal upgrades, left-turn protection, lighting, and pedestrian intervals.",Sussex,I-295,safety,11750000,9573560,unfunded,final-design,67,auto; pedestrian,2027,1,14,false,false,true,true,intersection; signal; safety; pedestrian; high-crash
UNF-3081,T202450034 I-95 Drainage and Flood Mitigation — Red Lion,Stormwater upgrades and roadway raising where I-95 MP 15.5 floods near Red Lion.,New Castle,I-95,resilience,7940000,7204790,unfunded,planning,16,auto,2026,0,11,false,true,false,false,flood; drainage; resilience
UNF-3082,T202550071 SR 54 Lane Departure Countermeasures — Pike Creek,"Rumble strips, high-friction surface treatment, and curve warning upgrades on SR 54 MP 42.1 near Pike Creek.",New Castle,SR 54,safety,5340000,5110718,unfunded,final-design,69,auto,2026,1,13,false,false,false,true,lane-departure; rural; high-friction; systemic; safety
UNF-3083,T202650108 Hartly Community Charging Hub — I-495,Public DC fast charging adjacent to I-495 serving Hartly residents without home charging.,Kent,I-495,ev-charging,1250000,1094223,unfunded,construction-ready,97,auto,2029,0,4,false,false,true,false,ev; equity; community; charging
UNF-3084,T202750145 Lincoln Sidewalk and Crossing Gap Closure — US 113,"Fill sidewalk gaps and add high-visibility crossings along US 113 MP 8.3 in Lincoln, with ADA curb ramps.",Sussex,US 113,bike-ped,1700000,1435182,partially-funded,row,50,pedestrian; bicycle,2026,2,16,true,true,false,false,pedestrian; ada; crossing; vru
UNF-3085,T202250182 Milford Local Road Safety Plan,Data-driven local road safety plan for Milford identifying a high-injury network and proven countermeasures.,Sussex,SR 141,planning,1020000,968489,unfunded,final-design,80,auto; pedestrian,2027,1,7,false,false,true,false,safety-plan; data-driven; planning
UNF-3086,T202350219 Frederica DART Stop and Access Improvements — SR 2,"Accessible pads, shelters, lighting, and sidewalk connections to DART stops on SR 2 in Frederica.",Kent,SR 2,transit,5320000,5117451,unfunded,preliminary-design,30,transit; pedestrian,2026,0,9,false,true,true,false,transit; equity; pedestrian; ada
UNF-3087,T202450256 Smyrna DART Stop and Access Improvements — SR 8,"Accessible pads, shelters, lighting, and sidewalk connections to DART stops on SR 8 in Smyrna.",Kent,SR 8,transit,6240000,5586606,unfunded,row,36,transit; pedestrian,2027,1,10,false,false,true,false,transit; equity; pedestrian; ada
UNF-3088,T202550293 Kenton Sidewalk and Crossing Gap Closure — SR 16,"Fill sidewalk gaps and add high-visibility crossings along SR 16 MP 19.3 in Kenton, with ADA curb ramps.",Kent,SR 16,bike-ped,4390000,3916494,unfunded,final-design,83,pedestrian; bicycle,2027,1,10,false,true,true,false,pedestrian; ada; crossing; vru
UNF-3089,T202650330 US 301 Pavement Rehab — Magnolia Phase 1,Mill and overlay of deteriorated US 301 lanes through Magnolia (MP 8.7) to restore ride quality. Limited safety or equity components.,Kent,US 301,pavement,19060000,18531436,unfunded,final-design,64,auto,2028,1,11,false,true,false,true,pavement; preservation; state-of-good-repair
UNF-3090,T202750367 SR 92 Drainage and Flood Mitigation — Rising Sun,Stormwater upgrades and roadway raising where SR 92 MP 38.5 floods near Rising Sun.,Kent,SR 92,resilience,13900000,11015306,partially-funded,final-design,79,auto,2027,0,0,false,false,false,false,flood; drainage; resilience
UNF-3091,T202250404 Greenwood Roundabout Conversion — US 301,Convert a high-crash US 301 intersection in Greenwood (MP 29.0) to a single-lane roundabout with pedestrian crossings.,Sussex,US 301,safety,6530000,6355573,partially-funded,final-design,73,auto; pedestrian,2026,0,1,false,false,true,false,roundabout; intersection; safety; pedestrian
UNF-3092,T202350441 Christiana DART Stop and Access Improvements — SR 896,"Accessible pads, shelters, lighting, and sidewalk connections to DART stops on SR 896 in Christiana.",New Castle,SR 896,transit,4770000,3586450,unfunded,construction-ready,100,transit; pedestrian,2027,1,9,false,true,false,false,transit; equity; pedestrian; ada
UNF-3093,T202450478 Odessa Roundabout Conversion — SR 896,Convert a high-crash SR 896 intersection in Odessa (MP 23.4) to a single-lane roundabout with pedestrian crossings.,New Castle,SR 896,safety,11310000,9023186,unfunded,construction-ready,91,auto; pedestrian,2028,1,5,false,true,false,false,roundabout; intersection; safety; pedestrian
UNF-3094,T202550515 SR 58 Concrete Pavement Restoration — Bear,"Slab repair, diamond grinding, and joint resealing on SR 58 MP 32.9 in New Castle County near Bear.",New Castle,SR 58,pavement,9680000,8870757,unfunded,preliminary-design,30,auto,2027,0,7,false,true,false,false,pavement; concrete; preservation
UNF-3095,T202650552 SR 9 Lane Departure Countermeasures — Milford,"Rumble strips, high-friction surface treatment, and curve warning upgrades on SR 9 MP 32.3 near Milford.",Kent,SR 9,safety,4370000,4253245,unfunded,planning,18,auto,2029,4,18,true,true,true,false,lane-departure; rural; high-friction; systemic; safety
UNF-3096,T202750589 Gumboro DART Stop and Access Improvements — SR 896,"Accessible pads, shelters, lighting, and sidewalk connections to DART stops on SR 896 in Gumboro.",Sussex,SR 896,transit,4330000,3911486,unfunded,construction-ready,91,transit; pedestrian,2026,1,5,false,false,true,true,transit; equity; pedestrian; ada
UNF-3097,T202250626 Little Creek Sidewalk and Crossing Gap Closure — US 113,"Fill sidewalk gaps and add high-visibility crossings along US 113 MP 25.8 in Little Creek, with ADA curb ramps.",Kent,US 113,bike-ped,3460000,2901548,partially-funded,final-design,75,pedestrian; bicycle,2026,3,25,true,true,true,false,pedestrian; ada; crossing; vru
UNF-3098,T202350663 SR 404 Bridge Culvert Replacement — Bowers,Replace a deteriorated culvert on SR 404 MP 26.6 near Bowers to restore hydraulic capacity and legal loads.,Kent,SR 404,bridge,6740000,6227297,partially-funded,final-design,72,auto; freight,2027,0,8,false,true,false,false,bridge; culvert; scour; state-of-good-repair
UNF-3099,T202450700 SR 1 Drainage and Flood Mitigation — Port Penn,Stormwater upgrades and roadway raising where SR 1 MP 24.3 floods near Port Penn.,New Castle,SR 1,resilience,6330000,5867259,unfunded,row,57,auto,2028,0,3,false,true,false,true,flood; drainage; resilience
UNF-3100,T202550737 Laurel Sidewalk and Crossing Gap Closure — SR 300,"Fill sidewalk gaps and add high-visibility crossings along SR 300 MP 6.4 in Laurel, with ADA curb ramps.",Sussex,SR 300,bike-ped,3800000,3505537,unfunded,construction-ready,85,pedestrian; bicycle,2027,2,15,true,false,true,true,pedestrian; ada; crossing; vru
UNF-3101,T202650774 US 113 Concrete Pavement Restoration — Kenton,"Slab repair, diamond grinding, and joint resealing on US 113 MP 34.8 in Kent County near Kenton.",Kent,US 113,pavement,11610000,8843974,unfunded,construction-ready,95,auto,2027,1,15,true,false,true,true,pavement; concrete; preservation
UNF-3102,T202750811 SR 7 Bridge Preservation — Port Penn Northbound,"Deck overlay, joint replacement, and scour countermeasures on the SR 7 bridge near Port Penn (MP 7.3).",New Castle,SR 7,bridge,13160000,12830753,unfunded,row,37,auto; freight,2026,0,12,false,true,false,true,bridge; preservation; state-of-good-repair
UNF-3103,T202250848 SR 82 Pavement Rehab — Claymont FY26,Mill and overlay of deteriorated SR 82 lanes through Claymont (MP 38.7) to restore ride quality. Limited safety or equity components.,New Castle,SR 82,pavement,7730000,6317001,unfunded,construction-ready,85,auto,2028,1,9,false,false,false,true,pavement; preservation; state-of-good-repair
UNF-3104,T202350885 SR 92 Bridge Preservation — Bridgeville Phase 2,"Deck overlay, joint replacement, and scour countermeasures on the SR 92 bridge near Bridgeville (MP 25.1).",Sussex,SR 92,bridge,7780000,6431333,unfunded,final-design,82,auto; freight,2027,1,15,true,false,false,false,bridge; preservation; state-of-good-repair
UNF-3105,T202450922 US 40 Concrete Pavement Restoration — New Castle,"Slab repair, diamond grinding, and joint resealing on US 40 MP 28.5 in New Castle County near New Castle.",New Castle,US 40,pavement,27590000,21084189,unfunded,row,59,auto,2026,0,9,false,true,false,true,pavement; concrete; preservation
UNF-3106,T202550959 Wilmington DART Stop and Access Improvements — SR 7,"Accessible pads, shelters, lighting, and sidewalk connections to DART stops on SR 7 in Wilmington.",New Castle,SR 7,transit,4270000,4095278,partially-funded,final-design,72,transit; pedestrian,2028,1,13,false,false,false,true,transit; equity; pedestrian; ada
UNF-3107,T202650996 SR 30 Guardrail and End Treatment Upgrade — Felton,Replace outdated guardrail and end treatments on SR 30 MP 40.8 near Felton to current MASH standards.,Kent,SR 30,safety,1250000,970269,unfunded,preliminary-design,21,auto,2025,3,18,true,false,false,false,guardrail; safety; roadside; systemic
UNF-3108,T202751033 SR 10 Bridge Culvert Replacement — Bellefonte,Replace a deteriorated culvert on SR 10 MP 13.1 near Bellefonte to restore hydraulic capacity and legal loads.,New Castle,SR 10,bridge,2380000,1947320,unfunded,planning,10,auto; freight,2026,1,10,false,true,false,false,bridge; culvert; scour; state-of-good-repair
UNF-3109,T202251070 SR 82 Drainage and Flood Mitigation — Townsend,Stormwater upgrades and roadway raising where SR 82 MP 4.3 floods near Townsend.,New Castle,SR 82,resilience,24150000,23176905,unfunded,row,55,auto,2025,0,9,false,true,true,true,flood; drainage; resilience
UNF-3110,T202351107 Fenwick Island Sidewalk and Crossing Gap Closure — SR 42,"Fill sidewalk gaps and add high-visibility crossings along SR 42 MP 5.2 in Fenwick Island, with ADA curb ramps.",Sussex,SR 42,bike-ped,7500000,6119399,unfunded,final-design,66,pedestrian; bicycle,2025,2,19,true,false,true,false,pedestrian; ada; crossing; vru
UNF-3111,T202451144 Seaford Slope Stabilization — SR 1 MP 36.7,"Embankment repair, drainage, and slope stabilization on SR 1 near Seaford after repeated washouts.",Sussex,SR 1,resilience,3410000,3311937,unfunded,final-design,73,auto,2025,1,13,false,false,true,true,slope; drainage; resilience; geotech
UNF-3112,T202551181 SR 26 Bridge Culvert Replacement — Bowers,Replace a deteriorated culvert on SR 26 MP 26.1 near Bowers to restore hydraulic capacity and legal loads.,Kent,SR 26,bridge,1740000,1321402,unfunded,final-design,70,auto; freight,2025,1,11,false,true,false,false,bridge; culvert; scour; state-of-good-repair
UNF-3113,T202651218 SR 1 Lane Departure Countermeasures — Dagsboro,"Rumble strips, high-friction surface treatment, and curve warning upgrades on SR 1 MP 1.2 near Dagsboro.",Sussex,SR 1,safety,6960000,5855984,partially-funded,final-design,70,auto,2027,3,13,true,false,true,false,lane-departure; rural; high-friction; systemic; safety
UNF-3114,T202751255 Bethel Truck Route Geometric Improvements — SR 300,Widen turning radii and upgrade shoulders for freight movements on SR 300 MP 44.3 near Bethel.,Sussex,SR 300,freight,8780000,7651687,unfunded,construction-ready,95,freight; auto,2028,1,15,true,false,true,false,freight; geometry; shoulders
UNF-3115,T202251292 Cheswold School Zone and Speed Management,"School-zone flashers, gateway treatments, and speed management on local streets feeding SR 26 in Cheswold.",Kent,SR 26,safety,5300000,4660250,unfunded,planning,8,auto; pedestrian,2026,5,33,true,false,true,false,safety; school; speed-management; lighting
UNF-3116,T202351329 SR 52 Intersection Safety Package — Rehoboth Beach Phase 1,"Systemic safety package at SR 52 MP 7.1 serving Rehoboth Beach: signal upgrades, left-turn protection, lighting, and pedestrian intervals.",Sussex,SR 52,safety,11780000,8904873,unfunded,final-design,81,auto; pedestrian,2025,4,20,true,false,true,true,intersection; signal; safety; pedestrian; high-crash
UNF-3117,T202451366 Odessa Truck Route Geometric Improvements — SR 82,Widen turning radii and upgrade shoulders for freight movements on SR 82 MP 18.1 near Odessa.,New Castle,SR 82,freight,14040000,11644505,unfunded,construction-ready,89,freight; auto,2026,0,8,false,false,false,false,freight; geometry; shoulders
UNF-3118,T202551403 SR 82 Pavement Rehab — Elsmere Phase 2,Mill and overlay of deteriorated SR 82 lanes through Elsmere (MP 26.2) to restore ride quality. Limited safety or equity components.,New Castle,SR 82,pavement,11650000,9207644,partially-funded,final-design,62,auto,2025,1,10,false,false,false,true,pavement; preservation; state-of-good-repair
UNF-3119,T202651440 SR 36 Concrete Pavement Restoration — Georgetown,"Slab repair, diamond grinding, and joint resealing on SR 36 MP 12.2 in Sussex County near Georgetown.",Sussex,SR 36,pavement,19980000,18175985,unfunded,final-design,63,auto,2027,0,9,false,false,true,false,pavement; concrete; preservation
UNF-3120,T202751477 Dover Shared-Use Path — SR 300 Phase 2,Construct a shared-use path parallel to SR 300 MP 23.1 connecting neighborhoods and schools in Dover.,Kent,SR 300,bike-ped,5800000,5789686,partially-funded,planning,14,pedestrian; bicycle,2028,3,14,true,false,true,false,bicycle; pedestrian; trail; vru
UNF-3121,T202251514 SR 58 Pavement Rehab — Rising Sun Southbound,Mill and overlay of deteriorated SR 58 lanes through Rising Sun (MP 35.4) to restore ride quality. Limited safety or equity components.,Kent,SR 58,pavement,15380000,13911459,unfunded,final-design,84,auto,2025,1,8,false,true,true,false,pavement; preservation; state-of-good-repair
UNF-3122,T202351551 St. Georges Truck Route Geometric Improvements — SR 404,Widen turning radii and upgrade shoulders for freight movements on SR 404 MP 19.4 near St. Georges.,New Castle,SR 404,freight,17280000,16444627,unfunded,final-design,77,freight; auto,2026,0,1,false,false,false,false,freight; geometry; shoulders
UNF-3123,T202451588 Sussex County Freight and Multimodal Plan Update,"Update the Sussex County freight and multimodal plan, including bottleneck screening on SR 896 and equity analysis.",Sussex,SR 896,planning,1590000,1418538,unfunded,row,57,auto; freight; transit,2029,0,2,false,true,true,false,planning; freight; multimodal; data-driven
UNF-3124,T202551625 SR 273 ITS Camera and Fiber — Gumboro Northbound,"CCTV, fiber interconnect, and TMC integration on SR 273 MP 23.4 serving Gumboro and Sussex County operations.",Sussex,SR 273,signals,6170000,5483542,unfunded,planning,14,auto,2029,1,9,false,false,true,false,its; operations; congestion; signal
UNF-3125,T202651662 SR 14 Concrete Pavement Restoration — Edgemoor,"Slab repair, diamond grinding, and joint resealing on SR 14 MP 2.9 in New Castle County near Edgemoor.",New Castle,SR 14,pavement,26510000,21269038,unfunded,construction-ready,94,auto,2027,0,9,false,true,false,false,pavement; concrete; preservation
UNF-3126,T202751699 SR 141 Concrete Pavement Restoration — Hartly,"Slab repair, diamond grinding, and joint resealing on SR 141 MP 13.1 in Kent County near Hartly.",Kent,SR 141,pavement,26390000,23611142,unfunded,preliminary-design,20,auto,2025,0,3,false,false,true,false,pavement; concrete; preservation
UNF-3127,T202251736 Dagsboro Road Diet and Downtown Safety — SR 8,"Road diet, on-street parking reconfiguration, ADA ramps, and pedestrian lighting in Dagsboro along SR 8.",Sussex,SR 8,complete-streets,4630000,3713640,unfunded,preliminary-design,27,auto; pedestrian; bicycle,2027,0,8,false,false,false,false,road-diet; ada; downtown; complete-streets; safety
UNF-3128,T202351773 Cheswold Community Charging Hub — SR 20,Public DC fast charging adjacent to SR 20 serving Cheswold residents without home charging.,Kent,SR 20,ev-charging,3990000,3149985,partially-funded,construction-ready,91,auto,2027,0,1,false,true,true,false,ev; equity; community; charging
UNF-3129,T202451810 SR 20 Pavement Rehab — Newport Group A,Mill and overlay of deteriorated SR 20 lanes through Newport (MP 25.7) to restore ride quality. Limited safety or equity components.,New Castle,SR 20,pavement,9710000,7283381,unfunded,preliminary-design,20,auto,2027,1,15,true,false,false,false,pavement; preservation; state-of-good-repair
UNF-3130,T202551847 Blades Sidewalk and Crossing Gap Closure — SR 24,"Fill sidewalk gaps and add high-visibility crossings along SR 24 MP 30.0 in Blades, with ADA curb ramps.",Sussex,SR 24,bike-ped,1470000,1415390,unfunded,planning,12,pedestrian; bicycle,2025,6,34,true,true,true,false,pedestrian; ada; crossing; vru
UNF-3131,T202651884 SR 8 Pavement Rehab — Middletown Group B,Mill and overlay of deteriorated SR 8 lanes through Middletown (MP 40.4) to restore ride quality. Limited safety or equity components.,New Castle,SR 8,pavement,9920000,8167167,unfunded,planning,14,auto,2028,1,5,false,false,false,false,pavement; preservation; state-of-good-repair
UNF-3132,T202751921 Dover Slope Stabilization — SR 10 MP 7.3,"Embankment repair, drainage, and slope stabilization on SR 10 near Dover after repeated washouts.",Kent,SR 10,resilience,10710000,9702387,unfunded,preliminary-design,31,auto,2026,1,6,false,false,true,false,slope; drainage; resilience; geotech
UNF-3133,T202251958 SR 20 Bridge Preservation — Bellefonte FY26,"Deck overlay, joint replacement, and scour countermeasures on the SR 20 bridge near Bellefonte (MP 3.3).",New Castle,SR 20,bridge,4890000,3669119,unfunded,preliminary-design,28,auto; freight,2025,1,15,true,true,false,false,bridge; preservation; state-of-good-repair
UNF-3134,T202351995 Henlopen Acres Local Road Safety Plan,Data-driven local road safety plan for Henlopen Acres identifying a high-injury network and proven countermeasures.,Sussex,SR 71,planning,990000,832406,unfunded,preliminary-design,29,auto; pedestrian,2029,0,5,false,true,true,false,safety-plan; data-driven; planning
UNF-3135,T202452032 SR 4 Bridge Culvert Replacement — Arden,Replace a deteriorated culvert on SR 4 MP 29.7 near Arden to restore hydraulic capacity and legal loads.,New Castle,SR 4,bridge,5310000,4064719,unfunded,final-design,83,auto; freight,2029,0,9,false,false,false,false,bridge; culvert; scour; state-of-good-repair
UNF-3136,T202552069 Ellendale Sidewalk and Crossing Gap Closure — SR 48,"Fill sidewalk gaps and add high-visibility crossings along SR 48 MP 3.1 in Ellendale, with ADA curb ramps.",Sussex,SR 48,bike-ped,2170000,2030521,unfunded,row,43,pedestrian; bicycle,2026,6,32,true,true,true,false,pedestrian; ada; crossing; vru
UNF-3137,T202652106 I-95 Guardrail and End Treatment Upgrade — Blades,Replace outdated guardrail and end treatments on I-95 MP 26.2 near Blades to current MASH standards.,Sussex,I-95,safety,3850000,3434097,unfunded,preliminary-design,31,auto,2027,0,7,false,true,true,false,guardrail; safety; roadside; systemic
UNF-3138,T202752143 SR 7 Pavement Rehab — Cheswold Northbound,Mill and overlay of deteriorated SR 7 lanes through Cheswold (MP 42.5) to restore ride quality. Limited safety or equity components.,Kent,SR 7,pavement,20620000,20521459,unfunded,row,59,auto,2025,1,4,false,true,true,false,pavement; preservation; state-of-good-repair
UNF-3139,T202252180 US 40 Intersection Safety Package — Slaughter Beach Southbound,"Systemic safety package at US 40 MP 37.9 serving Slaughter Beach: signal upgrades, left-turn protection, lighting, and pedestrian intervals.",Sussex,US 40,safety,12840000,11029591,unfunded,final-design,79,auto; pedestrian,2029,6,28,true,false,true,false,intersection; signal; safety; pedestrian; high-crash
UNF-3140,T202352217 Felton Shared-Use Path — SR 42 Phase 1,Construct a shared-use path parallel to SR 42 MP 12.0 connecting neighborhoods and schools in Felton.,Kent,SR 42,bike-ped,4130000,3358476,unfunded,row,41,pedestrian; bicycle,2027,2,9,true,false,true,false,bicycle; pedestrian; trail; vru
UNF-3141,T202452254 Bethel Sidewalk and Crossing Gap Closure — SR 20,"Fill sidewalk gaps and add high-visibility crossings along SR 20 MP 5.8 in Bethel, with ADA curb ramps.",Sussex,SR 20,bike-ped,7260000,5900004,unfunded,preliminary-design,27,pedestrian; bicycle,2026,1,5,false,true,false,false,pedestrian; ada; crossing; vru
UNF-3142,T202552291 Newark Roundabout Conversion — SR 404,Convert a high-crash SR 404 intersection in Newark (MP 20.7) to a single-lane roundabout with pedestrian crossings.,New Castle,SR 404,safety,7270000,6721709,partially-funded,row,39,auto; pedestrian,2025,4,17,true,false,false,false,roundabout; intersection; safety; pedestrian
UNF-3143,T202652328 Sussex County Freight and Multimodal Plan Update,"Update the Sussex County freight and multimodal plan, including bottleneck screening on SR 8 and equity analysis.",Sussex,SR 8,planning,1160000,882500,partially-funded,final-design,76,auto; freight; transit,2028,0,4,false,true,true,false,planning; freight; multimodal; data-driven
UNF-3144,T202752365 US 40 Freight Bottleneck Relief — Dover,"Intersection capacity, turning-radius, and signal timing improvements for industrial freight on US 40 MP 17.5 in Dover.",Kent,US 40,freight,17130000,15565032,unfunded,final-design,65,freight; auto,2026,1,8,false,true,true,true,freight; bottleneck; signal; reliability
UNF-3145,T202252402 Clayton Local Road Safety Plan,Data-driven local road safety plan for Clayton identifying a high-injury network and proven countermeasures.,Kent,US 202,planning,390000,384390,partially-funded,construction-ready,94,auto; pedestrian,2025,0,4,false,false,false,false,safety-plan; data-driven; planning
UNF-3146,T202352439 US 13 Pavement Rehab — Henlopen Acres Northbound,Mill and overlay of deteriorated US 13 lanes through Henlopen Acres (MP 3.7) to restore ride quality. Limited safety or equity components.,Sussex,US 13,pavement,13490000,10950832,unfunded,planning,9,auto,2025,0,7,false,false,true,false,pavement; preservation; state-of-good-repair
UNF-3147,T202452476 Kirkwood Local Road Safety Plan,Data-driven local road safety plan for Kirkwood identifying a high-injury network and proven countermeasures.,New Castle,SR 7,planning,370000,359371,unfunded,row,58,auto; pedestrian,2028,0,3,false,false,false,false,safety-plan; data-driven; planning
UNF-3148,T202552513 SR 92 Intersection Safety Package — Bear Northbound,"Systemic safety package at SR 92 MP 28.4 serving Bear: signal upgrades, left-turn protection, lighting, and pedestrian intervals.",New Castle,SR 92,safety,8760000,8500180,unfunded,final-design,82,auto; pedestrian,2028,5,30,true,true,false,true,intersection; signal; safety; pedestrian; high-crash
UNF-3149,T202652550 Christiana School Zone and Speed Management,"School-zone flashers, gateway treatments, and speed management on local streets feeding SR 16 in Christiana.",New Castle,SR 16,safety,2320000,1801865,unfunded,planning,18,auto; pedestrian,2026,1,13,false,false,false,false,safety; school; speed-management; lighting
UNF-3150,T202752587 Clayton Sidewalk and Crossing Gap Closure — SR 202,"Fill sidewalk gaps and add high-visibility crossings along SR 202 MP 23.5 in Clayton, with ADA curb ramps.",Kent,SR 202,bike-ped,8500000,6531703,unfunded,planning,7,pedestrian; bicycle,2026,1,15,true,true,false,false,pedestrian; ada; crossing; vru
UNF-3151,T202252624 Henlopen Acres School Zone and Speed Management,"School-zone flashers, gateway treatments, and speed management on local streets feeding SR 10 in Henlopen Acres.",Sussex,SR 10,safety,2870000,2221256,unfunded,construction-ready,90,auto; pedestrian,2027,4,17,true,true,true,false,safety; school; speed-management; lighting
UNF-3152,T202352661 SR 92 Bridge Preservation — Bethany Beach Southbound,"Deck overlay, joint replacement, and scour countermeasures on the SR 92 bridge near Bethany Beach (MP 37.1).",Sussex,SR 92,bridge,21410000,17903413,partially-funded,row,35,auto; freight,2027,0,3,false,false,true,false,bridge; preservation; state-of-good-repair
UNF-3153,T202452698 Camden-Wyoming Truck Route Geometric Improvements — SR 300,Widen turning radii and upgrade shoulders for freight movements on SR 300 MP 10.9 near Camden-Wyoming.,Kent,SR 300,freight,13980000,12067485,unfunded,final-design,82,freight; auto,2028,0,9,false,true,false,true,freight; geometry; shoulders
UNF-3154,T202552735 Greenville Slope Stabilization — SR 202 MP 25.8,"Embankment repair, drainage, and slope stabilization on SR 202 near Greenville after repeated washouts.",New Castle,SR 202,resilience,9560000,8769713,unfunded,preliminary-design,27,auto,2027,0,7,false,false,false,false,slope; drainage; resilience; geotech
UNF-3155,T202652772 Glasgow Slope Stabilization — US 301 MP 31.7,"Embankment repair, drainage, and slope stabilization on US 301 near Glasgow after repeated washouts.",New Castle,US 301,resilience,12640000,11105350,unfunded,final-design,77,auto,2028,1,11,false,false,false,false,slope; drainage; resilience; geotech
UNF-3156,T202752809 Kenton Adaptive Signal System — SR 300,"Adaptive signal control, detection, and communications along SR 300 MP 3.3 in Kenton.",Kent,SR 300,signals,7830000,7018268,unfunded,planning,12,auto; transit,2029,0,8,false,true,true,false,signal; operations; congestion; safety
UNF-3157,T202252846 SR 58 Drainage and Flood Mitigation — Houston,Stormwater upgrades and roadway raising where SR 58 MP 44.7 floods near Houston.,Kent,SR 58,resilience,21980000,17638364,unfunded,final-design,83,auto,2028,0,11,false,false,false,true,flood; drainage; resilience
UNF-3158,T202352883 SR 273 Drainage and Flood Mitigation — New Castle,Stormwater upgrades and roadway raising where SR 273 MP 33.4 floods near New Castle.,New Castle,SR 273,resilience,29870000,24904675,unfunded,preliminary-design,31,auto,2029,0,3,false,false,false,false,flood; drainage; resilience
UNF-3159,T202452920 I-95 Pavement Rehab — Magnolia FY27,Mill and overlay of deteriorated I-95 lanes through Magnolia (MP 13.6) to restore ride quality. Limited safety or equity components.,Kent,I-95,pavement,19550000,15843311,unfunded,preliminary-design,28,auto,2029,1,13,false,false,true,false,pavement; preservation; state-of-good-repair
UNF-3160,T202552957 SR 72 Lane Departure Countermeasures — Claymont,"Rumble strips, high-friction surface treatment, and curve warning upgrades on SR 72 MP 30.9 near Claymont.",New Castle,SR 72,safety,2150000,2032233,unfunded,final-design,60,auto,2026,0,10,false,true,false,true,lane-departure; rural; high-friction; systemic; safety
UNF-3161,T202652994 Lincoln Slope Stabilization — I-295 MP 4.1,"Embankment repair, drainage, and slope stabilization on I-295 near Lincoln after repeated washouts.",Sussex,I-295,resilience,13420000,11031531,unfunded,preliminary-design,31,auto,2025,1,13,false,false,false,false,slope; drainage; resilience; geotech
UNF-3162,T202753031 Edgemoor Shared-Use Path — SR 18 Group A,Construct a shared-use path parallel to SR 18 MP 12.0 connecting neighborhoods and schools in Edgemoor.,New Castle,SR 18,bike-ped,6370000,5838371,unfunded,construction-ready,88,pedestrian; bicycle,2027,4,22,true,false,false,true,bicycle; pedestrian; trail; vru
UNF-3163,T202253068 SR 404 Guardrail and End Treatment Upgrade — Magnolia,Replace outdated guardrail and end treatments on SR 404 MP 34.8 near Magnolia to current MASH standards.,Kent,SR 404,safety,3950000,3502027,unfunded,row,35,auto,2028,1,17,true,true,true,false,guardrail; safety; roadside; systemic
UNF-3164,T202353105 SR 4 Bridge Preservation — Arden FY27,"Deck overlay, joint replacement, and scour countermeasures on the SR 4 bridge near Arden (MP 33.0).",New Castle,SR 4,bridge,33630000,27063089,unfunded,final-design,65,auto; freight,2029,0,5,false,true,true,false,bridge; preservation; state-of-good-repair
UNF-3165,T202453142 Harrington Complete Streets — SR 36 Town Center,"Lane reallocation, bicycle facilities, and pedestrian lighting on SR 36 through Harrington town center (Phase 1).",Kent,SR 36,complete-streets,16670000,15323348,unfunded,final-design,61,auto; pedestrian; bicycle,2026,6,31,true,false,true,false,complete-streets; bike-ped; equity; safety
UNF-3166,T202553179 Houston Complete Streets — I-295 Town Center,"Lane reallocation, bicycle facilities, and pedestrian lighting on I-295 through Houston town center (Southbound).",Kent,I-295,complete-streets,15440000,14037123,unfunded,row,50,auto; pedestrian; bicycle,2027,0,2,false,false,true,true,complete-streets; bike-ped; equity; safety
UNF-3167,T202653216 I-95 Pavement Rehab — Clayton FY26,Mill and overlay of deteriorated I-95 lanes through Clayton (MP 6.0) to restore ride quality. Limited safety or equity components.,Kent,I-95,pavement,4770000,3985468,unfunded,final-design,68,auto,2027,0,1,false,false,true,false,pavement; preservation; state-of-good-repair
UNF-3168,T202753253 Camden Road Diet and Downtown Safety — SR 9,"Road diet, on-street parking reconfiguration, ADA ramps, and pedestrian lighting in Camden along SR 9.",Kent,SR 9,complete-streets,13520000,13023868,unfunded,construction-ready,96,auto; pedestrian; bicycle,2026,6,35,true,true,true,true,road-diet; ada; downtown; complete-streets; safety
UNF-3169,T202253290 SR 58 Pavement Rehab — Slaughter Beach Southbound,Mill and overlay of deteriorated SR 58 lanes through Slaughter Beach (MP 4.0) to restore ride quality. Limited safety or equity components.,Sussex,SR 58,pavement,16660000,12915736,unfunded,final-design,76,auto,2028,1,12,false,false,false,false,pavement; preservation; state-of-good-repair
UNF-3170,T202353327 SR 9 Bridge Preservation — Dover Phase 2,"Deck overlay, joint replacement, and scour countermeasures on the SR 9 bridge near Dover (MP 26.4).",Kent,SR 9,bridge,37330000,33032966,unfunded,preliminary-design,26,auto; freight,2027,0,6,false,false,true,true,bridge; preservation; state-of-good-repair
UNF-3171,T202453364 Odessa DART Stop and Access Improvements — SR 141,"Accessible pads, shelters, lighting, and sidewalk connections to DART stops on SR 141 in Odessa.",New Castle,SR 141,transit,2020000,1911461,unfunded,planning,7,transit; pedestrian,2026,1,9,false,true,true,false,transit; equity; pedestrian; ada
UNF-3172,T202553401 SR 42 Bridge Preservation — Glasgow FY26,"Deck overlay, joint replacement, and scour countermeasures on the SR 42 bridge near Glasgow (MP 35.8).",New Castle,SR 42,bridge,18890000,14302374,unfunded,row,35,auto; freight,2026,1,6,false,false,false,true,bridge; preservation; state-of-good-repair
UNF-3173,T202653438 Felton Adaptive Signal System — US 113,"Adaptive signal control, detection, and communications along US 113 MP 3.6 in Felton.",Kent,US 113,signals,7530000,6389899,unfunded,final-design,64,auto; transit,2028,0,2,false,false,false,false,signal; operations; congestion; safety
UNF-3174,T202753475 SR 54 Drainage and Flood Mitigation — Henlopen Acres,Stormwater upgrades and roadway raising where SR 54 MP 23.3 floods near Henlopen Acres.,Sussex,SR 54,resilience,29390000,22368312,unfunded,row,39,auto,2027,0,10,false,true,true,true,flood; drainage; resilience
UNF-3175,T202253512 SR 54 Bridge Preservation — Kirkwood FY26,"Deck overlay, joint replacement, and scour countermeasures on the SR 54 bridge near Kirkwood (MP 18.0).",New Castle,SR 54,bridge,6990000,5278071,unfunded,row,58,auto; freight,2028,0,1,false,false,false,false,bridge; preservation; state-of-good-repair
UNF-3176,T202353549 Long Neck Shared-Use Path — US 301 Group B,Construct a shared-use path parallel to US 301 MP 19.2 connecting neighborhoods and schools in Long Neck.,Sussex,US 301,bike-ped,6500000,5069003,unfunded,row,48,pedestrian; bicycle,2025,0,13,false,false,true,true,bicycle; pedestrian; trail; vru
UNF-3177,T202453586 SR 26 Lane Departure Countermeasures — Little Creek,"Rumble strips, high-friction surface treatment, and curve warning upgrades on SR 26 MP 12.9 near Little Creek.",Kent,SR 26,safety,5440000,5066158,unfunded,preliminary-design,20,auto,2026,5,26,true,false,false,true,lane-departure; rural; high-friction; systemic; safety
UNF-3178,T202553623 US 202 Drainage and Flood Mitigation — Millsboro,Stormwater upgrades and roadway raising where US 202 MP 3.1 floods near Millsboro.,Sussex,US 202,resilience,21770000,19270681,unfunded,row,49,auto,2025,0,11,false,true,true,false,flood; drainage; resilience
UNF-3179,T202653660 Greenwood Adaptive Signal System — SR 24,"Adaptive signal control, detection, and communications along SR 24 MP 11.3 in Greenwood.",Sussex,SR 24,signals,1910000,1820248,unfunded,construction-ready,93,auto; transit,2025,0,4,false,true,false,false,signal; operations; congestion; safety
UNF-3180,T202753697 Townsend Sidewalk and Crossing Gap Closure — SR 8,"Fill sidewalk gaps and add high-visibility crossings along SR 8 MP 28.1 in Townsend, with ADA curb ramps.",New Castle,SR 8,bike-ped,5690000,4987390,unfunded,preliminary-design,20,pedestrian; bicycle,2025,6,26,true,true,false,false,pedestrian; ada; crossing; vru
UNF-3181,T202253734 DE 1 Freight Bottleneck Relief — Dewey Beach,"Intersection capacity, turning-radius, and signal timing improvements for industrial freight on DE 1 MP 32.9 in Dewey Beach.",Sussex,DE 1,freight,9890000,7817816,unfunded,construction-ready,94,freight; auto,2029,0,8,false,false,true,false,freight; bottleneck; signal; reliability
UNF-3182,T202353771 Felton Slope Stabilization — SR 54 MP 20.6,"Embankment repair, drainage, and slope stabilization on SR 54 near Felton after repeated washouts.",Kent,SR 54,resilience,9890000,8066099,partially-funded,construction-ready,97,auto,2025,0,8,false,true,true,true,slope; drainage; resilience; geotech
UNF-3183,T202453808 I-295 Bridge Preservation — Delaware City Phase 2,"Deck overlay, joint replacement, and scour countermeasures on the I-295 bridge near Delaware City (MP 7.0).",New Castle,I-295,bridge,12320000,10365780,unfunded,final-design,62,auto; freight,2028,1,13,false,false,false,false,bridge; preservation; state-of-good-repair
UNF-3184,T202553845 Harrington Road Diet and Downtown Safety — SR 71,"Road diet, on-street parking reconfiguration, ADA ramps, and pedestrian lighting in Harrington along SR 71.",Kent,SR 71,complete-streets,6010000,5205880,unfunded,final-design,61,auto; pedestrian; bicycle,2025,4,20,true,false,false,true,road-diet; ada; downtown; complete-streets; safety
UNF-3185,T202653882 SR 1 Pavement Rehab — Seaford Phase 2,Mill and overlay of deteriorated SR 1 lanes through Seaford (MP 42.3) to restore ride quality. Limited safety or equity components.,Sussex,SR 1,pavement,21180000,18208232,unfunded,row,48,auto,2025,1,9,false,true,false,false,pavement; preservation; state-of-good-repair
UNF-3186,T202753919 SR 72 Pavement Rehab — Cheswold Northbound,Mill and overlay of deteriorated SR 72 lanes through Cheswold (MP 43.2) to restore ride quality. Limited safety or equity components.,Kent,SR 72,pavement,9730000,8371386,unfunded,final-design,73,auto,2029,0,2,false,true,false,false,pavement; preservation; state-of-good-repair
UNF-3187,T202253956 SR 18 Guardrail and End Treatment Upgrade — Christiana,Replace outdated guardrail and end treatments on SR 18 MP 31.3 near Christiana to current MASH standards.,New Castle,SR 18,safety,3660000,2756403,unfunded,preliminary-design,25,auto,2028,1,11,false,true,false,false,guardrail; safety; roadside; systemic
UNF-3188,T202353993 SR 299 Lane Departure Countermeasures — Blades,"Rumble strips, high-friction surface treatment, and curve warning upgrades on SR 299 MP 17.2 near Blades.",Sussex,SR 299,safety,5710000,4862113,unfunded,row,50,auto,2029,1,11,false,true,true,false,lane-departure; rural; high-friction; systemic; safety
UNF-3189,T202454030 Milford Adaptive Signal System — SR 52,"Adaptive signal control, detection, and communications along SR 52 MP 34.5 in Milford.",Kent,SR 52,signals,4390000,3998338,unfunded,final-design,80,auto; transit,2026,1,8,false,false,true,false,signal; operations; congestion; safety
UNF-3190,T202554067 Woodside Adaptive Signal System — SR 72,"Adaptive signal control, detection, and communications along SR 72 MP 31.4 in Woodside.",Kent,SR 72,signals,7910000,7094346,unfunded,row,37,auto; transit,2029,0,4,false,true,true,false,signal; operations; congestion; safety
UNF-3191,T202654104 SR 2 Freight Bottleneck Relief — Georgetown,"Intersection capacity, turning-radius, and signal timing improvements for industrial freight on SR 2 MP 9.5 in Georgetown.",Sussex,SR 2,freight,17950000,17542970,unfunded,planning,17,freight; auto,2029,0,7,false,false,true,false,freight; bottleneck; signal; reliability
UNF-3192,T202754141 DE 1 Bridge Preservation — Camden Northbound,"Deck overlay, joint replacement, and scour countermeasures on the DE 1 bridge near Camden (MP 13.0).",Kent,DE 1,bridge,6290000,5051185,unfunded,preliminary-design,29,auto; freight,2027,0,6,false,true,false,false,bridge; preservation; state-of-good-repair
UNF-3193,T202254178 SR 2 Bridge Culvert Replacement — Viola,Replace a deteriorated culvert on SR 2 MP 2.4 near Viola to restore hydraulic capacity and legal loads.,Kent,SR 2,bridge,5080000,5045742,partially-funded,row,53,auto; freight,2025,0,13,false,true,true,false,bridge; culvert; scour; state-of-good-repair
UNF-3194,T202354215 Hartly Truck Route Geometric Improvements — I-495,Widen turning radii and upgrade shoulders for freight movements on I-495 MP 40.8 near Hartly.,Kent,I-495,freight,15020000,12443194,unfunded,row,38,freight; auto,2029,0,8,false,false,true,false,freight; geometry; shoulders
UNF-3195,T202454252 Glasgow Truck Route Geometric Improvements — SR 14,Widen turning radii and upgrade shoulders for freight movements on SR 14 MP 37.5 near Glasgow.,New Castle,SR 14,freight,10240000,8320011,partially-funded,construction-ready,98,freight; auto,2028,1,4,false,false,true,false,freight; geometry; shoulders
UNF-3196,T202554289 SR 4 Guardrail and End Treatment Upgrade — Greenwood,Replace outdated guardrail and end treatments on SR 4 MP 37.2 near Greenwood to current MASH standards.,Sussex,SR 4,safety,3390000,2916446,unfunded,final-design,61,auto,2026,6,28,true,true,true,false,guardrail; safety; roadside; systemic
UNF-3197,T202654326 Rehoboth Beach Sidewalk and Crossing Gap Closure — US 202,"Fill sidewalk gaps and add high-visibility crossings along US 202 MP 26.2 in Rehoboth Beach, with ADA curb ramps.",Sussex,US 202,bike-ped,3410000,2967414,unfunded,row,55,pedestrian; bicycle,2029,4,24,true,false,true,false,pedestrian; ada; crossing; vru
UNF-3198,T202754363 I-95 Lane Departure Countermeasures — Elsmere,"Rumble strips, high-friction surface treatment, and curve warning upgrades on I-95 MP 26.1 near Elsmere.",New Castle,I-95,safety,8870000,8741246,unfunded,preliminary-design,34,auto,2029,5,33,true,false,false,true,lane-departure; rural; high-friction; systemic; safety
UNF-3199,T202254400 SR 52 Drainage and Flood Mitigation — Smyrna,Stormwater upgrades and roadway raising where SR 52 MP 2.7 floods near Smyrna.,Kent,SR 52,resilience,23750000,17831142,unfunded,planning,12,auto,2028,0,8,false,true,false,false,flood; drainage; resilience
UNF-3200,T202354437 Kent County Freight and Multimodal Plan Update,"Update the Kent County freight and multimodal plan, including bottleneck screening on SR 141 and equity analysis.",Kent,SR 141,planning,570000,524669,unfunded,planning,15,auto; freight; transit,2026,0,1,false,false,true,false,planning; freight; multimodal; data-driven
UNF-3201,T202454474 Hartly Sidewalk and Crossing Gap Closure — US 40,"Fill sidewalk gaps and add high-visibility crossings along US 40 MP 26.5 in Hartly, with ADA curb ramps.",Kent,US 40,bike-ped,8080000,7735756,partially-funded,row,52,pedestrian; bicycle,2028,3,24,true,false,true,true,pedestrian; ada; crossing; vru
UNF-3202,T202554511 SR 141 Drainage and Flood Mitigation — Townsend,Stormwater upgrades and roadway raising where SR 141 MP 22.6 floods near Townsend.,New Castle,SR 141,resilience,5160000,4222201,unfunded,final-design,79,auto,2027,1,14,false,true,false,true,flood; drainage; resilience
UNF-3203,T202654548 Selbyville Adaptive Signal System — US 40,"Adaptive signal control, detection, and communications along US 40 MP 42.1 in Selbyville.",Sussex,US 40,signals,7850000,7625293,partially-funded,row,42,auto; transit,2026,0,6,false,true,true,true,signal; operations; congestion; safety
UNF-3204,T202754585 DART Bus Fleet Replacement — Fenwick Island Division,"Replace diesel buses with low- and no-emission transit buses and related equipment at the DART Fenwick Island division, including depot charging.",Sussex,US 113,transit,22060000,20475841,unfunded,preliminary-design,29,transit,2028,1,4,false,false,true,false,transit; bus-fleet; low-no; zero-emission; garage
UNF-3205,T202254622 I-295 Bridge Preservation — Dagsboro FY27,"Deck overlay, joint replacement, and scour countermeasures on the I-295 bridge near Dagsboro (MP 19.3).",Sussex,I-295,bridge,14460000,13122034,partially-funded,row,50,auto; freight,2027,1,17,true,false,true,false,bridge; preservation; state-of-good-repair
UNF-3206,T202354659 Frederica DART Stop and Access Improvements — SR 10,"Accessible pads, shelters, lighting, and sidewalk connections to DART stops on SR 10 in Frederica.",Kent,SR 10,transit,3930000,3889408,unfunded,row,51,transit; pedestrian,2027,1,15,true,true,false,true,transit; equity; pedestrian; ada
UNF-3207,T202454696 SR 42 Guardrail and End Treatment Upgrade — Arden,Replace outdated guardrail and end treatments on SR 42 MP 34.4 near Arden to current MASH standards.,New Castle,SR 42,safety,3550000,3127532,unfunded,preliminary-design,21,auto,2028,0,7,false,false,false,false,guardrail; safety; roadside; systemic
UNF-3208,T202554733 DART Bus Fleet Replacement — Little Creek Division,"Replace diesel buses with low- and no-emission transit buses and related equipment at the DART Little Creek division, including depot charging.",Kent,SR 36,transit,22740000,21910528,unfunded,row,38,transit,2025,1,9,false,true,false,false,transit; bus-fleet; low-no; zero-emission; garage
UNF-3209,T202654770 I-495 Pavement Rehab — Leipsic Phase 2,Mill and overlay of deteriorated I-495 lanes through Leipsic (MP 28.8) to restore ride quality. Limited safety or equity components.,Kent,I-495,pavement,5700000,5370703,unfunded,row,58,auto,2027,1,6,false,true,false,true,pavement; preservation; state-of-good-repair
UNF-3210,T202754807 SR 48 Bridge Culvert Replacement — Frankford,Replace a deteriorated culvert on SR 48 MP 7.9 near Frankford to restore hydraulic capacity and legal loads.,Sussex,SR 48,bridge,7180000,6157949,unfunded,preliminary-design,26,auto; freight,2025,0,9,false,true,true,false,bridge; culvert; scour; state-of-good-repair
UNF-3211,T202254844 Leipsic Complete Streets — SR 202 Town Center,"Lane reallocation, bicycle facilities, and pedestrian lighting on SR 202 through Leipsic town center (Group B).",Kent,SR 202,complete-streets,11190000,10516431,unfunded,planning,5,auto; pedestrian; bicycle,2025,3,20,true,true,true,false,complete-streets; bike-ped; equity; safety
UNF-3212,T202354881 SR 71 Bridge Preservation — Pike Creek FY26,"Deck overlay, joint replacement, and scour countermeasures on the SR 71 bridge near Pike Creek (MP 44.2).",New Castle,SR 71,bridge,19980000,15937095,unfunded,construction-ready,87,auto; freight,2029,1,6,false,false,false,false,bridge; preservation; state-of-good-repair
UNF-3213,T202454918 US 202 Bridge Culvert Replacement — Millville,Replace a deteriorated culvert on US 202 MP 14.5 near Millville to restore hydraulic capacity and legal loads.,Sussex,US 202,bridge,11160000,10117431,unfunded,row,44,auto; freight,2025,1,5,false,false,true,false,bridge; culvert; scour; state-of-good-repair
UNF-3214,T202554955 SR 8 Pavement Rehab — Bear Phase 1,Mill and overlay of deteriorated SR 8 lanes through Bear (MP 6.6) to restore ride quality. Limited safety or equity components.,New Castle,SR 8,pavement,16770000,13468682,partially-funded,planning,18,auto,2028,0,8,false,true,false,true,pavement; preservation; state-of-good-repair
UNF-3215,T202654992 US 40 Pavement Rehab — Seaford Group A,Mill and overlay of deteriorated US 40 lanes through Seaford (MP 29.5) to restore ride quality. Limited safety or equity components.,Sussex,US 40,pavement,13900000,13049873,unfunded,final-design,80,auto,2025,0,2,false,true,true,true,pavement; preservation; state-of-good-repair
UNF-3216,T202755029 Bear Complete Streets — US 113 Town Center,"Lane reallocation, bicycle facilities, and pedestrian lighting on US 113 through Bear town center (Phase 1).",New Castle,US 113,complete-streets,11200000,9704669,unfunded,planning,16,auto; pedestrian; bicycle,2029,4,24,true,false,false,true,complete-streets; bike-ped; equity; safety
UNF-3217,T202255066 Ellendale Local Road Safety Plan,Data-driven local road safety plan for Ellendale identifying a high-injury network and proven countermeasures.,Sussex,SR 18,planning,870000,806539,partially-funded,final-design,63,auto; pedestrian,2028,0,2,false,false,true,true,safety-plan; data-driven; planning
UNF-3218,T202355103 Little Creek DART Stop and Access Improvements — US 40,"Accessible pads, shelters, lighting, and sidewalk connections to DART stops on US 40 in Little Creek.",Kent,US 40,transit,2570000,1984632,partially-funded,final-design,68,transit; pedestrian,2029,0,2,false,true,true,false,transit; equity; pedestrian; ada
UNF-3219,T202455140 New Castle Local Road Safety Plan,Data-driven local road safety plan for New Castle identifying a high-injury network and proven countermeasures.,New Castle,SR 82,planning,980000,824075,partially-funded,construction-ready,94,auto; pedestrian,2026,0,11,false,false,false,true,safety-plan; data-driven; planning
UNF-3220,T202555177 DART Bus Fleet Replacement — Dewey Beach Division,"Replace diesel buses with low- and no-emission transit buses and related equipment at the DART Dewey Beach division, including depot charging.",Sussex,SR 92,transit,29540000,23759810,unfunded,construction-ready,96,transit,2027,1,17,true,false,true,false,transit; bus-fleet; low-no; zero-emission; garage
UNF-3221,T202655214 Kenton Truck Route Geometric Improvements — SR 4,Widen turning radii and upgrade shoulders for freight movements on SR 4 MP 23.6 near Kenton.,Kent,SR 4,freight,14880000,13992415,unfunded,row,36,freight; auto,2028,0,6,false,false,false,true,freight; geometry; shoulders
UNF-3222,T202755251 SR 58 Pavement Rehab — Frankford Northbound,Mill and overlay of deteriorated SR 58 lanes through Frankford (MP 32.3) to restore ride quality. Limited safety or equity components.,Sussex,SR 58,pavement,20410000,18918799,partially-funded,row,36,auto,2025,1,5,false,false,false,true,pavement; preservation; state-of-good-repair
UNF-3223,T202255288 Harrington Road Diet and Downtown Safety — SR 26,"Road diet, on-street parking reconfiguration, ADA ramps, and pedestrian lighting in Harrington along SR 26.",Kent,SR 26,complete-streets,12040000,11025042,unfunded,construction-ready,90,auto; pedestrian; bicycle,2028,5,27,true,true,false,false,road-diet; ada; downtown; complete-streets; safety
UNF-3224,T202355325 Delmar School Zone and Speed Management,"School-zone flashers, gateway treatments, and speed management on local streets feeding SR 404 in Delmar.",Sussex,SR 404,safety,4010000,3311946,unfunded,planning,18,auto; pedestrian,2028,6,24,true,true,true,true,safety; school; speed-management; lighting
UNF-3225,T202455362 Millville Truck Route Geometric Improvements — SR 24,Widen turning radii and upgrade shoulders for freight movements on SR 24 MP 4.2 near Millville.,Sussex,SR 24,freight,5090000,4101561,unfunded,row,58,freight; auto,2026,1,5,false,false,true,true,freight; geometry; shoulders
UNF-3226,T202555399 US 13 Concrete Pavement Restoration — Rising Sun,"Slab repair, diamond grinding, and joint resealing on US 13 MP 39.5 in Kent County near Rising Sun.",Kent,US 13,pavement,12260000,12154621,partially-funded,preliminary-design,34,auto,2027,1,13,false,true,true,true,pavement; concrete; preservation
UNF-3227,T202655436 Kirkwood School Zone and Speed Management,"School-zone flashers, gateway treatments, and speed management on local streets feeding SR 7 in Kirkwood.",New Castle,SR 7,safety,5130000,4217209,partially-funded,row,38,auto; pedestrian,2026,3,18,true,true,false,true,safety; school; speed-management; lighting
UNF-3228,T202755473 DE 1 Concrete Pavement Restoration — Gumboro,"Slab repair, diamond grinding, and joint resealing on DE 1 MP 15.2 in Sussex County near Gumboro.",Sussex,DE 1,pavement,19040000,19039155,partially-funded,construction-ready,94,auto,2028,0,1,false,false,true,false,pavement; concrete; preservation
UNF-3229,T202255510 US 40 Intersection Safety Package — Edgemoor Group A,"Systemic safety package at US 40 MP 2.6 serving Edgemoor: signal upgrades, left-turn protection, lighting, and pedestrian intervals.",New Castle,US 40,safety,7070000,7020360,unfunded,row,45,auto; pedestrian,2026,6,35,true,false,true,false,intersection; signal; safety; pedestrian; high-crash
UNF-3230,T202355547 DART Bus Fleet Replacement — New Castle Division,"Replace diesel buses with low- and no-emission transit buses and related equipment at the DART New Castle division, including depot charging.",New Castle,I-295,transit,30210000,26191419,unfunded,row,53,transit,2028,0,6,false,true,true,false,transit; bus-fleet; low-no; zero-emission; garage
UNF-3231,T202455584 Christiana Truck Route Geometric Improvements — SR 82,Widen turning radii and upgrade shoulders for freight movements on SR 82 MP 33.6 near Christiana.,New Castle,SR 82,freight,10860000,10767362,unfunded,planning,15,freight; auto,2028,0,12,false,false,false,true,freight; geometry; shoulders
UNF-3232,T202555621 SR 299 Concrete Pavement Restoration — Magnolia,"Slab repair, diamond grinding, and joint resealing on SR 299 MP 26.1 in Kent County near Magnolia.",Kent,SR 299,pavement,13600000,11302612,unfunded,row,57,auto,2027,1,15,true,false,true,false,pavement; concrete; preservation
UNF-3233,T202655658 I-95 Pavement Rehab — Little Creek Group A,Mill and overlay of deteriorated I-95 lanes through Little Creek (MP 15.6) to restore ride quality. Limited safety or equity components.,Kent,I-95,pavement,3480000,3465281,unfunded,preliminary-design,32,auto,2025,1,14,false,true,false,false,pavement; preservation; state-of-good-repair
UNF-3234,T202755695 Odessa Roundabout Conversion — I-95,Convert a high-crash I-95 intersection in Odessa (MP 39.2) to a single-lane roundabout with pedestrian crossings.,New Castle,I-95,safety,5790000,5752806,unfunded,construction-ready,95,auto; pedestrian,2025,4,17,true,false,false,false,roundabout; intersection; safety; pedestrian
UNF-3235,T202255732 SR 9 Pavement Rehab — Wyoming Phase 2,Mill and overlay of deteriorated SR 9 lanes through Wyoming (MP 25.2) to restore ride quality. Limited safety or equity components.,Kent,SR 9,pavement,10050000,8242776,partially-funded,construction-ready,93,auto,2029,1,15,true,false,true,false,pavement; preservation; state-of-good-repair
UNF-3236,T202355769 DART Bus Fleet Replacement — Smyrna Division,"Replace diesel buses with low- and no-emission transit buses and related equipment at the DART Smyrna division, including depot charging.",Kent,US 40,transit,16770000,16632601,unfunded,construction-ready,95,transit,2027,0,7,false,false,true,false,transit; bus-fleet; low-no; zero-emission; garage
UNF-3237,T202455806 Houston Sidewalk and Crossing Gap Closure — SR 202,"Fill sidewalk gaps and add high-visibility crossings along SR 202 MP 8.9 in Houston, with ADA curb ramps.",Kent,SR 202,bike-ped,5790000,5768250,unfunded,row,35,pedestrian; bicycle,2027,5,24,true,true,false,false,pedestrian; ada; crossing; vru
UNF-3238,T202555843 SR 71 Intersection Safety Package — Delmar FY27,"Systemic safety package at SR 71 MP 26.2 serving Delmar: signal upgrades, left-turn protection, lighting, and pedestrian intervals.",Sussex,SR 71,safety,14710000,12779634,unfunded,construction-ready,97,auto; pedestrian,2028,4,20,true,false,true,false,intersection; signal; safety; pedestrian; high-crash
UNF-3239,T202655880 SR 92 Drainage and Flood Mitigation — Felton,Stormwater upgrades and roadway raising where SR 92 MP 35.8 floods near Felton.,Kent,SR 92,resilience,26960000,23754597,unfunded,final-design,63,auto,2026,1,8,false,false,true,false,flood; drainage; resilience
UNF-3240,T202755917 Port Penn Truck Route Geometric Improvements — SR 1,Widen turning radii and upgrade shoulders for freight movements on SR 1 MP 33.1 near Port Penn.,New Castle,SR 1,freight,12840000,10933754,partially-funded,preliminary-design,27,freight; auto,2027,1,7,false,true,false,false,freight; geometry; shoulders
UNF-3241,T202255954 SR 16 Drainage and Flood Mitigation — Townsend,Stormwater upgrades and roadway raising where SR 16 MP 35.0 floods near Townsend.,New Castle,SR 16,resilience,10440000,9632443,unfunded,construction-ready,89,auto,2025,0,13,false,false,false,false,flood; drainage; resilience
UNF-3242,T202355991 Elsmere Slope Stabilization — SR 52 MP 24.3,"Embankment repair, drainage, and slope stabilization on SR 52 near Elsmere after repeated washouts.",New Castle,SR 52,resilience,3250000,2485453,unfunded,row,58,auto,2029,0,9,false,false,false,true,slope; drainage; resilience; geotech
UNF-3243,T202456028 Bowers Sidewalk and Crossing Gap Closure — I-295,"Fill sidewalk gaps and add high-visibility crossings along I-295 MP 4.8 in Bowers, with ADA curb ramps.",Kent,I-295,bike-ped,4280000,3282002,unfunded,planning,9,pedestrian; bicycle,2025,2,19,true,false,true,false,pedestrian; ada; crossing; vru
UNF-3244,T202556065 US 40 Pavement Rehab — Millsboro Southbound,Mill and overlay of deteriorated US 40 lanes through Millsboro (MP 9.5) to restore ride quality. Limited safety or equity components.,Sussex,US 40,pavement,19460000,18628739,unfunded,row,57,auto,2025,0,4,false,true,true,false,pavement; preservation; state-of-good-repair
UNF-3245,T202656102 SR 54 Lane Departure Countermeasures — Frankford,"Rumble strips, high-friction surface treatment, and curve warning upgrades on SR 54 MP 24.2 near Frankford.",Sussex,SR 54,safety,2830000,2749371,unfunded,row,52,auto,2027,3,19,true,false,true,false,lane-departure; rural; high-friction; systemic; safety
UNF-3246,T202756139 SR 202 Bridge Culvert Replacement — Bethel,Replace a deteriorated culvert on SR 202 MP 36.0 near Bethel to restore hydraulic capacity and legal loads.,Sussex,SR 202,bridge,3630000,3230143,unfunded,final-design,67,auto; freight,2027,0,0,false,true,true,false,bridge; culvert; scour; state-of-good-repair
UNF-3247,T202256176 Magnolia DART Stop and Access Improvements — SR 141,"Accessible pads, shelters, lighting, and sidewalk connections to DART stops on SR 141 in Magnolia.",Kent,SR 141,transit,3020000,2513211,unfunded,final-design,64,transit; pedestrian,2026,0,3,false,false,true,false,transit; equity; pedestrian; ada
UNF-3248,T202356213 SR 896 ITS Camera and Fiber — Pike Creek Northbound,"CCTV, fiber interconnect, and TMC integration on SR 896 MP 17.9 serving Pike Creek and New Castle County operations.",New Castle,SR 896,signals,7130000,7027708,unfunded,preliminary-design,30,auto,2025,1,10,false,false,false,false,its; operations; congestion; signal
UNF-3249,T202456250 SR 92 ITS Camera and Fiber — Delmar FY27,"CCTV, fiber interconnect, and TMC integration on SR 92 MP 27.5 serving Delmar and Sussex County operations.",Sussex,SR 92,signals,1340000,1186967,partially-funded,preliminary-design,32,auto,2029,0,3,false,true,false,false,its; operations; congestion; signal
UNF-3250,T202556287 Bowers Adaptive Signal System — SR 10,"Adaptive signal control, detection, and communications along SR 10 MP 8.8 in Bowers.",Kent,SR 10,signals,7550000,6096749,unfunded,construction-ready,86,auto; transit,2029,1,14,false,false,false,false,signal; operations; congestion; safety
UNF-3251,T202656324 Port Penn Shared-Use Path — I-95 FY26,Construct a shared-use path parallel to I-95 MP 1.8 connecting neighborhoods and schools in Port Penn.,New Castle,I-95,bike-ped,3370000,2733615,unfunded,final-design,83,pedestrian; bicycle,2025,2,11,true,false,true,true,bicycle; pedestrian; trail; vru
UNF-3252,T202756361 SR 404 Lane Departure Countermeasures — Delaware City,"Rumble strips, high-friction surface treatment, and curve warning upgrades on SR 404 MP 39.7 near Delaware City.",New Castle,SR 404,safety,8050000,6743320,unfunded,planning,7,auto,2025,6,35,true,true,false,false,lane-departure; rural; high-friction; systemic; safety
UNF-3253,T202256398 I-95 Concrete Pavement Restoration — Laurel,"Slab repair, diamond grinding, and joint resealing on I-95 MP 24.3 in Sussex County near Laurel.",Sussex,I-95,pavement,19630000,19569298,unfunded,final-design,77,auto,2029,1,10,false,false,true,false,pavement; concrete; preservation
UNF-3254,T202356435 US 13 Drainage and Flood Mitigation — Rising Sun,Stormwater upgrades and roadway raising where US 13 MP 10.7 floods near Rising Sun.,Kent,US 13,resilience,19410000,14790152,unfunded,preliminary-design,24,auto,2025,0,2,false,false,true,false,flood; drainage; resilience
UNF-3255,T202456472 Henlopen Acres Truck Route Geometric Improvements — SR 72,Widen turning radii and upgrade shoulders for freight movements on SR 72 MP 25.2 near Henlopen Acres.,Sussex,SR 72,freight,5760000,4804950,unfunded,row,53,freight; auto,2028,1,4,false,true,false,false,freight; geometry; shoulders
UNF-3256,T202556509 Townsend DART Stop and Access Improvements — SR 52,"Accessible pads, shelters, lighting, and sidewalk connections to DART stops on SR 52 in Townsend.",New Castle,SR 52,transit,5530000,5316026,partially-funded,final-design,76,transit; pedestrian,2026,1,17,true,false,false,false,transit; equity; pedestrian; ada
UNF-3257,T202656546 US 13 Freight Bottleneck Relief — Woodside,"Intersection capacity, turning-radius, and signal timing improvements for industrial freight on US 13 MP 28.5 in Woodside.",Kent,US 13,freight,18920000,16321599,unfunded,final-design,82,freight; auto,2026,1,17,true,false,false,true,freight; bottleneck; signal; reliability
UNF-3258,T202756583 Smyrna DART Stop and Access Improvements — SR 141,"Accessible pads, shelters, lighting, and sidewalk connections to DART stops on SR 141 in Smyrna.",Kent,SR 141,transit,4300000,4168831,unfunded,row,35,transit; pedestrian,2028,0,7,false,false,true,false,transit; equity; pedestrian; ada
UNF-3259,T202256620 Laurel Truck Route Geometric Improvements — SR 16,Widen turning radii and upgrade shoulders for freight movements on SR 16 MP 31.1 near Laurel.,Sussex,SR 16,freight,11650000,8752693,unfunded,row,57,freight; auto,2028,0,13,false,true,false,false,freight; geometry; shoulders
UNF-3260,T202356657 Bear Community Charging Hub — SR 20,Public DC fast charging adjacent to SR 20 serving Bear residents without home charging.,New Castle,SR 20,ev-charging,3990000,3630659,unfunded,planning,7,auto,2027,0,6,false,true,false,false,ev; equity; community; charging
UNF-3261,T202456694 US 40 Intersection Safety Package — Dewey Beach FY27,"Systemic safety package at US 40 MP 40.9 serving Dewey Beach: signal upgrades, left-turn protection, lighting, and pedestrian intervals.",Sussex,US 40,safety,4980000,4854770,partially-funded,final-design,82,auto; pedestrian,2025,5,27,true,false,true,false,intersection; signal; safety; pedestrian; high-crash
UNF-3262,T202556731 Milton Community Charging Hub — I-495,Public DC fast charging adjacent to I-495 serving Milton residents without home charging.,Sussex,I-495,ev-charging,2090000,1670883,unfunded,row,51,auto,2025,0,5,false,false,true,false,ev; equity; community; charging
UNF-3263,T202656768 Arden School Zone and Speed Management,"School-zone flashers, gateway treatments, and speed management on local streets feeding SR 72 in Arden.",New Castle,SR 72,safety,3030000,2649504,unfunded,row,52,auto; pedestrian,2025,6,28,true,false,false,false,safety; school; speed-management; lighting
UNF-3264,T202756805 SR 16 Bridge Preservation — Magnolia Phase 1,"Deck overlay, joint replacement, and scour countermeasures on the SR 16 bridge near Magnolia (MP 12.9).",Kent,SR 16,bridge,34750000,30833654,unfunded,final-design,68,auto; freight,2025,0,7,false,false,true,true,bridge; preservation; state-of-good-repair
UNF-3265,T202256842 Hockessin Sidewalk and Crossing Gap Closure — SR 202,"Fill sidewalk gaps and add high-visibility crossings along SR 202 MP 42.9 in Hockessin, with ADA curb ramps.",New Castle,SR 202,bike-ped,7900000,6250879,partially-funded,final-design,76,pedestrian; bicycle,2027,1,14,false,false,false,false,pedestrian; ada; crossing; vru
UNF-3266,T202356879 Little Creek Sidewalk and Crossing Gap Closure — SR 52,"Fill sidewalk gaps and add high-visibility crossings along SR 52 MP 37.4 in Little Creek, with ADA curb ramps.",Kent,SR 52,bike-ped,7610000,5740607,unfunded,preliminary-design,24,pedestrian; bicycle,2029,2,20,true,false,false,false,pedestrian; ada; crossing; vru
UNF-3267,T202456916 SR 52 Lane Departure Countermeasures — Arden,"Rumble strips, high-friction surface treatment, and curve warning upgrades on SR 52 MP 20.1 near Arden.",New Castle,SR 52,safety,2310000,2131580,unfunded,preliminary-design,34,auto,2027,0,13,false,true,false,false,lane-departure; rural; high-friction; systemic; safety
UNF-3268,T202556953 Pike Creek Complete Streets — SR 42 Town Center,"Lane reallocation, bicycle facilities, and pedestrian lighting on SR 42 through Pike Creek town center (Group B).",New Castle,SR 42,complete-streets,14850000,13411770,unfunded,construction-ready,90,auto; pedestrian; bicycle,2025,2,17,true,false,false,false,complete-streets; bike-ped; equity; safety
UNF-3269,T202656990 SR 299 Intersection Safety Package — Ocean View FY26,"Systemic safety package at SR 299 MP 2.1 serving Ocean View: signal upgrades, left-turn protection, lighting, and pedestrian intervals.",Sussex,SR 299,safety,15980000,14105820,unfunded,preliminary-design,22,auto; pedestrian,2025,4,22,true,true,true,false,intersection; signal; safety; pedestrian; high-crash
UNF-3270,T202757027 I-495 Drainage and Flood Mitigation — New Castle,Stormwater upgrades and roadway raising where I-495 MP 35.8 floods near New Castle.,New Castle,I-495,resilience,6420000,5650421,unfunded,construction-ready,88,auto,2027,0,5,false,false,false,false,flood; drainage; resilience
UNF-3271,T202257064 SR 273 Bridge Preservation — Arden Group B,"Deck overlay, joint replacement, and scour countermeasures on the SR 273 bridge near Arden (MP 6.1).",New Castle,SR 273,bridge,22800000,20566880,unfunded,construction-ready,87,auto; freight,2028,1,6,false,true,false,false,bridge; preservation; state-of-good-repair
UNF-3272,T202357101 SR 300 Drainage and Flood Mitigation — Bear,Stormwater upgrades and roadway raising where SR 300 MP 15.0 floods near Bear.,New Castle,SR 300,resilience,30750000,23577177,unfunded,final-design,77,auto,2029,1,10,false,true,false,true,flood; drainage; resilience
UNF-3273,T202457138 SR 7 Intersection Safety Package — Delmar FY26,"Systemic safety package at SR 7 MP 38.2 serving Delmar: signal upgrades, left-turn protection, lighting, and pedestrian intervals.",Sussex,SR 7,safety,11780000,11232818,unfunded,final-design,67,auto; pedestrian,2029,6,34,true,true,false,false,intersection; signal; safety; pedestrian; high-crash
UNF-3274,T202557175 US 113 Intersection Safety Package — Gumboro Group B,"Systemic safety package at US 113 MP 17.8 serving Gumboro: signal upgrades, left-turn protection, lighting, and pedestrian intervals.",Sussex,US 113,safety,6040000,4858593,unfunded,final-design,81,auto; pedestrian,2026,5,29,true,true,true,true,intersection; signal; safety; pedestrian; high-crash
UNF-3275,T202657212 SR 71 ITS Camera and Fiber — Elsmere FY26,"CCTV, fiber interconnect, and TMC integration on SR 71 MP 31.9 serving Elsmere and New Castle County operations.",New Castle,SR 71,signals,5080000,3851180,partially-funded,planning,11,auto,2028,0,9,false,true,false,true,its; operations; congestion; signal
UNF-3276,T202757249 US 202 Freight Bottleneck Relief — Magnolia,"Intersection capacity, turning-radius, and signal timing improvements for industrial freight on US 202 MP 19.8 in Magnolia.",Kent,US 202,freight,12500000,11771977,unfunded,construction-ready,88,freight; auto,2027,0,1,false,false,true,false,freight; bottleneck; signal; reliability
UNF-3277,T202257286 Gumboro Complete Streets — SR 30 Town Center,"Lane reallocation, bicycle facilities, and pedestrian lighting on SR 30 through Gumboro town center (Phase 1).",Sussex,SR 30,complete-streets,14130000,11068870,unfunded,final-design,66,auto; pedestrian; bicycle,2026,2,13,true,false,true,false,complete-streets; bike-ped; equity; safety
UNF-3278,T202357323 SR 404 Lane Departure Countermeasures — Woodside,"Rumble strips, high-friction surface treatment, and curve warning upgrades on SR 404 MP 7.0 near Woodside.",Kent,SR 404,safety,1990000,1761662,unfunded,row,43,auto,2027,1,11,false,false,false,true,lane-departure; rural; high-friction; systemic; safety
UNF-3279,T202457360 DART Bus Maintenance Facility Rehab — Kenton,"Rehabilitate the DART bus maintenance garage in Kenton, including lifts, bus wash, and charging/fueling for the transit fleet.",Kent,SR 141,transit,33380000,32141069,unfunded,construction-ready,95,transit,2029,1,12,false,true,true,false,transit; bus-fleet; garage; facility; low-no
UNF-3280,T202557397 SR 7 Drainage and Flood Mitigation — Bowers,Stormwater upgrades and roadway raising where SR 7 MP 39.3 floods near Bowers.,Kent,SR 7,resilience,7090000,6881827,unfunded,final-design,81,auto,2026,1,5,false,false,true,false,flood; drainage; resilience
UNF-3281,T202657434 Stanton DART Stop and Access Improvements — SR 14,"Accessible pads, shelters, lighting, and sidewalk connections to DART stops on SR 14 in Stanton.",New Castle,SR 14,transit,5030000,4091548,unfunded,preliminary-design,24,transit; pedestrian,2029,0,1,false,true,false,false,transit; equity; pedestrian; ada
UNF-3282,T202757471 Wyoming DART Stop and Access Improvements — SR 92,"Accessible pads, shelters, lighting, and sidewalk connections to DART stops on SR 92 in Wyoming.",Kent,SR 92,transit,1730000,1703202,partially-funded,planning,17,transit; pedestrian,2027,0,6,false,true,true,false,transit; equity; pedestrian; ada
UNF-3283,T202257508 Delaware City Slope Stabilization — SR 58 MP 44.4,"Embankment repair, drainage, and slope stabilization on SR 58 near Delaware City after repeated washouts.",New Castle,SR 58,resilience,10040000,8648514,unfunded,construction-ready,87,auto,2027,1,11,false,true,false,false,slope; drainage; resilience; geotech
UNF-3284,T202357545 Seaford Roundabout Conversion — SR 24,Convert a high-crash SR 24 intersection in Seaford (MP 17.9) to a single-lane roundabout with pedestrian crossings.,Sussex,SR 24,safety,9520000,9216564,unfunded,final-design,80,auto; pedestrian,2025,0,4,false,true,false,false,roundabout; intersection; safety; pedestrian
UNF-3285,T202457582 Ellendale Slope Stabilization — SR 18 MP 38.3,"Embankment repair, drainage, and slope stabilization on SR 18 near Ellendale after repeated washouts.",Sussex,SR 18,resilience,4240000,3899525,unfunded,planning,13,auto,2026,1,9,false,false,true,true,slope; drainage; resilience; geotech
UNF-3286,T202557619 SR 141 Bridge Preservation — Bowers Northbound,"Deck overlay, joint replacement, and scour countermeasures on the SR 141 bridge near Bowers (MP 28.7).",Kent,SR 141,bridge,27340000,24001374,unfunded,preliminary-design,29,auto; freight,2025,1,6,false,true,false,true,bridge; preservation; state-of-good-repair
UNF-3287,T202657656 Clayton Sidewalk and Crossing Gap Closure — SR 42,"Fill sidewalk gaps and add high-visibility crossings along SR 42 MP 4.9 in Clayton, with ADA curb ramps.",Kent,SR 42,bike-ped,1640000,1591989,unfunded,row,54,pedestrian; bicycle,2027,5,23,true,true,true,false,pedestrian; ada; crossing; vru
UNF-3288,T202757693 Bowers Truck Route Geometric Improvements — SR 202,Widen turning radii and upgrade shoulders for freight movements on SR 202 MP 23.2 near Bowers.,Kent,SR 202,freight,11680000,10339048,unfunded,construction-ready,86,freight; auto,2025,1,11,false,true,true,true,freight; geometry; shoulders
UNF-3289,T202257730 SR 30 Guardrail and End Treatment Upgrade — Milton,Replace outdated guardrail and end treatments on SR 30 MP 10.0 near Milton to current MASH standards.,Sussex,SR 30,safety,3290000,2916395,unfunded,planning,15,auto,2025,0,11,false,true,true,false,guardrail; safety; roadside; systemic
UNF-3290,T202357767 SR 20 Intersection Safety Package — Glasgow FY27,"Systemic safety package at SR 20 MP 37.2 serving Glasgow: signal upgrades, left-turn protection, lighting, and pedestrian intervals.",New Castle,SR 20,safety,13260000,11945210,unfunded,preliminary-design,31,auto; pedestrian,2028,5,28,true,true,false,false,intersection; signal; safety; pedestrian; high-crash
UNF-3291,T202457804 Wilmington Road Diet and Downtown Safety — I-295,"Road diet, on-street parking reconfiguration, ADA ramps, and pedestrian lighting in Wilmington along I-295.",New Castle,I-295,complete-streets,3090000,2757398,partially-funded,row,58,auto; pedestrian; bicycle,2029,3,12,true,false,false,false,road-diet; ada; downtown; complete-streets; safety
UNF-3292,T202557841 I-495 Bridge Culvert Replacement — Bellefonte,Replace a deteriorated culvert on I-495 MP 32.6 near Bellefonte to restore hydraulic capacity and legal loads.,New Castle,I-495,bridge,7870000,6877286,unfunded,preliminary-design,29,auto; freight,2027,0,5,false,false,true,false,bridge; culvert; scour; state-of-good-repair
UNF-3293,T202657878 SR 2 Intersection Safety Package — Milford Northbound,"Systemic safety package at SR 2 MP 20.7 serving Milford: signal upgrades, left-turn protection, lighting, and pedestrian intervals.",Sussex,SR 2,safety,9080000,6877674,partially-funded,row,39,auto; pedestrian,2028,4,18,true,true,true,false,intersection; signal; safety; pedestrian; high-crash
UNF-3294,T202757915 Lewes Local Road Safety Plan,Data-driven local road safety plan for Lewes identifying a high-injury network and proven countermeasures.,Sussex,SR 71,planning,1120000,1084659,partially-funded,final-design,80,auto; pedestrian,2029,0,7,false,false,true,false,safety-plan; data-driven; planning
UNF-3295,T202257952 SR 141 Pavement Rehab — Bridgeville Group B,Mill and overlay of deteriorated SR 141 lanes through Bridgeville (MP 24.3) to restore ride quality. Limited safety or equity components.,Sussex,SR 141,pavement,11260000,9250652,unfunded,construction-ready,92,auto,2027,1,14,false,true,true,false,pavement; preservation; state-of-good-repair
UNF-3296,T202357989 SR 82 Bridge Culvert Replacement — Lewes,Replace a deteriorated culvert on SR 82 MP 9.0 near Lewes to restore hydraulic capacity and legal loads.,Sussex,SR 82,bridge,7160000,6950409,unfunded,preliminary-design,34,auto; freight,2029,0,7,false,true,true,true,bridge; culvert; scour; state-of-good-repair
UNF-3297,T202458026 SR 92 Intersection Safety Package — Ocean View Northbound,"Systemic safety package at SR 92 MP 3.8 serving Ocean View: signal upgrades, left-turn protection, lighting, and pedestrian intervals.",Sussex,SR 92,safety,10080000,8658941,unfunded,row,45,auto; pedestrian,2028,6,34,true,true,false,false,intersection; signal; safety; pedestrian; high-crash
UNF-3298,T202558063 SR 72 ITS Camera and Fiber — Lewes Phase 1,"CCTV, fiber interconnect, and TMC integration on SR 72 MP 12.6 serving Lewes and Sussex County operations.",Sussex,SR 72,signals,3340000,2778096,unfunded,construction-ready,94,auto,2027,0,11,false,false,true,true,its; operations; congestion; signal
UNF-3299,T202658100 Frankford Truck Route Geometric Improvements — SR 20,Widen turning radii and upgrade shoulders for freight movements on SR 20 MP 24.8 near Frankford.,Sussex,SR 20,freight,12790000,10306003,unfunded,preliminary-design,25,freight; auto,2026,1,6,false,false,true,false,freight; geometry; shoulders
UNF-3300,T202758137 St. Georges Sidewalk and Crossing Gap Closure — SR 16,"Fill sidewalk gaps and add high-visibility crossings along SR 16 MP 19.1 in St. Georges, with ADA curb ramps.",New Castle,SR 16,bike-ped,5630000,5349374,partially-funded,preliminary-design,25,pedestrian; bicycle,2029,2,13,true,true,false,false,pedestrian; ada; crossing; vru
UNF-3301,T202258174 SR 14 Guardrail and End Treatment Upgrade — Hartly,Replace outdated guardrail and end treatments on SR 14 MP 25.6 near Hartly to current MASH standards.,Kent,SR 14,safety,3040000,2858797,unfunded,planning,18,auto,2028,1,7,false,false,true,true,guardrail; safety; roadside; systemic
UNF-3302,T202358211 SR 1 Drainage and Flood Mitigation — Lincoln,Stormwater upgrades and roadway raising where SR 1 MP 38.8 floods near Lincoln.,Sussex,SR 1,resilience,17100000,14834971,unfunded,final-design,75,auto,2028,0,0,false,true,false,false,flood; drainage; resilience
UNF-3303,T202458248 Ocean View Local Road Safety Plan,Data-driven local road safety plan for Ocean View identifying a high-injury network and proven countermeasures.,Sussex,I-295,planning,1020000,841697,unfunded,construction-ready,87,auto; pedestrian,2025,0,7,false,true,true,false,safety-plan; data-driven; planning
UNF-3304,T202558285 SR 896 ITS Camera and Fiber — Elsmere Group B,"CCTV, fiber interconnect, and TMC integration on SR 896 MP 17.3 serving Elsmere and New Castle County operations.",New Castle,SR 896,signals,5430000,4419345,partially-funded,row,50,auto,2027,1,16,true,true,false,false,its; operations; congestion; signal
UNF-3305,T202658322 US 113 Lane Departure Countermeasures — New Castle,"Rumble strips, high-friction surface treatment, and curve warning upgrades on US 113 MP 11.6 near New Castle.",New Castle,US 113,safety,8550000,7457157,unfunded,row,38,auto,2027,4,20,true,false,false,false,lane-departure; rural; high-friction; systemic; safety
UNF-3306,T202758359 Middletown Shared-Use Path — SR 92 Group B,Construct a shared-use path parallel to SR 92 MP 35.3 connecting neighborhoods and schools in Middletown.,New Castle,SR 92,bike-ped,5240000,4692437,unfunded,preliminary-design,23,pedestrian; bicycle,2027,2,13,true,false,false,false,bicycle; pedestrian; trail; vru
UNF-3307,T202258396 US 202 Bridge Culvert Replacement — Arden,Replace a deteriorated culvert on US 202 MP 34.6 near Arden to restore hydraulic capacity and legal loads.,New Castle,US 202,bridge,2720000,2193733,unfunded,final-design,62,auto; freight,2027,0,1,false,true,false,false,bridge; culvert; scour; state-of-good-repair
UNF-3308,T202358433 Red Lion Shared-Use Path — SR 42 FY26,Construct a shared-use path parallel to SR 42 MP 13.4 connecting neighborhoods and schools in Red Lion.,New Castle,SR 42,bike-ped,5650000,4735011,unfunded,final-design,74,pedestrian; bicycle,2027,1,17,true,true,false,true,bicycle; pedestrian; trail; vru
UNF-3309,T202458470 SR 7 Lane Departure Countermeasures — Bowers,"Rumble strips, high-friction surface treatment, and curve warning upgrades on SR 7 MP 29.8 near Bowers.",Kent,SR 7,safety,2520000,2188927,unfunded,row,37,auto,2027,6,34,true,false,true,false,lane-departure; rural; high-friction; systemic; safety
UNF-3310,T202558507 SR 4 Pavement Rehab — Blades Northbound,Mill and overlay of deteriorated SR 4 lanes through Blades (MP 15.0) to restore ride quality. Limited safety or equity components.,Sussex,SR 4,pavement,10280000,10005768,unfunded,final-design,65,auto,2027,1,8,false,false,false,false,pavement; preservation; state-of-good-repair
UNF-3311,T202658544 Houston DART Stop and Access Improvements — SR 16,"Accessible pads, shelters, lighting, and sidewalk connections to DART stops on SR 16 in Houston.",Kent,SR 16,transit,1280000,1159956,unfunded,final-design,71,transit; pedestrian,2027,1,7,false,true,true,false,transit; equity; pedestrian; ada
UNF-3312,T202758581 DE 1 Pavement Rehab — Lewes FY27,Mill and overlay of deteriorated DE 1 lanes through Lewes (MP 11.2) to restore ride quality. Limited safety or equity components.,Sussex,DE 1,pavement,21500000,18136859,unfunded,construction-ready,94,auto,2028,1,11,false,false,true,false,pavement; preservation; state-of-good-repair
UNF-3313,T202258618 I-495 Pavement Rehab — Smyrna FY26,Mill and overlay of deteriorated I-495 lanes through Smyrna (MP 40.9) to restore ride quality. Limited safety or equity components.,Kent,I-495,pavement,9930000,7607086,partially-funded,row,51,auto,2027,1,14,false,false,true,false,pavement; preservation; state-of-good-repair
UNF-3314,T202358655 SR 58 Pavement Rehab — Townsend Phase 1,Mill and overlay of deteriorated SR 58 lanes through Townsend (MP 19.4) to restore ride quality. Limited safety or equity components.,New Castle,SR 58,pavement,21340000,17119313,unfunded,final-design,60,auto,2026,1,13,false,false,false,true,pavement; preservation; state-of-good-repair
UNF-3315,T202458692 Hockessin School Zone and Speed Management,"School-zone flashers, gateway treatments, and speed management on local streets feeding DE 1 in Hockessin.",New Castle,DE 1,safety,4050000,3750384,unfunded,final-design,65,auto; pedestrian,2025,3,25,true,false,true,true,safety; school; speed-management; lighting
UNF-3316,T202558729 US 301 Pavement Rehab — Seaford Phase 2,Mill and overlay of deteriorated US 301 lanes through Seaford (MP 42.3) to restore ride quality. Limited safety or equity components.,Sussex,US 301,pavement,6380000,5221600,unfunded,row,59,auto,2029,0,1,false,false,true,true,pavement; preservation; state-of-good-repair
UNF-3317,T202658766 Glasgow Sidewalk and Crossing Gap Closure — SR 54,"Fill sidewalk gaps and add high-visibility crossings along SR 54 MP 13.5 in Glasgow, with ADA curb ramps.",New Castle,SR 54,bike-ped,6300000,6112193,unfunded,planning,13,pedestrian; bicycle,2028,6,30,true,false,false,false,pedestrian; ada; crossing; vru
UNF-3318,T202758803 Clayton Complete Streets — SR 52 Town Center,"Lane reallocation, bicycle facilities, and pedestrian lighting on SR 52 through Clayton town center (FY26).",Kent,SR 52,complete-streets,11100000,9744459,unfunded,preliminary-design,34,auto; pedestrian; bicycle,2026,4,22,true,true,true,true,complete-streets; bike-ped; equity; safety
UNF-3319,T202258840 Lewes Adaptive Signal System — SR 299,"Adaptive signal control, detection, and communications along SR 299 MP 1.4 in Lewes.",Sussex,SR 299,signals,5030000,4630591,unfunded,final-design,75,auto; transit,2028,1,10,false,false,true,true,signal; operations; congestion; safety
UNF-3320,T202358877 SR 58 Lane Departure Countermeasures — Kenton,"Rumble strips, high-friction surface treatment, and curve warning upgrades on SR 58 MP 8.0 near Kenton.",Kent,SR 58,safety,6600000,5787785,unfunded,row,57,auto,2029,1,12,false,false,true,false,lane-departure; rural; high-friction; systemic; safety
UNF-3321,T202458914 SR 48 Lane Departure Countermeasures — Port Penn,"Rumble strips, high-friction surface treatment, and curve warning upgrades on SR 48 MP 27.8 near Port Penn.",New Castle,SR 48,safety,8120000,7736796,unfunded,row,59,auto,2025,3,19,true,false,false,false,lane-departure; rural; high-friction; systemic; safety
UNF-3322,T202558951 SR 141 Bridge Preservation — Claymont Phase 2,"Deck overlay, joint replacement, and scour countermeasures on the SR 141 bridge near Claymont (MP 8.0).",New Castle,SR 141,bridge,15640000,14116919,unfunded,final-design,72,auto; freight,2029,1,9,false,true,true,true,bridge; preservation; state-of-good-repair
UNF-3323,T202658988 Harrington School Zone and Speed Management,"School-zone flashers, gateway treatments, and speed management on local streets feeding SR 26 in Harrington.",Kent,SR 26,safety,5180000,4863522,unfunded,final-design,83,auto; pedestrian,2025,6,35,true,true,false,false,safety; school; speed-management; lighting
UNF-3324,T202759025 Millville Adaptive Signal System — SR 9,"Adaptive signal control, detection, and communications along SR 9 MP 34.6 in Millville.",Sussex,SR 9,signals,6640000,6533502,unfunded,preliminary-design,27,auto; transit,2025,1,6,false,false,true,false,signal; operations; congestion; safety
UNF-3325,T202259062 SR 26 Intersection Safety Package — Wyoming Northbound,"Systemic safety package at SR 26 MP 40.3 serving Wyoming: signal upgrades, left-turn protection, lighting, and pedestrian intervals.",Kent,SR 26,safety,7150000,6810998,unfunded,planning,9,auto; pedestrian,2025,3,20,true,false,true,true,intersection; signal; safety; pedestrian; high-crash
UNF-3326,T202359099 SR 18 Lane Departure Countermeasures — Houston,"Rumble strips, high-friction surface treatment, and curve warning upgrades on SR 18 MP 38.6 near Houston.",Kent,SR 18,safety,5290000,5054710,partially-funded,final-design,80,auto,2025,2,13,true,false,true,true,lane-departure; rural; high-friction; systemic; safety
UNF-3327,T202459136 SR 8 Guardrail and End Treatment Upgrade — Frederica,Replace outdated guardrail and end treatments on SR 8 MP 33.4 near Frederica to current MASH standards.,Kent,SR 8,safety,3580000,3124022,unfunded,construction-ready,94,auto,2026,5,33,true,false,true,false,guardrail; safety; roadside; systemic
UNF-3328,T202559173 SR 71 Lane Departure Countermeasures — Lincoln,"Rumble strips, high-friction surface treatment, and curve warning upgrades on SR 71 MP 13.5 near Lincoln.",Sussex,SR 71,safety,4570000,4107695,unfunded,construction-ready,97,auto,2025,0,1,false,true,true,false,lane-departure; rural; high-friction; systemic; safety
UNF-3329,T202659210 SR 10 Pavement Rehab — Bellefonte FY26,Mill and overlay of deteriorated SR 10 lanes through Bellefonte (MP 23.2) to restore ride quality. Limited safety or equity components.,New Castle,SR 10,pavement,7140000,5507636,unfunded,preliminary-design,24,auto,2028,1,13,false,true,false,false,pavement; preservation; state-of-good-repair
UNF-3330,T202759247 DART Bus Fleet Replacement — Bellefonte Division,"Replace diesel buses with low- and no-emission transit buses and related equipment at the DART Bellefonte division, including depot charging.",New Castle,SR 16,transit,15520000,14896308,unfunded,planning,13,transit,2026,1,11,false,false,false,false,transit; bus-fleet; low-no; zero-emission; garage
UNF-3331,T202259284 Glasgow School Zone and Speed Management,"School-zone flashers, gateway treatments, and speed management on local streets feeding SR 92 in Glasgow.",New Castle,SR 92,safety,1770000,1707762,unfunded,construction-ready,88,auto; pedestrian,2025,0,5,false,false,false,false,safety; school; speed-management; lighting
UNF-3332,T202359321 SR 54 Pavement Rehab — Greenwood Phase 1,Mill and overlay of deteriorated SR 54 lanes through Greenwood (MP 25.9) to restore ride quality. Limited safety or equity components.,Sussex,SR 54,pavement,14630000,12937660,partially-funded,planning,10,auto,2028,0,4,false,false,false,true,pavement; preservation; state-of-good-repair
UNF-3333,T202459358 SR 10 Pavement Rehab — Hartly Phase 1,Mill and overlay of deteriorated SR 10 lanes through Hartly (MP 34.7) to restore ride quality. Limited safety or equity components.,Kent,SR 10,pavement,6920000,6447277,unfunded,construction-ready,97,auto,2027,0,8,false,false,false,false,pavement; preservation; state-of-good-repair
UNF-3334,T202559395 SR 18 Bridge Preservation — Georgetown Phase 2,"Deck overlay, joint replacement, and scour countermeasures on the SR 18 bridge near Georgetown (MP 23.8).",Sussex,SR 18,bridge,18680000,18576260,unfunded,row,40,auto; freight,2029,1,6,false,false,true,false,bridge; preservation; state-of-good-repair
UNF-3335,T202659432 SR 10 ITS Camera and Fiber — Hartly Phase 1,"CCTV, fiber interconnect, and TMC integration on SR 10 MP 33.3 serving Hartly and Kent County operations.",Kent,SR 10,signals,5650000,4934742,unfunded,row,46,auto,2029,1,6,false,false,true,false,its; operations; congestion; signal
UNF-3336,T202759469 Magnolia Adaptive Signal System — SR 2,"Adaptive signal control, detection, and communications along SR 2 MP 9.0 in Magnolia.",Kent,SR 2,signals,5720000,4331158,partially-funded,preliminary-design,23,auto; transit,2026,1,11,false,true,true,true,signal; operations; congestion; safety
UNF-3337,T202259506 SR 404 Pavement Rehab — Camden Phase 2,Mill and overlay of deteriorated SR 404 lanes through Camden (MP 23.5) to restore ride quality. Limited safety or equity components.,Kent,SR 404,pavement,20340000,19203518,unfunded,final-design,77,auto,2026,1,12,false,true,false,false,pavement; preservation; state-of-good-repair
UNF-3338,T202359543 I-295 Intersection Safety Package — Christiana Phase 1,"Systemic safety package at I-295 MP 13.2 serving Christiana: signal upgrades, left-turn protection, lighting, and pedestrian intervals.",New Castle,I-295,safety,2510000,2402719,unfunded,row,59,auto; pedestrian,2028,2,8,true,true,false,false,intersection; signal; safety; pedestrian; high-crash
UNF-3339,T202459580 SR 20 Bridge Preservation — Delmar Phase 2,"Deck overlay, joint replacement, and scour countermeasures on the SR 20 bridge near Delmar (MP 36.9).",Sussex,SR 20,bridge,16310000,16009301,unfunded,planning,8,auto; freight,2028,1,5,false,false,false,true,bridge; preservation; state-of-good-repair
UNF-3340,T202559617 SR 14 Bridge Preservation — Millville FY26,"Deck overlay, joint replacement, and scour countermeasures on the SR 14 bridge near Millville (MP 43.7).",Sussex,SR 14,bridge,11940000,10361935,unfunded,row,46,auto; freight,2026,0,12,false,false,true,false,bridge; preservation; state-of-good-repair
UNF-3341,T202659654 SR 82 Bridge Culvert Replacement — Hartly,Replace a deteriorated culvert on SR 82 MP 13.0 near Hartly to restore hydraulic capacity and legal loads.,Kent,SR 82,bridge,2800000,2760991,unfunded,final-design,79,auto; freight,2028,0,0,false,true,true,false,bridge; culvert; scour; state-of-good-repair
UNF-3342,T202759691 SR 202 Drainage and Flood Mitigation — Harrington,Stormwater upgrades and roadway raising where SR 202 MP 35.9 floods near Harrington.,Kent,SR 202,resilience,23280000,19623462,unfunded,row,55,auto,2027,0,11,false,false,false,false,flood; drainage; resilience
UNF-3343,T202259728 Millsboro Sidewalk and Crossing Gap Closure — I-495,"Fill sidewalk gaps and add high-visibility crossings along I-495 MP 36.9 in Millsboro, with ADA curb ramps.",Sussex,I-495,bike-ped,5310000,4800951,unfunded,planning,9,pedestrian; bicycle,2025,0,12,false,false,true,false,pedestrian; ada; crossing; vru
UNF-3344,T202359765 I-495 Pavement Rehab — Harrington Group A,Mill and overlay of deteriorated I-495 lanes through Harrington (MP 34.8) to restore ride quality. Limited safety or equity components.,Kent,I-495,pavement,9640000,8314015,unfunded,row,37,auto,2027,1,4,false,false,true,true,pavement; preservation; state-of-good-repair
UNF-3345,T202459802 Frederica Local Road Safety Plan,Data-driven local road safety plan for Frederica identifying a high-injury network and proven countermeasures.,Kent,SR 54,planning,550000,416483,unfunded,construction-ready,86,auto; pedestrian,2027,0,2,false,false,true,false,safety-plan; data-driven; planning
UNF-3346,T202559839 Leipsic Sidewalk and Crossing Gap Closure — I-295,"Fill sidewalk gaps and add high-visibility crossings along I-295 MP 19.2 in Leipsic, with ADA curb ramps.",Kent,I-295,bike-ped,4940000,4200826,unfunded,final-design,79,pedestrian; bicycle,2027,3,13,true,false,false,true,pedestrian; ada; crossing; vru
UNF-3347,T202659876 SR 30 Bridge Preservation — Blades Group B,"Deck overlay, joint replacement, and scour countermeasures on the SR 30 bridge near Blades (MP 15.6).",Sussex,SR 30,bridge,16780000,12959205,unfunded,row,50,auto; freight,2027,0,6,false,false,true,true,bridge; preservation; state-of-good-repair
UNF-3348,T202759913 SR 58 Freight Bottleneck Relief — Milford,"Intersection capacity, turning-radius, and signal timing improvements for industrial freight on SR 58 MP 38.7 in Milford.",Sussex,SR 58,freight,13850000,11601905,unfunded,row,57,freight; auto,2029,1,17,true,false,true,false,freight; bottleneck; signal; reliability
UNF-3349,T202259950 Milford Complete Streets — DE 1 Town Center,"Lane reallocation, bicycle facilities, and pedestrian lighting on DE 1 through Milford town center (Group A).",Sussex,DE 1,complete-streets,15750000,14357389,unfunded,row,50,auto; pedestrian; bicycle,2029,5,25,true,false,true,false,complete-streets; bike-ped; equity; safety
UNF-3350,T202359987 SR 141 Intersection Safety Package — Frederica FY27,"Systemic safety package at SR 141 MP 6.0 serving Frederica: signal upgrades, left-turn protection, lighting, and pedestrian intervals.",Kent,SR 141,safety,14160000,13112307,partially-funded,preliminary-design,26,auto; pedestrian,2028,3,25,true,false,true,false,intersection; signal; safety; pedestrian; high-crash
UNF-3351,T202460024 US 113 Drainage and Flood Mitigation — Little Creek,Stormwater upgrades and roadway raising where US 113 MP 23.3 floods near Little Creek.,Kent,US 113,resilience,15600000,12208738,unfunded,planning,12,auto,2029,1,4,false,true,false,true,flood; drainage; resilience
UNF-3352,T202560061 SR 7 Pavement Rehab — Laurel FY26,Mill and overlay of deteriorated SR 7 lanes through Laurel (MP 41.4) to restore ride quality. Limited safety or equity components.,Sussex,SR 7,pavement,13850000,11193331,partially-funded,row,53,auto,2027,1,7,false,false,false,false,pavement; preservation; state-of-good-repair
UNF-3353,T202660098 Henlopen Acres DART Stop and Access Improvements — SR 52,"Accessible pads, shelters, lighting, and sidewalk connections to DART stops on SR 52 in Henlopen Acres.",Sussex,SR 52,transit,5260000,5055060,unfunded,final-design,81,transit; pedestrian,2025,0,8,false,false,true,false,transit; equity; pedestrian; ada
UNF-3354,T202760135 SR 7 Lane Departure Countermeasures — Dover,"Rumble strips, high-friction surface treatment, and curve warning upgrades on SR 7 MP 34.7 near Dover.",Kent,SR 7,safety,5780000,4787722,unfunded,row,43,auto,2027,1,11,false,false,false,false,lane-departure; rural; high-friction; systemic; safety
UNF-3355,T202260172 SR 58 Intersection Safety Package — Blades Northbound,"Systemic safety package at SR 58 MP 19.6 serving Blades: signal upgrades, left-turn protection, lighting, and pedestrian intervals.",Sussex,SR 58,safety,3240000,3014649,partially-funded,planning,10,auto; pedestrian,2026,6,28,true,true,true,false,intersection; signal; safety; pedestrian; high-crash
UNF-3356,T202360209 SR 404 Concrete Pavement Restoration — Camden,"Slab repair, diamond grinding, and joint resealing on SR 404 MP 24.8 in Kent County near Camden.",Kent,SR 404,pavement,5620000,4828961,unfunded,preliminary-design,21,auto,2028,0,8,false,false,true,false,pavement; concrete; preservation
UNF-3357,T202460246 SR 92 Pavement Rehab — Smyrna Group A,Mill and overlay of deteriorated SR 92 lanes through Smyrna (MP 30.2) to restore ride quality. Limited safety or equity components.,Kent,SR 92,pavement,21140000,16126657,unfunded,preliminary-design,26,auto,2027,1,7,false,false,true,true,pavement; preservation; state-of-good-repair
UNF-3358,T202560283 Bowers Community Charging Hub — SR 9,Public DC fast charging adjacent to SR 9 serving Bowers residents without home charging.,Kent,SR 9,ev-charging,1190000,1087620,unfunded,row,39,auto,2027,1,9,false,true,true,false,ev; equity; community; charging
UNF-3359,T202660320 SR 58 Lane Departure Countermeasures — Ocean View,"Rumble strips, high-friction surface treatment, and curve warning upgrades on SR 58 MP 30.3 near Ocean View.",Sussex,SR 58,safety,7280000,6067059,unfunded,construction-ready,87,auto,2029,2,17,true,false,true,false,lane-departure; rural; high-friction; systemic; safety
UNF-3360,T202760357 Houston DART Stop and Access Improvements — SR 71,"Accessible pads, shelters, lighting, and sidewalk connections to DART stops on SR 71 in Houston.",Kent,SR 71,transit,6270000,6062737,unfunded,row,48,transit; pedestrian,2026,1,16,true,false,true,true,transit; equity; pedestrian; ada
UNF-3361,T202260394 Greenwood School Zone and Speed Management,"School-zone flashers, gateway treatments, and speed management on local streets feeding SR 48 in Greenwood.",Sussex,SR 48,safety,4110000,3466422,unfunded,preliminary-design,31,auto; pedestrian,2027,6,24,true,false,true,false,safety; school; speed-management; lighting
UNF-3362,T202360431 Rising Sun Local Road Safety Plan,Data-driven local road safety plan for Rising Sun identifying a high-injury network and proven countermeasures.,Kent,SR 9,planning,1060000,991611,unfunded,row,45,auto; pedestrian,2026,1,14,false,false,false,false,safety-plan; data-driven; planning
UNF-3363,T202460468 SR 141 Bridge Culvert Replacement — Christiana,Replace a deteriorated culvert on SR 141 MP 28.5 near Christiana to restore hydraulic capacity and legal loads.,New Castle,SR 141,bridge,4910000,4810063,unfunded,final-design,78,auto; freight,2029,1,5,false,false,false,false,bridge; culvert; scour; state-of-good-repair
UNF-3364,T202560505 Fenwick Island Roundabout Conversion — SR 404,Convert a high-crash SR 404 intersection in Fenwick Island (MP 5.6) to a single-lane roundabout with pedestrian crossings.,Sussex,SR 404,safety,13740000,10423907,unfunded,final-design,73,auto; pedestrian,2026,2,11,true,true,true,true,roundabout; intersection; safety; pedestrian
UNF-3365,T202660542 SR 58 Bridge Culvert Replacement — Camden-Wyoming,Replace a deteriorated culvert on SR 58 MP 43.6 near Camden-Wyoming to restore hydraulic capacity and legal loads.,Kent,SR 58,bridge,9910000,9077550,unfunded,row,42,auto; freight,2029,1,7,false,false,true,false,bridge; culvert; scour; state-of-good-repair
UNF-3366,T202760579 SR 20 Pavement Rehab — St. Georges Northbound,Mill and overlay of deteriorated SR 20 lanes through St. Georges (MP 35.8) to restore ride quality. Limited safety or equity components.,New Castle,SR 20,pavement,13710000,12579798,unfunded,construction-ready,93,auto,2027,1,8,false,false,false,false,pavement; preservation; state-of-good-repair
UNF-3367,T202260616 Camden Slope Stabilization — US 113 MP 27.6,"Embankment repair, drainage, and slope stabilization on US 113 near Camden after repeated washouts.",Kent,US 113,resilience,5810000,4713786,unfunded,planning,15,auto,2026,0,10,false,true,false,false,slope; drainage; resilience; geotech
UNF-3368,T202360653 SR 141 Pavement Rehab — Milford Southbound,Mill and overlay of deteriorated SR 141 lanes through Milford (MP 8.6) to restore ride quality. Limited safety or equity components.,Sussex,SR 141,pavement,13590000,13472086,partially-funded,preliminary-design,28,auto,2029,0,12,false,false,true,false,pavement; preservation; state-of-good-repair
UNF-3369,T202460690 US 301 Pavement Rehab — Claymont Group A,Mill and overlay of deteriorated US 301 lanes through Claymont (MP 20.5) to restore ride quality. Limited safety or equity components.,New Castle,US 301,pavement,8340000,6384164,unfunded,row,37,auto,2025,0,4,false,false,false,false,pavement; preservation; state-of-good-repair
UNF-3370,T202560727 Georgetown Sidewalk and Crossing Gap Closure — I-495,"Fill sidewalk gaps and add high-visibility crossings along I-495 MP 35.5 in Georgetown, with ADA curb ramps.",Sussex,I-495,bike-ped,6250000,5242710,unfunded,construction-ready,95,pedestrian; bicycle,2025,2,11,true,true,true,false,pedestrian; ada; crossing; vru
UNF-3371,T202660764 Felton Community Charging Hub — SR 20,Public DC fast charging adjacent to SR 20 serving Felton residents without home charging.,Kent,SR 20,ev-charging,2770000,2721961,unfunded,construction-ready,89,auto,2027,1,8,false,false,true,true,ev; equity; community; charging
UNF-3372,T202760801 SR 273 Concrete Pavement Restoration — Claymont,"Slab repair, diamond grinding, and joint resealing on SR 273 MP 25.3 in New Castle County near Claymont.",New Castle,SR 273,pavement,9430000,7841307,unfunded,row,51,auto,2027,0,3,false,false,false,false,pavement; concrete; preservation
UNF-3373,T202260838 SR 82 Bridge Preservation — Delmar Phase 1,"Deck overlay, joint replacement, and scour countermeasures on the SR 82 bridge near Delmar (MP 28.6).",Sussex,SR 82,bridge,10130000,9161594,unfunded,row,44,auto; freight,2025,0,11,false,false,true,false,bridge; preservation; state-of-good-repair
UNF-3374,T202360875 Henlopen Acres Shared-Use Path — US 40 FY27,Construct a shared-use path parallel to US 40 MP 42.8 connecting neighborhoods and schools in Henlopen Acres.,Sussex,US 40,bike-ped,9880000,8118405,partially-funded,planning,16,pedestrian; bicycle,2027,5,23,true,false,true,false,bicycle; pedestrian; trail; vru
UNF-3375,T202460912 Ocean View DART Stop and Access Improvements — SR 299,"Accessible pads, shelters, lighting, and sidewalk connections to DART stops on SR 299 in Ocean View.",Sussex,SR 299,transit,5380000,4181047,unfunded,final-design,63,transit; pedestrian,2027,1,11,false,false,true,true,transit; equity; pedestrian; ada
UNF-3376,T202560949 SR 52 Lane Departure Countermeasures — Dagsboro,"Rumble strips, high-friction surface treatment, and curve warning upgrades on SR 52 MP 14.1 near Dagsboro.",Sussex,SR 52,safety,6340000,4793151,unfunded,final-design,67,auto,2029,1,14,false,true,true,false,lane-departure; rural; high-friction; systemic; safety
UNF-3377,T202660986 Frankford School Zone and Speed Management,"School-zone flashers, gateway treatments, and speed management on local streets feeding SR 7 in Frankford.",Sussex,SR 7,safety,4050000,3295750,unfunded,final-design,73,auto; pedestrian,2027,2,20,true,false,false,false,safety; school; speed-management; lighting
UNF-3378,T202761023 Fenwick Island Truck Route Geometric Improvements — SR 92,Widen turning radii and upgrade shoulders for freight movements on SR 92 MP 24.5 near Fenwick Island.,Sussex,SR 92,freight,10170000,7860534,unfunded,final-design,76,freight; auto,2028,0,13,false,false,false,true,freight; geometry; shoulders
UNF-3379,T202261060 Pike Creek Local Road Safety Plan,Data-driven local road safety plan for Pike Creek identifying a high-injury network and proven countermeasures.,New Castle,SR 18,planning,910000,692264,partially-funded,construction-ready,92,auto; pedestrian,2027,1,17,true,true,false,false,safety-plan; data-driven; planning
UNF-3380,T202361097 Claymont Roundabout Conversion — SR 10,Convert a high-crash SR 10 intersection in Claymont (MP 39.0) to a single-lane roundabout with pedestrian crossings.,New Castle,SR 10,safety,3760000,3003740,partially-funded,row,44,auto; pedestrian,2025,5,28,true,false,false,false,roundabout; intersection; safety; pedestrian
UNF-3381,T202461134 SR 9 Pavement Rehab — Smyrna Northbound,Mill and overlay of deteriorated SR 9 lanes through Smyrna (MP 38.7) to restore ride quality. Limited safety or equity components.,Kent,SR 9,pavement,20960000,16485204,partially-funded,construction-ready,94,auto,2028,1,13,false,false,false,true,pavement; preservation; state-of-good-repair
UNF-3382,T202561171 SR 300 Intersection Safety Package — Claymont FY26,"Systemic safety package at SR 300 MP 1.4 serving Claymont: signal upgrades, left-turn protection, lighting, and pedestrian intervals.",New Castle,SR 300,safety,4050000,3796103,partially-funded,preliminary-design,26,auto; pedestrian,2027,6,37,true,true,true,false,intersection; signal; safety; pedestrian; high-crash
UNF-3383,T202661208 Clayton DART Stop and Access Improvements — SR 52,"Accessible pads, shelters, lighting, and sidewalk connections to DART stops on SR 52 in Clayton.",Kent,SR 52,transit,4710000,3682602,partially-funded,preliminary-design,26,transit; pedestrian,2025,0,1,false,true,true,false,transit; equity; pedestrian; ada
UNF-3384,T202761245 SR 273 Lane Departure Countermeasures — Viola,"Rumble strips, high-friction surface treatment, and curve warning upgrades on SR 273 MP 25.2 near Viola.",Kent,SR 273,safety,3030000,2462117,unfunded,row,56,auto,2028,0,2,false,false,true,true,lane-departure; rural; high-friction; systemic; safety
UNF-3385,T202261282 Christiana Slope Stabilization — SR 300 MP 40.6,"Embankment repair, drainage, and slope stabilization on SR 300 near Christiana after repeated washouts.",New Castle,SR 300,resilience,9820000,7566720,unfunded,row,50,auto,2026,0,5,false,true,false,false,slope; drainage; resilience; geotech
UNF-3386,T202361319 SR 141 ITS Camera and Fiber — Viola Northbound,"CCTV, fiber interconnect, and TMC integration on SR 141 MP 44.6 serving Viola and Kent County operations.",Kent,SR 141,signals,1970000,1581068,unfunded,final-design,69,auto,2026,1,13,false,true,true,true,its; operations; congestion; signal
UNF-3387,T202461356 Smyrna Roundabout Conversion — SR 16,Convert a high-crash SR 16 intersection in Smyrna (MP 40.7) to a single-lane roundabout with pedestrian crossings.,Kent,SR 16,safety,7150000,5708819,unfunded,preliminary-design,25,auto; pedestrian,2027,4,16,true,true,true,true,roundabout; intersection; safety; pedestrian
UNF-3388,T202561393 Bellefonte Local Road Safety Plan,Data-driven local road safety plan for Bellefonte identifying a high-injury network and proven countermeasures.,New Castle,SR 20,planning,690000,687728,unfunded,construction-ready,89,auto; pedestrian,2029,1,9,false,true,false,true,safety-plan; data-driven; planning
UNF-3389,T202661430 SR 92 Bridge Preservation — Wyoming Southbound,"Deck overlay, joint replacement, and scour countermeasures on the SR 92 bridge near Wyoming (MP 6.0).",Kent,SR 92,bridge,16590000,15600654,partially-funded,construction-ready,98,auto; freight,2029,1,8,false,true,true,false,bridge; preservation; state-of-good-repair
UNF-3390,T202761467 SR 8 Drainage and Flood Mitigation — Bear,Stormwater upgrades and roadway raising where SR 8 MP 9.4 floods near Bear.,New Castle,SR 8,resilience,13870000,11154083,unfunded,row,47,auto,2026,0,13,false,true,false,false,flood; drainage; resilience
UNF-3391,T202261504 SR 273 Intersection Safety Package — Middletown FY27,"Systemic safety package at SR 273 MP 19.4 serving Middletown: signal upgrades, left-turn protection, lighting, and pedestrian intervals.",New Castle,SR 273,safety,14420000,10999172,partially-funded,row,39,auto; pedestrian,2029,5,28,true,false,false,false,intersection; signal; safety; pedestrian; high-crash
UNF-3392,T202361541 Wilmington Slope Stabilization — I-495 MP 32.4,"Embankment repair, drainage, and slope stabilization on I-495 near Wilmington after repeated washouts.",New Castle,I-495,resilience,9530000,9238627,unfunded,final-design,74,auto,2029,0,1,false,true,true,false,slope; drainage; resilience; geotech
UNF-3393,T202461578 SR 92 Bridge Culvert Replacement — New Castle,Replace a deteriorated culvert on SR 92 MP 33.9 near New Castle to restore hydraulic capacity and legal loads.,New Castle,SR 92,bridge,7160000,6997989,partially-funded,final-design,69,auto; freight,2029,0,0,false,true,false,true,bridge; culvert; scour; state-of-good-repair
UNF-3394,T202561615 SR 16 Bridge Preservation — Felton Phase 1,"Deck overlay, joint replacement, and scour countermeasures on the SR 16 bridge near Felton (MP 16.5).",Kent,SR 16,bridge,32720000,27765420,unfunded,row,36,auto; freight,2025,1,11,false,false,true,true,bridge; preservation; state-of-good-repair
UNF-3395,T202661652 New Castle County Freight and Multimodal Plan Update,"Update the New Castle County freight and multimodal plan, including bottleneck screening on SR 26 and equity analysis.",New Castle,SR 26,planning,590000,488187,unfunded,row,41,auto; freight; transit,2029,0,6,false,true,false,true,planning; freight; multimodal; data-driven
UNF-3396,T202761689 I-495 Concrete Pavement Restoration — Middletown,"Slab repair, diamond grinding, and joint resealing on I-495 MP 18.9 in New Castle County near Middletown.",New Castle,I-495,pavement,5050000,4989143,unfunded,planning,18,auto,2028,1,13,false,true,false,true,pavement; concrete; preservation
UNF-3397,T202261726 Little Creek School Zone and Speed Management,"School-zone flashers, gateway treatments, and speed management on local streets feeding I-95 in Little Creek.",Kent,I-95,safety,4550000,3582533,unfunded,planning,13,auto; pedestrian,2025,2,16,true,false,true,false,safety; school; speed-management; lighting
UNF-3398,T202361763 SR 273 Bridge Preservation — Cheswold Group B,"Deck overlay, joint replacement, and scour countermeasures on the SR 273 bridge near Cheswold (MP 3.1).",Kent,SR 273,bridge,23470000,18966500,unfunded,row,36,auto; freight,2028,1,15,true,true,false,true,bridge; preservation; state-of-good-repair
UNF-3399,T202461800 Ellendale Shared-Use Path — SR 404 FY26,Construct a shared-use path parallel to SR 404 MP 37.1 connecting neighborhoods and schools in Ellendale.,Sussex,SR 404,bike-ped,10300000,8321796,unfunded,final-design,81,pedestrian; bicycle,2026,3,19,true,true,true,false,bicycle; pedestrian; trail; vru
UNF-3400,T202561837 SR 72 Intersection Safety Package — Bowers Phase 2,"Systemic safety package at SR 72 MP 26.2 serving Bowers: signal upgrades, left-turn protection, lighting, and pedestrian intervals.",Kent,SR 72,safety,15150000,13704577,unfunded,planning,10,auto; pedestrian,2027,1,8,false,false,true,true,intersection; signal; safety; pedestrian; high-crash
UNF-3401,T202661874 SR 299 Intersection Safety Package — Port Penn Group B,"Systemic safety package at SR 299 MP 11.2 serving Port Penn: signal upgrades, left-turn protection, lighting, and pedestrian intervals.",New Castle,SR 299,safety,9170000,6961375,partially-funded,construction-ready,97,auto; pedestrian,2027,4,17,true,false,false,false,intersection; signal; safety; pedestrian; high-crash
UNF-3402,T202761911 Middletown Truck Route Geometric Improvements — US 301,Widen turning radii and upgrade shoulders for freight movements on US 301 MP 1.8 near Middletown.,New Castle,US 301,freight,4820000,3850955,unfunded,construction-ready,90,freight; auto,2029,0,4,false,true,false,false,freight; geometry; shoulders
UNF-3403,T202261948 SR 7 Drainage and Flood Mitigation — Hartly,Stormwater upgrades and roadway raising where SR 7 MP 29.4 floods near Hartly.,Kent,SR 7,resilience,22850000,21964978,unfunded,preliminary-design,32,auto,2027,0,10,false,true,true,false,flood; drainage; resilience
UNF-3404,T202361985 DART Bus Maintenance Facility Rehab — Viola,"Rehabilitate the DART bus maintenance garage in Viola, including lifts, bus wash, and charging/fueling for the transit fleet.",Kent,SR 18,transit,25830000,25799871,unfunded,planning,19,transit,2029,1,9,false,false,false,false,transit; bus-fleet; garage; facility; low-no
UNF-3405,T202462022 Camden-Wyoming Road Diet and Downtown Safety — US 301,"Road diet, on-street parking reconfiguration, ADA ramps, and pedestrian lighting in Camden-Wyoming along US 301.",Kent,US 301,complete-streets,11190000,8742821,partially-funded,preliminary-design,23,auto; pedestrian; bicycle,2029,2,12,true,false,true,false,road-diet; ada; downtown; complete-streets; safety
UNF-3406,T202562059 SR 58 Intersection Safety Package — Gumboro Southbound,"Systemic safety package at SR 58 MP 21.7 serving Gumboro: signal upgrades, left-turn protection, lighting, and pedestrian intervals.",Sussex,SR 58,safety,12260000,11729921,unfunded,construction-ready,94,auto; pedestrian,2027,6,30,true,false,true,false,intersection; signal; safety; pedestrian; high-crash
UNF-3407,T202662096 Houston Truck Route Geometric Improvements — SR 72,Widen turning radii and upgrade shoulders for freight movements on SR 72 MP 37.9 near Houston.,Kent,SR 72,freight,18930000,15506738,unfunded,final-design,72,freight; auto,2026,1,15,true,false,false,true,freight; geometry; shoulders
UNF-3408,T202762133 SR 404 Drainage and Flood Mitigation — Port Penn,Stormwater upgrades and roadway raising where SR 404 MP 31.0 floods near Port Penn.,New Castle,SR 404,resilience,6160000,5519516,unfunded,construction-ready,86,auto,2027,0,10,false,false,false,false,flood; drainage; resilience
UNF-3409,T202262170 SR 42 Freight Bottleneck Relief — Felton,"Intersection capacity, turning-radius, and signal timing improvements for industrial freight on SR 42 MP 4.9 in Felton.",Kent,SR 42,freight,23170000,19024739,unfunded,planning,14,freight; auto,2028,0,13,false,true,true,true,freight; bottleneck; signal; reliability
UNF-3410,T202362207 US 13 Drainage and Flood Mitigation — Hockessin,Stormwater upgrades and roadway raising where US 13 MP 43.6 floods near Hockessin.,New Castle,US 13,resilience,11820000,10832123,unfunded,planning,9,auto,2029,1,10,false,true,false,false,flood; drainage; resilience
UNF-3411,T202462244 Frankford Complete Streets — US 40 Town Center,"Lane reallocation, bicycle facilities, and pedestrian lighting on US 40 through Frankford town center (Group B).",Sussex,US 40,complete-streets,6900000,6750607,unfunded,construction-ready,97,auto; pedestrian; bicycle,2029,6,26,true,true,true,false,complete-streets; bike-ped; equity; safety
UNF-3412,T202562281 Frankford School Zone and Speed Management,"School-zone flashers, gateway treatments, and speed management on local streets feeding SR 24 in Frankford.",Sussex,SR 24,safety,4580000,4164834,partially-funded,planning,11,auto; pedestrian,2029,4,25,true,true,true,false,safety; school; speed-management; lighting
UNF-3413,T202662318 SR 54 Bridge Preservation — Clayton FY27,"Deck overlay, joint replacement, and scour countermeasures on the SR 54 bridge near Clayton (MP 41.5).",Kent,SR 54,bridge,33840000,29213339,unfunded,final-design,69,auto; freight,2028,0,7,false,true,true,true,bridge; preservation; state-of-good-repair
UNF-3414,T202762355 US 202 ITS Camera and Fiber — Seaford Group A,"CCTV, fiber interconnect, and TMC integration on US 202 MP 31.6 serving Seaford and Sussex County operations.",Sussex,US 202,signals,1530000,1487231,unfunded,preliminary-design,22,auto,2025,1,14,false,false,true,true,its; operations; congestion; signal
UNF-3415,T202262392 Blades Sidewalk and Crossing Gap Closure — SR 24,"Fill sidewalk gaps and add high-visibility crossings along SR 24 MP 37.4 in Blades, with ADA curb ramps.",Sussex,SR 24,bike-ped,2830000,2283773,unfunded,row,59,pedestrian; bicycle,2025,1,10,false,false,true,false,pedestrian; ada; crossing; vru
UNF-3416,T202362429 US 301 Intersection Safety Package — Rising Sun Phase 1,"Systemic safety package at US 301 MP 9.5 serving Rising Sun: signal upgrades, left-turn protection, lighting, and pedestrian intervals.",Kent,US 301,safety,6570000,5808537,unfunded,final-design,70,auto; pedestrian,2025,4,19,true,true,false,false,intersection; signal; safety; pedestrian; high-crash
UNF-3417,T202462466 SR 2 ITS Camera and Fiber — Bellefonte Group A,"CCTV, fiber interconnect, and TMC integration on SR 2 MP 12.8 serving Bellefonte and New Castle County operations.",New Castle,SR 2,signals,2280000,1818259,unfunded,row,55,auto,2025,1,8,false,false,true,false,its; operations; congestion; signal
UNF-3418,T202562503 SR 58 Drainage and Flood Mitigation — Christiana,Stormwater upgrades and roadway raising where SR 58 MP 35.3 floods near Christiana.,New Castle,SR 58,resilience,20640000,19031555,unfunded,final-design,84,auto,2025,1,8,false,false,true,true,flood; drainage; resilience
UNF-3419,T202662540 SR 71 Bridge Preservation — Bridgeville Southbound,"Deck overlay, joint replacement, and scour countermeasures on the SR 71 bridge near Bridgeville (MP 23.6).",Sussex,SR 71,bridge,13960000,13441938,unfunded,row,47,auto; freight,2025,1,10,false,true,true,true,bridge; preservation; state-of-good-repair
UNF-3420,T202762577 SR 24 Pavement Rehab — Bear Phase 1,Mill and overlay of deteriorated SR 24 lanes through Bear (MP 9.8) to restore ride quality. Limited safety or equity components.,New Castle,SR 24,pavement,14430000,11800683,unfunded,planning,12,auto,2028,0,5,false,false,false,true,pavement; preservation; state-of-good-repair
UNF-3421,T202262614 SR 404 Bridge Preservation — Hartly Northbound,"Deck overlay, joint replacement, and scour countermeasures on the SR 404 bridge near Hartly (MP 1.5).",Kent,SR 404,bridge,34680000,27229959,unfunded,construction-ready,95,auto; freight,2029,0,11,false,false,true,true,bridge; preservation; state-of-good-repair
UNF-3422,T202362651 Edgemoor Roundabout Conversion — SR 24,Convert a high-crash SR 24 intersection in Edgemoor (MP 33.8) to a single-lane roundabout with pedestrian crossings.,New Castle,SR 24,safety,13510000,10578512,unfunded,row,35,auto; pedestrian,2026,4,21,true,true,false,false,roundabout; intersection; safety; pedestrian
UNF-3423,T202462688 SR 4 Intersection Safety Package — Glasgow FY26,"Systemic safety package at SR 4 MP 40.2 serving Glasgow: signal upgrades, left-turn protection, lighting, and pedestrian intervals.",New Castle,SR 4,safety,2940000,2825938,unfunded,construction-ready,97,auto; pedestrian,2027,3,25,true,false,false,true,intersection; signal; safety; pedestrian; high-crash
UNF-3424,T202562725 SR 82 Intersection Safety Package — Elsmere FY26,"Systemic safety package at SR 82 MP 1.5 serving Elsmere: signal upgrades, left-turn protection, lighting, and pedestrian intervals.",New Castle,SR 82,safety,14680000,13735233,unfunded,row,45,auto; pedestrian,2026,3,17,true,false,false,true,intersection; signal; safety; pedestrian; high-crash
UNF-3425,T202662762 SR 7 ITS Camera and Fiber — Rehoboth Beach FY27,"CCTV, fiber interconnect, and TMC integration on SR 7 MP 28.0 serving Rehoboth Beach and Sussex County operations.",Sussex,SR 7,signals,2050000,1966247,unfunded,row,48,auto,2026,1,14,false,false,true,true,its; operations; congestion; signal
UNF-3426,T202762799 Gumboro Road Diet and Downtown Safety — SR 58,"Road diet, on-street parking reconfiguration, ADA ramps, and pedestrian lighting in Gumboro along SR 58.",Sussex,SR 58,complete-streets,13630000,13360127,unfunded,final-design,72,auto; pedestrian; bicycle,2025,1,4,false,true,true,true,road-diet; ada; downtown; complete-streets; safety
UNF-3427,T202262836 Milford Sidewalk and Crossing Gap Closure — SR 7,"Fill sidewalk gaps and add high-visibility crossings along SR 7 MP 26.2 in Milford, with ADA curb ramps.",Kent,SR 7,bike-ped,2450000,2297137,partially-funded,planning,6,pedestrian; bicycle,2029,1,9,false,true,true,false,pedestrian; ada; crossing; vru
UNF-3428,T202362873 SR 18 Drainage and Flood Mitigation — Blades,Stormwater upgrades and roadway raising where SR 18 MP 10.7 floods near Blades.,Sussex,SR 18,resilience,20120000,15149055,unfunded,construction-ready,88,auto,2026,0,4,false,true,false,true,flood; drainage; resilience
UNF-3429,T202462910 SR 202 Freight Bottleneck Relief — Greenville,"Intersection capacity, turning-radius, and signal timing improvements for industrial freight on SR 202 MP 17.5 in Greenville.",New Castle,SR 202,freight,25200000,24164447,unfunded,construction-ready,100,freight; auto,2029,1,16,true,false,false,false,freight; bottleneck; signal; reliability
UNF-3430,T202562947 Seaford Sidewalk and Crossing Gap Closure — SR 48,"Fill sidewalk gaps and add high-visibility crossings along SR 48 MP 31.0 in Seaford, with ADA curb ramps.",Sussex,SR 48,bike-ped,6790000,5423011,partially-funded,final-design,67,pedestrian; bicycle,2025,3,12,true,false,true,false,pedestrian; ada; crossing; vru
UNF-3431,T202662984 Bethel Slope Stabilization — SR 16 MP 30.2,"Embankment repair, drainage, and slope stabilization on SR 16 near Bethel after repeated washouts.",Sussex,SR 16,resilience,2070000,1935658,unfunded,preliminary-design,34,auto,2027,0,0,false,false,true,false,slope; drainage; resilience; geotech
UNF-3432,T202763021 Long Neck Community Charging Hub — SR 14,Public DC fast charging adjacent to SR 14 serving Long Neck residents without home charging.,Sussex,SR 14,ev-charging,3210000,3081385,partially-funded,row,49,auto,2028,0,4,false,true,true,false,ev; equity; community; charging
UNF-3433,T202263058 New Castle Sidewalk and Crossing Gap Closure — SR 14,"Fill sidewalk gaps and add high-visibility crossings along SR 14 MP 9.5 in New Castle, with ADA curb ramps.",New Castle,SR 14,bike-ped,6870000,5175199,unfunded,row,42,pedestrian; bicycle,2026,3,22,true,false,false,true,pedestrian; ada; crossing; vru
UNF-3434,T202363095 SR 20 Pavement Rehab — Delmar FY26,Mill and overlay of deteriorated SR 20 lanes through Delmar (MP 6.4) to restore ride quality. Limited safety or equity components.,Sussex,SR 20,pavement,15700000,14932781,unfunded,construction-ready,87,auto,2028,1,13,false,false,true,false,pavement; preservation; state-of-good-repair
UNF-3435,T202463132 SR 82 Intersection Safety Package — Christiana FY26,"Systemic safety package at SR 82 MP 41.8 serving Christiana: signal upgrades, left-turn protection, lighting, and pedestrian intervals.",New Castle,SR 82,safety,12350000,10235211,unfunded,preliminary-design,25,auto; pedestrian,2027,0,6,false,true,true,false,intersection; signal; safety; pedestrian; high-crash
UNF-3436,T202563169 SR 82 Pavement Rehab — Port Penn Phase 1,Mill and overlay of deteriorated SR 82 lanes through Port Penn (MP 30.9) to restore ride quality. Limited safety or equity components.,New Castle,SR 82,pavement,7520000,7108589,unfunded,construction-ready,98,auto,2029,0,3,false,true,true,false,pavement; preservation; state-of-good-repair
UNF-3437,T202663206 SR 24 Concrete Pavement Restoration — Magnolia,"Slab repair, diamond grinding, and joint resealing on SR 24 MP 36.2 in Kent County near Magnolia.",Kent,SR 24,pavement,27190000,22048265,unfunded,row,47,auto,2027,1,11,false,false,true,true,pavement; concrete; preservation
UNF-3438,T202763243 Frankford Community Charging Hub — SR 14,Public DC fast charging adjacent to SR 14 serving Frankford residents without home charging.,Sussex,SR 14,ev-charging,1990000,1807200,unfunded,row,52,auto,2025,0,11,false,true,false,false,ev; equity; community; charging
UNF-3439,T202263280 SR 896 Bridge Preservation — Milford Phase 2,"Deck overlay, joint replacement, and scour countermeasures on the SR 896 bridge near Milford (MP 16.8).",Kent,SR 896,bridge,22360000,20426368,unfunded,preliminary-design,34,auto; freight,2028,1,7,false,true,false,true,bridge; preservation; state-of-good-repair
UNF-3440,T202363317 Leipsic Sidewalk and Crossing Gap Closure — I-95,"Fill sidewalk gaps and add high-visibility crossings along I-95 MP 13.1 in Leipsic, with ADA curb ramps.",Kent,I-95,bike-ped,4210000,3698228,unfunded,construction-ready,88,pedestrian; bicycle,2029,2,11,true,true,true,false,pedestrian; ada; crossing; vru
UNF-3441,T202463354 SR 52 Pavement Rehab — Delmar Group A,Mill and overlay of deteriorated SR 52 lanes through Delmar (MP 33.9) to restore ride quality. Limited safety or equity components.,Sussex,SR 52,pavement,16460000,16160436,unfunded,row,43,auto,2026,0,3,false,false,false,false,pavement; preservation; state-of-good-repair
UNF-3442,T202563391 SR 9 Lane Departure Countermeasures — Port Penn,"Rumble strips, high-friction surface treatment, and curve warning upgrades on SR 9 MP 20.3 near Port Penn.",New Castle,SR 9,safety,8130000,6610000,partially-funded,row,49,auto,2026,0,8,false,true,false,false,lane-departure; rural; high-friction; systemic; safety
UNF-3443,T202663428 SR 26 Intersection Safety Package — Dover Northbound,"Systemic safety package at SR 26 MP 29.4 serving Dover: signal upgrades, left-turn protection, lighting, and pedestrian intervals.",Kent,SR 26,safety,3510000,2829169,unfunded,row,58,auto; pedestrian,2025,4,25,true,false,true,true,intersection; signal; safety; pedestrian; high-crash
UNF-3444,T202763465 SR 18 Pavement Rehab — Camden-Wyoming FY26,Mill and overlay of deteriorated SR 18 lanes through Camden-Wyoming (MP 42.1) to restore ride quality. Limited safety or equity components.,Kent,SR 18,pavement,11610000,10697683,partially-funded,row,58,auto,2026,1,12,false,true,true,false,pavement; preservation; state-of-good-repair
UNF-3445,T202263502 I-295 Intersection Safety Package — St. Georges Group B,"Systemic safety package at I-295 MP 37.3 serving St. Georges: signal upgrades, left-turn protection, lighting, and pedestrian intervals.",New Castle,I-295,safety,15010000,12552839,unfunded,final-design,60,auto; pedestrian,2025,3,17,true,true,false,true,intersection; signal; safety; pedestrian; high-crash
UNF-3446,T202363539 SR 4 Pavement Rehab — Kenton FY27,Mill and overlay of deteriorated SR 4 lanes through Kenton (MP 36.2) to restore ride quality. Limited safety or equity components.,Kent,SR 4,pavement,8080000,6987420,partially-funded,preliminary-design,32,auto,2026,1,12,false,false,true,true,pavement; preservation; state-of-good-repair
UNF-3447,T202463576 SR 273 Pavement Rehab — Blades Phase 1,Mill and overlay of deteriorated SR 273 lanes through Blades (MP 14.8) to restore ride quality. Limited safety or equity components.,Sussex,SR 273,pavement,13610000,12133221,unfunded,construction-ready,90,auto,2029,0,6,false,false,true,false,pavement; preservation; state-of-good-repair
UNF-3448,T202563613 Arden Adaptive Signal System — SR 273,"Adaptive signal control, detection, and communications along SR 273 MP 8.5 in Arden.",New Castle,SR 273,signals,2580000,2213006,unfunded,final-design,72,auto; transit,2026,0,8,false,true,true,false,signal; operations; congestion; safety
UNF-3449,T202663650 SR 42 Drainage and Flood Mitigation — Selbyville,Stormwater upgrades and roadway raising where SR 42 MP 8.9 floods near Selbyville.,Sussex,SR 42,resilience,14870000,14373280,partially-funded,final-design,72,auto,2025,0,2,false,false,true,true,flood; drainage; resilience
UNF-3450,T202763687 SR 16 Bridge Preservation — Seaford Phase 2,"Deck overlay, joint replacement, and scour countermeasures on the SR 16 bridge near Seaford (MP 24.8).",Sussex,SR 16,bridge,9810000,7478505,unfunded,final-design,83,auto; freight,2028,0,4,false,true,true,false,bridge; preservation; state-of-good-repair
UNF-3451,T202263724 Claymont Truck Route Geometric Improvements — SR 82,Widen turning radii and upgrade shoulders for freight movements on SR 82 MP 13.9 near Claymont.,New Castle,SR 82,freight,15950000,15753040,unfunded,final-design,74,freight; auto,2028,1,8,false,true,true,true,freight; geometry; shoulders
UNF-3452,T202363761 Henlopen Acres Sidewalk and Crossing Gap Closure — SR 404,"Fill sidewalk gaps and add high-visibility crossings along SR 404 MP 29.5 in Henlopen Acres, with ADA curb ramps.",Sussex,SR 404,bike-ped,7570000,7554708,partially-funded,final-design,73,pedestrian; bicycle,2026,5,30,true,true,true,false,pedestrian; ada; crossing; vru
UNF-3453,T202463798 SR 9 Pavement Rehab — New Castle Northbound,Mill and overlay of deteriorated SR 9 lanes through New Castle (MP 17.5) to restore ride quality. Limited safety or equity components.,New Castle,SR 9,pavement,9510000,7311242,unfunded,construction-ready,86,auto,2028,0,7,false,true,false,false,pavement; preservation; state-of-good-repair
UNF-3454,T202563835 Rising Sun Sidewalk and Crossing Gap Closure — SR 7,"Fill sidewalk gaps and add high-visibility crossings along SR 7 MP 16.5 in Rising Sun, with ADA curb ramps.",Kent,SR 7,bike-ped,2740000,2255277,unfunded,row,50,pedestrian; bicycle,2028,2,12,true,true,true,true,pedestrian; ada; crossing; vru
UNF-3455,T202663872 SR 300 Pavement Rehab — Christiana Phase 1,Mill and overlay of deteriorated SR 300 lanes through Christiana (MP 1.4) to restore ride quality. Limited safety or equity components.,New Castle,SR 300,pavement,5020000,4817306,unfunded,row,50,auto,2026,1,5,false,false,true,true,pavement; preservation; state-of-good-repair
UNF-3456,T202763909 SR 54 Intersection Safety Package — Rising Sun Group B,"Systemic safety package at SR 54 MP 36.6 serving Rising Sun: signal upgrades, left-turn protection, lighting, and pedestrian intervals.",Kent,SR 54,safety,14820000,13316677,partially-funded,construction-ready,85,auto; pedestrian,2028,2,8,true,false,true,true,intersection; signal; safety; pedestrian; high-crash
UNF-3457,T202263946 Claymont Community Charging Hub — SR 9,Public DC fast charging adjacent to SR 9 serving Claymont residents without home charging.,New Castle,SR 9,ev-charging,3070000,2508826,unfunded,preliminary-design,29,auto,2028,1,10,false,false,false,false,ev; equity; community; charging
UNF-3458,T202363983 Viola Shared-Use Path — SR 72 Southbound,Construct a shared-use path parallel to SR 72 MP 4.1 connecting neighborhoods and schools in Viola.,Kent,SR 72,bike-ped,5830000,5253849,unfunded,construction-ready,100,pedestrian; bicycle,2029,2,16,true,true,true,false,bicycle; pedestrian; trail; vru
UNF-3459,T202464020 SR 273 Concrete Pavement Restoration — Greenville,"Slab repair, diamond grinding, and joint resealing on SR 273 MP 23.4 in New Castle County near Greenville.",New Castle,SR 273,pavement,16870000,15751946,unfunded,construction-ready,99,auto,2027,0,13,false,false,false,true,pavement; concrete; preservation
UNF-3460,T202564057 SR 14 Pavement Rehab — Edgemoor Group B,Mill and overlay of deteriorated SR 14 lanes through Edgemoor (MP 27.6) to restore ride quality. Limited safety or equity components.,New Castle,SR 14,pavement,8300000,7758265,unfunded,final-design,74,auto,2026,1,16,true,false,false,false,pavement; preservation; state-of-good-repair
UNF-3461,T202664094 Ellendale Sidewalk and Crossing Gap Closure — SR 71,"Fill sidewalk gaps and add high-visibility crossings along SR 71 MP 35.1 in Ellendale, with ADA curb ramps.",Sussex,SR 71,bike-ped,5560000,4587164,unfunded,row,56,pedestrian; bicycle,2029,4,24,true,false,true,false,pedestrian; ada; crossing; vru
UNF-3462,T202764131 SR 1 Lane Departure Countermeasures — Milton,"Rumble strips, high-friction surface treatment, and curve warning upgrades on SR 1 MP 3.9 near Milton.",Sussex,SR 1,safety,7280000,6982342,partially-funded,row,56,auto,2028,0,4,false,false,true,false,lane-departure; rural; high-friction; systemic; safety
UNF-3463,T202264168 Red Lion DART Stop and Access Improvements — I-295,"Accessible pads, shelters, lighting, and sidewalk connections to DART stops on I-295 in Red Lion.",New Castle,I-295,transit,4530000,3973107,unfunded,final-design,80,transit; pedestrian,2025,0,12,false,true,false,false,transit; equity; pedestrian; ada
UNF-3464,T202364205 SR 9 Intersection Safety Package — Christiana Southbound,"Systemic safety package at SR 9 MP 17.4 serving Christiana: signal upgrades, left-turn protection, lighting, and pedestrian intervals.",New Castle,SR 9,safety,15470000,11697819,unfunded,planning,17,auto; pedestrian,2026,0,9,false,true,false,false,intersection; signal; safety; pedestrian; high-crash
UNF-3465,T202464242 SR 9 Bridge Culvert Replacement — Woodside,Replace a deteriorated culvert on SR 9 MP 7.3 near Woodside to restore hydraulic capacity and legal loads.,Kent,SR 9,bridge,6970000,6848238,unfunded,row,55,auto; freight,2025,1,7,false,false,true,false,bridge; culvert; scour; state-of-good-repair
UNF-3466,T202564279 Milton DART Stop and Access Improvements — US 13,"Accessible pads, shelters, lighting, and sidewalk connections to DART stops on US 13 in Milton.",Sussex,US 13,transit,1920000,1724522,unfunded,row,50,transit; pedestrian,2029,1,5,false,false,false,true,transit; equity; pedestrian; ada
UNF-3467,T202664316 SR 1 Pavement Rehab — Dewey Beach Group B,Mill and overlay of deteriorated SR 1 lanes through Dewey Beach (MP 22.1) to restore ride quality. Limited safety or equity components.,Sussex,SR 1,pavement,10130000,8538348,unfunded,preliminary-design,32,auto,2025,1,13,false,true,true,false,pavement; preservation; state-of-good-repair
UNF-3468,T202764353 DART Bus Fleet Replacement — Seaford Division,"Replace diesel buses with low- and no-emission transit buses and related equipment at the DART Seaford division, including depot charging.",Sussex,US 40,transit,18190000,14138415,unfunded,final-design,73,transit,2026,0,6,false,false,true,false,transit; bus-fleet; low-no; zero-emission; garage
UNF-3469,T202264390 Gumboro Truck Route Geometric Improvements — SR 1,Widen turning radii and upgrade shoulders for freight movements on SR 1 MP 14.2 near Gumboro.,Sussex,SR 1,freight,18580000,16547222,unfunded,construction-ready,97,freight; auto,2025,0,2,false,false,true,false,freight; geometry; shoulders
UNF-3470,T202364427 SR 48 ITS Camera and Fiber — Gumboro Phase 1,"CCTV, fiber interconnect, and TMC integration on SR 48 MP 15.9 serving Gumboro and Sussex County operations.",Sussex,SR 48,signals,5920000,5358106,unfunded,final-design,67,auto,2025,1,14,false,false,false,false,its; operations; congestion; signal
UNF-3471,T202464464 SR 141 Pavement Rehab — Stanton Phase 2,Mill and overlay of deteriorated SR 141 lanes through Stanton (MP 1.6) to restore ride quality. Limited safety or equity components.,New Castle,SR 141,pavement,11080000,8528020,unfunded,row,58,auto,2027,1,16,true,false,false,false,pavement; preservation; state-of-good-repair
UNF-3472,T202564501 SR 52 Pavement Rehab — Christiana FY26,Mill and overlay of deteriorated SR 52 lanes through Christiana (MP 29.8) to restore ride quality. Limited safety or equity components.,New Castle,SR 52,pavement,10940000,10515612,unfunded,preliminary-design,28,auto,2029,0,12,false,true,false,false,pavement; preservation; state-of-good-repair
UNF-3473,T202664538 US 40 ITS Camera and Fiber — Elsmere Phase 1,"CCTV, fiber interconnect, and TMC integration on US 40 MP 42.3 serving Elsmere and New Castle County operations.",New Castle,US 40,signals,7460000,6036477,partially-funded,final-design,80,auto,2028,0,3,false,false,false,true,its; operations; congestion; signal
UNF-3474,T202764575 Long Neck Truck Route Geometric Improvements — SR 58,Widen turning radii and upgrade shoulders for freight movements on SR 58 MP 12.4 near Long Neck.,Sussex,SR 58,freight,17200000,13524585,unfunded,row,54,freight; auto,2029,1,13,false,true,false,false,freight; geometry; shoulders
UNF-3475,T202264612 Viola Road Diet and Downtown Safety — SR 896,"Road diet, on-street parking reconfiguration, ADA ramps, and pedestrian lighting in Viola along SR 896.",Kent,SR 896,complete-streets,4310000,3283525,unfunded,construction-ready,97,auto; pedestrian; bicycle,2026,6,24,true,false,true,false,road-diet; ada; downtown; complete-streets; safety
UNF-3476,T202364649 Laurel School Zone and Speed Management,"School-zone flashers, gateway treatments, and speed management on local streets feeding SR 9 in Laurel.",Sussex,SR 9,safety,1780000,1522331,unfunded,final-design,65,auto; pedestrian,2026,0,6,false,false,true,false,safety; school; speed-management; lighting
UNF-3477,T202464686 Leipsic Sidewalk and Crossing Gap Closure — SR 8,"Fill sidewalk gaps and add high-visibility crossings along SR 8 MP 17.9 in Leipsic, with ADA curb ramps.",Kent,SR 8,bike-ped,2470000,2055063,unfunded,row,43,pedestrian; bicycle,2029,0,4,false,true,false,false,pedestrian; ada; crossing; vru
UNF-3478,T202564723 SR 24 Bridge Culvert Replacement — Delmar,Replace a deteriorated culvert on SR 24 MP 9.2 near Delmar to restore hydraulic capacity and legal loads.,Sussex,SR 24,bridge,10510000,9044533,unfunded,construction-ready,89,auto; freight,2025,0,8,false,false,false,false,bridge; culvert; scour; state-of-good-repair
UNF-3479,T202664760 Middletown Adaptive Signal System — SR 273,"Adaptive signal control, detection, and communications along SR 273 MP 36.7 in Middletown.",New Castle,SR 273,signals,8770000,7538485,unfunded,final-design,76,auto; transit,2025,0,1,false,true,false,true,signal; operations; congestion; safety
UNF-3480,T202764797 SR 202 Concrete Pavement Restoration — Bridgeville,"Slab repair, diamond grinding, and joint resealing on SR 202 MP 31.8 in Sussex County near Bridgeville.",Sussex,SR 202,pavement,7530000,5759513,unfunded,row,36,auto,2026,1,13,false,true,false,false,pavement; concrete; preservation
UNF-3481,T202264834 Bethel School Zone and Speed Management,"School-zone flashers, gateway treatments, and speed management on local streets feeding SR 299 in Bethel.",Sussex,SR 299,safety,2040000,1686257,unfunded,final-design,75,auto; pedestrian,2027,6,29,true,true,false,false,safety; school; speed-management; lighting
UNF-3482,T202364871 Newport Sidewalk and Crossing Gap Closure — I-295,"Fill sidewalk gaps and add high-visibility crossings along I-295 MP 38.9 in Newport, with ADA curb ramps.",New Castle,I-295,bike-ped,3010000,2847500,unfunded,construction-ready,97,pedestrian; bicycle,2028,1,12,false,false,false,false,pedestrian; ada; crossing; vru
UNF-3483,T202464908 Viola Complete Streets — SR 92 Town Center,"Lane reallocation, bicycle facilities, and pedestrian lighting on SR 92 through Viola town center (FY27).",Kent,SR 92,complete-streets,16720000,14387296,partially-funded,planning,8,auto; pedestrian; bicycle,2029,4,20,true,false,true,false,complete-streets; bike-ped; equity; safety
UNF-3484,T202564945 US 301 Pavement Rehab — Ocean View FY27,Mill and overlay of deteriorated US 301 lanes through Ocean View (MP 20.9) to restore ride quality. Limited safety or equity components.,Sussex,US 301,pavement,18390000,15630106,partially-funded,final-design,79,auto,2028,1,5,false,true,true,false,pavement; preservation; state-of-good-repair
UNF-3485,T202664982 SR 299 Pavement Rehab — Felton Southbound,Mill and overlay of deteriorated SR 299 lanes through Felton (MP 27.7) to restore ride quality. Limited safety or equity components.,Kent,SR 299,pavement,4810000,4714856,unfunded,row,58,auto,2025,1,6,false,false,false,false,pavement; preservation; state-of-good-repair
UNF-3486,T202765019 Rehoboth Beach Roundabout Conversion — US 301,Convert a high-crash US 301 intersection in Rehoboth Beach (MP 11.2) to a single-lane roundabout with pedestrian crossings.,Sussex,US 301,safety,5560000,4182116,unfunded,final-design,62,auto; pedestrian,2027,0,9,false,true,false,true,roundabout; intersection; safety; pedestrian
UNF-3487,T202265056 SR 36 Intersection Safety Package — Ocean View Phase 2,"Systemic safety package at SR 36 MP 25.5 serving Ocean View: signal upgrades, left-turn protection, lighting, and pedestrian intervals.",Sussex,SR 36,safety,11140000,10572629,unfunded,construction-ready,88,auto; pedestrian,2025,6,25,true,true,false,false,intersection; signal; safety; pedestrian; high-crash
UNF-3488,T202365093 SR 26 Drainage and Flood Mitigation — Long Neck,Stormwater upgrades and roadway raising where SR 26 MP 23.6 floods near Long Neck.,Sussex,SR 26,resilience,12580000,12297320,partially-funded,row,52,auto,2027,1,17,true,false,false,false,flood; drainage; resilience
UNF-3489,T202465130 Houston Complete Streets — SR 52 Town Center,"Lane reallocation, bicycle facilities, and pedestrian lighting on SR 52 through Houston town center (Southbound).",Kent,SR 52,complete-streets,11180000,9415170,unfunded,planning,19,auto; pedestrian; bicycle,2028,6,32,true,false,true,false,complete-streets; bike-ped; equity; safety
UNF-3490,T202565167 I-95 Intersection Safety Package — Edgemoor FY26,"Systemic safety package at I-95 MP 11.1 serving Edgemoor: signal upgrades, left-turn protection, lighting, and pedestrian intervals.",New Castle,I-95,safety,13370000,10043447,unfunded,construction-ready,94,auto; pedestrian,2025,0,6,false,false,false,false,intersection; signal; safety; pedestrian; high-crash
UNF-3491,T202665204 SR 36 Bridge Preservation — Kenton Southbound,"Deck overlay, joint replacement, and scour countermeasures on the SR 36 bridge near Kenton (MP 22.7).",Kent,SR 36,bridge,34250000,26881795,unfunded,final-design,75,auto; freight,2025,0,5,false,false,true,false,bridge; preservation; state-of-good-repair
UNF-3492,T202765241 SR 42 Bridge Preservation — Odessa Northbound,"Deck overlay, joint replacement, and scour countermeasures on the SR 42 bridge near Odessa (MP 27.0).",New Castle,SR 42,bridge,8370000,7338755,unfunded,row,38,auto; freight,2025,0,0,false,false,false,false,bridge; preservation; state-of-good-repair
UNF-3493,T202265278 US 13 Pavement Rehab — Dover Phase 2,Mill and overlay of deteriorated US 13 lanes through Dover (MP 30.5) to restore ride quality. Limited safety or equity components.,Kent,US 13,pavement,13830000,12956444,unfunded,preliminary-design,31,auto,2028,1,15,true,false,false,false,pavement; preservation; state-of-good-repair
UNF-3494,T202365315 SR 273 Drainage and Flood Mitigation — Milford,Stormwater upgrades and roadway raising where SR 273 MP 10.7 floods near Milford.,Sussex,SR 273,resilience,24770000,21054821,unfunded,row,49,auto,2027,1,5,false,false,true,false,flood; drainage; resilience
UNF-3495,T202465352 SR 82 Bridge Preservation — Port Penn Group A,"Deck overlay, joint replacement, and scour countermeasures on the SR 82 bridge near Port Penn (MP 16.6).",New Castle,SR 82,bridge,19440000,15020250,unfunded,row,39,auto; freight,2027,1,10,false,true,false,false,bridge; preservation; state-of-good-repair
UNF-3496,T202565389 St. Georges Adaptive Signal System — SR 202,"Adaptive signal control, detection, and communications along SR 202 MP 22.5 in St. Georges.",New Castle,SR 202,signals,8540000,7911349,partially-funded,row,47,auto; transit,2029,1,16,true,false,false,false,signal; operations; congestion; safety
UNF-3497,T202665426 Delmar Complete Streets — SR 24 Town Center,"Lane reallocation, bicycle facilities, and pedestrian lighting on SR 24 through Delmar town center (Southbound).",Sussex,SR 24,complete-streets,17570000,14331245,unfunded,construction-ready,95,auto; pedestrian; bicycle,2025,0,1,false,false,true,false,complete-streets; bike-ped; equity; safety
UNF-3498,T202765463 SR 10 Bridge Culvert Replacement — Camden-Wyoming,Replace a deteriorated culvert on SR 10 MP 28.3 near Camden-Wyoming to restore hydraulic capacity and legal loads.,Kent,SR 10,bridge,9080000,8942831,unfunded,final-design,78,auto; freight,2025,0,3,false,true,true,true,bridge; culvert; scour; state-of-good-repair
UNF-3499,T202265500 Hockessin Sidewalk and Crossing Gap Closure — SR 404,"Fill sidewalk gaps and add high-visibility crossings along SR 404 MP 39.0 in Hockessin, with ADA curb ramps.",New Castle,SR 404,bike-ped,4920000,4815651,partially-funded,preliminary-design,34,pedestrian; bicycle,2029,0,13,false,true,false,true,pedestrian; ada; crossing; vru
UNF-3500,T202365537 Millville Community Charging Hub — SR 18,Public DC fast charging adjacent to SR 18 serving Millville residents without home charging.,Sussex,SR 18,ev-charging,1680000,1350602,unfunded,construction-ready,93,auto,2029,0,5,false,true,true,false,ev; equity; community; charging
UNF-3501,T202465574 Millville Adaptive Signal System — I-495,"Adaptive signal control, detection, and communications along I-495 MP 19.1 in Millville.",Sussex,I-495,signals,2290000,2140743,unfunded,construction-ready,90,auto; transit,2029,1,12,false,true,true,false,signal; operations; congestion; safety
UNF-3502,T202565611 Georgetown Complete Streets — SR 92 Town Center,"Lane reallocation, bicycle facilities, and pedestrian lighting on SR 92 through Georgetown town center (FY27).",Sussex,SR 92,complete-streets,9240000,8182038,unfunded,planning,8,auto; pedestrian; bicycle,2027,1,14,false,true,true,false,complete-streets; bike-ped; equity; safety
UNF-3503,T202665648 US 13 Pavement Rehab — Laurel FY27,Mill and overlay of deteriorated US 13 lanes through Laurel (MP 34.1) to restore ride quality. Limited safety or equity components.,Sussex,US 13,pavement,12150000,11352895,unfunded,row,35,auto,2028,1,8,false,false,true,false,pavement; preservation; state-of-good-repair
UNF-3504,T202765685 SR 141 Intersection Safety Package — Christiana Group B,"Systemic safety package at SR 141 MP 27.7 serving Christiana: signal upgrades, left-turn protection, lighting, and pedestrian intervals.",New Castle,SR 141,safety,6830000,5602802,unfunded,planning,17,auto; pedestrian,2028,6,25,true,false,false,true,intersection; signal; safety; pedestrian; high-crash
UNF-3505,T202265722 SR 299 Bridge Preservation — Rehoboth Beach Phase 2,"Deck overlay, joint replacement, and scour countermeasures on the SR 299 bridge near Rehoboth Beach (MP 14.1).",Sussex,SR 299,bridge,29320000,23062292,unfunded,row,57,auto; freight,2025,0,11,false,true,true,true,bridge; preservation; state-of-good-repair
UNF-3506,T202365759 Gumboro Adaptive Signal System — SR 54,"Adaptive signal control, detection, and communications along SR 54 MP 32.1 in Gumboro.",Sussex,SR 54,signals,2510000,2501726,unfunded,preliminary-design,30,auto; transit,2027,1,9,false,true,false,false,signal; operations; congestion; safety
UNF-3507,T202465796 Cheswold Local Road Safety Plan,Data-driven local road safety plan for Cheswold identifying a high-injury network and proven countermeasures.,Kent,SR 4,planning,530000,477284,unfunded,construction-ready,94,auto; pedestrian,2027,1,15,true,false,true,true,safety-plan; data-driven; planning
UNF-3508,T202565833 I-495 Intersection Safety Package — Dewey Beach FY26,"Systemic safety package at I-495 MP 10.6 serving Dewey Beach: signal upgrades, left-turn protection, lighting, and pedestrian intervals.",Sussex,I-495,safety,6100000,5243860,unfunded,preliminary-design,21,auto; pedestrian,2029,0,12,false,false,true,true,intersection; signal; safety; pedestrian; high-crash
UNF-3509,T202665870 Red Lion Complete Streets — SR 9 Town Center,"Lane reallocation, bicycle facilities, and pedestrian lighting on SR 9 through Red Lion town center (Group B).",New Castle,SR 9,complete-streets,4870000,4239178,unfunded,construction-ready,93,auto; pedestrian; bicycle,2029,1,13,false,true,false,false,complete-streets; bike-ped; equity; safety
UNF-3510,T202765907 Dover DART Stop and Access Improvements — SR 52,"Accessible pads, shelters, lighting, and sidewalk connections to DART stops on SR 52 in Dover.",Kent,SR 52,transit,1680000,1271103,partially-funded,final-design,68,transit; pedestrian,2025,1,17,true,true,false,false,transit; equity; pedestrian; ada
UNF-3511,T202265944 SR 54 Intersection Safety Package — Townsend Northbound,"Systemic safety package at SR 54 MP 19.5 serving Townsend: signal upgrades, left-turn protection, lighting, and pedestrian intervals.",New Castle,SR 54,safety,14140000,13363297,unfunded,planning,6,auto; pedestrian,2026,6,33,true,false,true,false,intersection; signal; safety; pedestrian; high-crash
UNF-3512,T202365981 Selbyville Sidewalk and Crossing Gap Closure — SR 299,"Fill sidewalk gaps and add high-visibility crossings along SR 299 MP 21.7 in Selbyville, with ADA curb ramps.",Sussex,SR 299,bike-ped,1510000,1360034,unfunded,final-design,84,pedestrian; bicycle,2027,5,24,true,true,false,false,pedestrian; ada; crossing; vru
UNF-3513,T202466018 Bear Local Road Safety Plan,Data-driven local road safety plan for Bear identifying a high-injury network and proven countermeasures.,New Castle,US 13,planning,630000,583985,unfunded,row,40,auto; pedestrian,2025,1,11,false,true,true,true,safety-plan; data-driven; planning
UNF-3514,T202566055 SR 26 Bridge Preservation — Harrington Southbound,"Deck overlay, joint replacement, and scour countermeasures on the SR 26 bridge near Harrington (MP 36.1).",Kent,SR 26,bridge,18010000,15549936,unfunded,preliminary-design,25,auto; freight,2029,0,12,false,true,false,false,bridge; preservation; state-of-good-repair
UNF-3515,T202666092 SR 20 Intersection Safety Package — Claymont Phase 1,"Systemic safety package at SR 20 MP 32.9 serving Claymont: signal upgrades, left-turn protection, lighting, and pedestrian intervals.",New Castle,SR 20,safety,11020000,10560808,unfunded,construction-ready,100,auto; pedestrian,2029,6,35,true,false,true,false,intersection; signal; safety; pedestrian; high-crash
UNF-3516,T202766129 Milford Shared-Use Path — SR 26 Group A,Construct a shared-use path parallel to SR 26 MP 27.8 connecting neighborhoods and schools in Milford.,Sussex,SR 26,bike-ped,2420000,1881176,partially-funded,row,36,pedestrian; bicycle,2025,4,26,true,false,true,false,bicycle; pedestrian; trail; vru
UNF-3517,T202266166 I-295 Bridge Preservation — Greenwood Northbound,"Deck overlay, joint replacement, and scour countermeasures on the I-295 bridge near Greenwood (MP 15.3).",Sussex,I-295,bridge,4160000,3910937,partially-funded,preliminary-design,21,auto; freight,2029,1,13,false,false,true,true,bridge; preservation; state-of-good-repair
UNF-3518,T202366203 SR 26 Bridge Preservation — Milford Southbound,"Deck overlay, joint replacement, and scour countermeasures on the SR 26 bridge near Milford (MP 40.0).",Sussex,SR 26,bridge,36380000,31723370,unfunded,row,54,auto; freight,2027,0,11,false,false,true,false,bridge; preservation; state-of-good-repair
UNF-3519,T202466240 SR 896 Freight Bottleneck Relief — Christiana,"Intersection capacity, turning-radius, and signal timing improvements for industrial freight on SR 896 MP 42.8 in Christiana.",New Castle,SR 896,freight,11370000,11260180,unfunded,planning,16,freight; auto,2025,0,7,false,true,false,false,freight; bottleneck; signal; reliability
UNF-3520,T202566277 US 113 Pavement Rehab — Middletown Group A,Mill and overlay of deteriorated US 113 lanes through Middletown (MP 44.3) to restore ride quality. Limited safety or equity components.,New Castle,US 113,pavement,10410000,9408727,unfunded,construction-ready,96,auto,2027,0,9,false,true,false,false,pavement; preservation; state-of-good-repair
UNF-3521,T202666314 SR 42 Intersection Safety Package — Newark Phase 2,"Systemic safety package at SR 42 MP 20.9 serving Newark: signal upgrades, left-turn protection, lighting, and pedestrian intervals.",New Castle,SR 42,safety,6530000,5015250,unfunded,final-design,83,auto; pedestrian,2025,6,37,true,false,true,true,intersection; signal; safety; pedestrian; high-crash
UNF-3522,T202766351 Dover Sidewalk and Crossing Gap Closure — SR 4,"Fill sidewalk gaps and add high-visibility crossings along SR 4 MP 34.2 in Dover, with ADA curb ramps.",Kent,SR 4,bike-ped,4730000,3919450,unfunded,planning,15,pedestrian; bicycle,2025,5,27,true,false,false,true,pedestrian; ada; crossing; vru
UNF-3523,T202266388 DE 1 Pavement Rehab — Hartly FY27,Mill and overlay of deteriorated DE 1 lanes through Hartly (MP 41.0) to restore ride quality. Limited safety or equity components.,Kent,DE 1,pavement,19470000,15039345,unfunded,preliminary-design,26,auto,2029,1,14,false,true,true,false,pavement; preservation; state-of-good-repair
UNF-3524,T202366425 Claymont Adaptive Signal System — SR 4,"Adaptive signal control, detection, and communications along SR 4 MP 20.0 in Claymont.",New Castle,SR 4,signals,2260000,1847606,unfunded,preliminary-design,31,auto; transit,2029,0,5,false,true,false,false,signal; operations; congestion; safety
UNF-3525,T202466462 Milford Complete Streets — SR 896 Town Center,"Lane reallocation, bicycle facilities, and pedestrian lighting on SR 896 through Milford town center (Phase 1).",Kent,SR 896,complete-streets,14580000,11202580,unfunded,row,59,auto; pedestrian; bicycle,2028,0,4,false,true,true,true,complete-streets; bike-ped; equity; safety
UNF-3526,T202566499 Gumboro Sidewalk and Crossing Gap Closure — SR 18,"Fill sidewalk gaps and add high-visibility crossings along SR 18 MP 44.8 in Gumboro, with ADA curb ramps.",Sussex,SR 18,bike-ped,3460000,2966045,unfunded,planning,5,pedestrian; bicycle,2029,4,28,true,false,true,false,pedestrian; ada; crossing; vru
UNF-3527,T202666536 SR 299 Intersection Safety Package — Laurel FY26,"Systemic safety package at SR 299 MP 23.1 serving Laurel: signal upgrades, left-turn protection, lighting, and pedestrian intervals.",Sussex,SR 299,safety,8150000,7294696,unfunded,final-design,82,auto; pedestrian,2025,1,7,false,true,true,false,intersection; signal; safety; pedestrian; high-crash
UNF-3528,T202766573 SR 300 Lane Departure Countermeasures — Frederica,"Rumble strips, high-friction surface treatment, and curve warning upgrades on SR 300 MP 18.7 near Frederica.",Kent,SR 300,safety,7880000,6283226,partially-funded,row,50,auto,2026,0,9,false,false,false,true,lane-departure; rural; high-friction; systemic; safety
UNF-3529,T202266610 SR 26 Guardrail and End Treatment Upgrade — Smyrna,Replace outdated guardrail and end treatments on SR 26 MP 4.6 near Smyrna to current MASH standards.,Kent,SR 26,safety,1770000,1507092,unfunded,row,58,auto,2025,0,13,false,false,false,false,guardrail; safety; roadside; systemic
UNF-3530,T202366647 Elsmere Community Charging Hub — SR 9,Public DC fast charging adjacent to SR 9 serving Elsmere residents without home charging.,New Castle,SR 9,ev-charging,3900000,3727403,unfunded,construction-ready,98,auto,2025,1,17,true,true,true,false,ev; equity; community; charging
UNF-3531,T202466684 Kirkwood Truck Route Geometric Improvements — SR 7,Widen turning radii and upgrade shoulders for freight movements on SR 7 MP 12.5 near Kirkwood.,New Castle,SR 7,freight,12470000,11403579,unfunded,row,41,freight; auto,2026,1,15,true,false,false,false,freight; geometry; shoulders
UNF-3532,T202566721 Glasgow Truck Route Geometric Improvements — I-495,Widen turning radii and upgrade shoulders for freight movements on I-495 MP 26.3 near Glasgow.,New Castle,I-495,freight,13570000,12057952,partially-funded,row,45,freight; auto,2025,0,10,false,true,false,false,freight; geometry; shoulders
UNF-3533,T202666758 SR 36 Intersection Safety Package — Hockessin Group B,"Systemic safety package at SR 36 MP 14.7 serving Hockessin: signal upgrades, left-turn protection, lighting, and pedestrian intervals.",New Castle,SR 36,safety,15020000,11843379,partially-funded,row,40,auto; pedestrian,2029,1,9,false,false,true,false,intersection; signal; safety; pedestrian; high-crash
UNF-3534,T202766795 Bethel Roundabout Conversion — SR 141,Convert a high-crash SR 141 intersection in Bethel (MP 4.3) to a single-lane roundabout with pedestrian crossings.,Sussex,SR 141,safety,9200000,8099829,unfunded,construction-ready,92,auto; pedestrian,2026,6,28,true,true,true,true,roundabout; intersection; safety; pedestrian
UNF-3535,T202266832 Lincoln School Zone and Speed Management,"School-zone flashers, gateway treatments, and speed management on local streets feeding SR 48 in Lincoln.",Sussex,SR 48,safety,2020000,1613219,partially-funded,final-design,81,auto; pedestrian,2026,4,24,true,true,true,true,safety; school; speed-management; lighting
UNF-3536,T202366869 SR 48 Lane Departure Countermeasures — Fenwick Island,"Rumble strips, high-friction surface treatment, and curve warning upgrades on SR 48 MP 20.8 near Fenwick Island.",Sussex,SR 48,safety,2110000,1835694,partially-funded,row,55,auto,2025,5,28,true,true,false,false,lane-departure; rural; high-friction; systemic; safety
UNF-3537,T202466906 SR 24 Intersection Safety Package — Ocean View Phase 2,"Systemic safety package at SR 24 MP 16.2 serving Ocean View: signal upgrades, left-turn protection, lighting, and pedestrian intervals.",Sussex,SR 24,safety,2600000,2116920,unfunded,preliminary-design,31,auto; pedestrian,2029,3,15,true,true,false,true,intersection; signal; safety; pedestrian; high-crash
UNF-3538,T202566943 SR 2 Intersection Safety Package — Dover FY27,"Systemic safety package at SR 2 MP 34.0 serving Dover: signal upgrades, left-turn protection, lighting, and pedestrian intervals.",Kent,SR 2,safety,12040000,10544904,unfunded,row,35,auto; pedestrian,2028,6,24,true,false,false,false,intersection; signal; safety; pedestrian; high-crash
UNF-3539,T202666980 I-95 Pavement Rehab — Henlopen Acres Phase 2,Mill and overlay of deteriorated I-95 lanes through Henlopen Acres (MP 39.7) to restore ride quality. Limited safety or equity components.,Sussex,I-95,pavement,20210000,15985240,partially-funded,construction-ready,87,auto,2028,1,12,false,true,false,false,pavement; preservation; state-of-good-repair
UNF-3540,T202767017 SR 896 Bridge Preservation — Bear Northbound,"Deck overlay, joint replacement, and scour countermeasures on the SR 896 bridge near Bear (MP 30.3).",New Castle,SR 896,bridge,27520000,26952893,partially-funded,preliminary-design,27,auto; freight,2026,1,4,false,false,false,false,bridge; preservation; state-of-good-repair
UNF-3541,T202267054 SR 48 Freight Bottleneck Relief — Middletown,"Intersection capacity, turning-radius, and signal timing improvements for industrial freight on SR 48 MP 19.4 in Middletown.",New Castle,SR 48,freight,14400000,11491294,unfunded,row,47,freight; auto,2029,0,0,false,true,false,false,freight; bottleneck; signal; reliability
UNF-3542,T202367091 SR 54 Intersection Safety Package — Dover FY26,"Systemic safety package at SR 54 MP 38.7 serving Dover: signal upgrades, left-turn protection, lighting, and pedestrian intervals.",Kent,SR 54,safety,6730000,5339427,unfunded,construction-ready,93,auto; pedestrian,2027,1,14,false,false,true,true,intersection; signal; safety; pedestrian; high-crash
UNF-3543,T202467128 Elsmere DART Stop and Access Improvements — SR 141,"Accessible pads, shelters, lighting, and sidewalk connections to DART stops on SR 141 in Elsmere.",New Castle,SR 141,transit,1070000,1023990,unfunded,planning,15,transit; pedestrian,2025,1,7,false,true,false,false,transit; equity; pedestrian; ada
UNF-3544,T202567165 SR 7 Intersection Safety Package — Claymont FY27,"Systemic safety package at SR 7 MP 28.8 serving Claymont: signal upgrades, left-turn protection, lighting, and pedestrian intervals.",New Castle,SR 7,safety,10880000,8233216,unfunded,final-design,77,auto; pedestrian,2029,5,22,true,false,true,true,intersection; signal; safety; pedestrian; high-crash
UNF-3545,T202667202 Felton Roundabout Conversion — SR 48,Convert a high-crash SR 48 intersection in Felton (MP 30.6) to a single-lane roundabout with pedestrian crossings.,Kent,SR 48,safety,5510000,5333037,unfunded,preliminary-design,29,auto; pedestrian,2028,3,22,true,false,true,false,roundabout; intersection; safety; pedestrian
UNF-3546,T202767239 Port Penn Community Charging Hub — SR 8,Public DC fast charging adjacent to SR 8 serving Port Penn residents without home charging.,New Castle,SR 8,ev-charging,3240000,2705313,unfunded,final-design,62,auto,2028,1,15,true,false,false,true,ev; equity; community; charging
UNF-3547,T202267276 I-495 Bridge Preservation — Cheswold Group A,"Deck overlay, joint replacement, and scour countermeasures on the I-495 bridge near Cheswold (MP 29.5).",Kent,I-495,bridge,28740000,26063363,unfunded,preliminary-design,30,auto; freight,2026,1,13,false,true,false,false,bridge; preservation; state-of-good-repair
UNF-3548,T202367313 Millsboro Adaptive Signal System — SR 299,"Adaptive signal control, detection, and communications along SR 299 MP 43.1 in Millsboro.",Sussex,SR 299,signals,8370000,7052385,unfunded,final-design,84,auto; transit,2026,1,7,false,true,true,false,signal; operations; congestion; safety
UNF-3549,T202467350 DART Bus Maintenance Facility Rehab — Newport,"Rehabilitate the DART bus maintenance garage in Newport, including lifts, bus wash, and charging/fueling for the transit fleet.",New Castle,SR 20,transit,30940000,23665473,unfunded,construction-ready,99,transit,2027,1,4,false,true,false,false,transit; bus-fleet; garage; facility; low-no
UNF-3550,T202567387 SR 299 Pavement Rehab — Selbyville Northbound,Mill and overlay of deteriorated SR 299 lanes through Selbyville (MP 32.9) to restore ride quality. Limited safety or equity components.,Sussex,SR 299,pavement,8150000,6678570,partially-funded,final-design,65,auto,2029,0,10,false,true,true,false,pavement; preservation; state-of-good-repair
UNF-3551,T202667424 I-95 Pavement Rehab — Dewey Beach Group B,Mill and overlay of deteriorated I-95 lanes through Dewey Beach (MP 3.0) to restore ride quality. Limited safety or equity components.,Sussex,I-95,pavement,21180000,19170290,unfunded,final-design,64,auto,2027,1,5,false,true,true,false,pavement; preservation; state-of-good-repair
UNF-3552,T202767461 Ocean View Slope Stabilization — SR 404 MP 32.4,"Embankment repair, drainage, and slope stabilization on SR 404 near Ocean View after repeated washouts.",Sussex,SR 404,resilience,5020000,3779233,unfunded,construction-ready,96,auto,2025,0,10,false,false,false,true,slope; drainage; resilience; geotech
UNF-3553,T202267498 US 13 Concrete Pavement Restoration — Frankford,"Slab repair, diamond grinding, and joint resealing on US 13 MP 31.6 in Sussex County near Frankford.",Sussex,US 13,pavement,23910000,21580741,unfunded,final-design,83,auto,2026,0,5,false,false,true,false,pavement; concrete; preservation
UNF-3554,T202367535 Magnolia School Zone and Speed Management,"School-zone flashers, gateway treatments, and speed management on local streets feeding SR 82 in Magnolia.",Kent,SR 82,safety,4240000,3347541,unfunded,preliminary-design,21,auto; pedestrian,2027,4,27,true,false,true,false,safety; school; speed-management; lighting
UNF-3555,T202467572 Clayton Roundabout Conversion — SR 7,Convert a high-crash SR 7 intersection in Clayton (MP 43.1) to a single-lane roundabout with pedestrian crossings.,Kent,SR 7,safety,5400000,4218099,unfunded,row,59,auto; pedestrian,2026,4,25,true,false,true,false,roundabout; intersection; safety; pedestrian
UNF-3556,T202567609 SR 10 Bridge Preservation — Laurel FY26,"Deck overlay, joint replacement, and scour countermeasures on the SR 10 bridge near Laurel (MP 29.3).",Sussex,SR 10,bridge,16640000,14455751,unfunded,preliminary-design,32,auto; freight,2028,1,10,false,true,true,false,bridge; preservation; state-of-good-repair
UNF-3557,T202667646 SR 24 Lane Departure Countermeasures — Long Neck,"Rumble strips, high-friction surface treatment, and curve warning upgrades on SR 24 MP 24.9 near Long Neck.",Sussex,SR 24,safety,3700000,3030103,unfunded,construction-ready,91,auto,2025,6,35,true,false,true,false,lane-departure; rural; high-friction; systemic; safety
UNF-3558,T202767683 Millsboro Slope Stabilization — US 113 MP 11.0,"Embankment repair, drainage, and slope stabilization on US 113 near Millsboro after repeated washouts.",Sussex,US 113,resilience,6250000,4936654,unfunded,preliminary-design,29,auto,2029,1,10,false,false,true,false,slope; drainage; resilience; geotech
UNF-3559,T202267720 Dover Roundabout Conversion — SR 30,Convert a high-crash SR 30 intersection in Dover (MP 40.3) to a single-lane roundabout with pedestrian crossings.,Kent,SR 30,safety,6570000,6421329,unfunded,final-design,61,auto; pedestrian,2029,0,5,false,false,true,false,roundabout; intersection; safety; pedestrian
UNF-3560,T202367757 SR 14 Intersection Safety Package — Christiana FY26,"Systemic safety package at SR 14 MP 11.7 serving Christiana: signal upgrades, left-turn protection, lighting, and pedestrian intervals.",New Castle,SR 14,safety,12580000,10187039,unfunded,row,49,auto; pedestrian,2025,5,32,true,true,false,false,intersection; signal; safety; pedestrian; high-crash
UNF-3561,T202467794 Henlopen Acres Slope Stabilization — SR 92 MP 11.7,"Embankment repair, drainage, and slope stabilization on SR 92 near Henlopen Acres after repeated washouts.",Sussex,SR 92,resilience,5960000,4935519,partially-funded,planning,16,auto,2029,0,10,false,false,true,false,slope; drainage; resilience; geotech
UNF-3562,T202567831 SR 16 Intersection Safety Package — Felton Group B,"Systemic safety package at SR 16 MP 35.8 serving Felton: signal upgrades, left-turn protection, lighting, and pedestrian intervals.",Kent,SR 16,safety,2870000,2677723,unfunded,planning,11,auto; pedestrian,2027,0,2,false,false,false,false,intersection; signal; safety; pedestrian; high-crash
UNF-3563,T202667868 Frederica DART Stop and Access Improvements — SR 300,"Accessible pads, shelters, lighting, and sidewalk connections to DART stops on SR 300 in Frederica.",Kent,SR 300,transit,4640000,4058178,unfunded,planning,13,transit; pedestrian,2027,0,5,false,true,false,false,transit; equity; pedestrian; ada
UNF-3564,T202767905 DART Bus Fleet Replacement — New Castle Division,"Replace diesel buses with low- and no-emission transit buses and related equipment at the DART New Castle division, including depot charging.",New Castle,SR 300,transit,8800000,8143337,partially-funded,final-design,73,transit,2027,1,9,false,true,false,false,transit; bus-fleet; low-no; zero-emission; garage
UNF-3565,T202267942 Woodside Complete Streets — US 13 Town Center,"Lane reallocation, bicycle facilities, and pedestrian lighting on US 13 through Woodside town center (FY27).",Kent,US 13,complete-streets,3930000,3486023,unfunded,row,54,auto; pedestrian; bicycle,2028,3,20,true,true,false,true,complete-streets; bike-ped; equity; safety
UNF-3566,T202367979 Hockessin DART Stop and Access Improvements — SR 26,"Accessible pads, shelters, lighting, and sidewalk connections to DART stops on SR 26 in Hockessin.",New Castle,SR 26,transit,4660000,3933985,unfunded,row,38,transit; pedestrian,2027,1,15,true,true,false,true,transit; equity; pedestrian; ada
UNF-3567,T202468016 Clayton Adaptive Signal System — SR 72,"Adaptive signal control, detection, and communications along SR 72 MP 19.6 in Clayton.",Kent,SR 72,signals,7780000,7277854,unfunded,row,43,auto; transit,2029,0,11,false,false,false,false,signal; operations; congestion; safety
UNF-3568,T202568053 SR 4 Intersection Safety Package — Dover Group B,"Systemic safety package at SR 4 MP 23.2 serving Dover: signal upgrades, left-turn protection, lighting, and pedestrian intervals.",Kent,SR 4,safety,12750000,10216487,unfunded,preliminary-design,23,auto; pedestrian,2027,5,22,true,false,true,true,intersection; signal; safety; pedestrian; high-crash
UNF-3569,T202668090 Wyoming Sidewalk and Crossing Gap Closure — SR 72,"Fill sidewalk gaps and add high-visibility crossings along SR 72 MP 13.9 in Wyoming, with ADA curb ramps.",Kent,SR 72,bike-ped,2050000,1972019,partially-funded,planning,7,pedestrian; bicycle,2025,2,13,true,false,false,false,pedestrian; ada; crossing; vru
UNF-3570,T202768127 Elsmere Local Road Safety Plan,Data-driven local road safety plan for Elsmere identifying a high-injury network and proven countermeasures.,New Castle,SR 72,planning,890000,761923,unfunded,row,46,auto; pedestrian,2029,1,5,false,false,false,false,safety-plan; data-driven; planning
UNF-3571,T202268164 Harrington Sidewalk and Crossing Gap Closure — SR 404,"Fill sidewalk gaps and add high-visibility crossings along SR 404 MP 1.7 in Harrington, with ADA curb ramps.",Kent,SR 404,bike-ped,5040000,4571946,unfunded,preliminary-design,26,pedestrian; bicycle,2027,4,24,true,true,false,false,pedestrian; ada; crossing; vru
UNF-3572,T202368201 DART Bus Fleet Replacement — Slaughter Beach Division,"Replace diesel buses with low- and no-emission transit buses and related equipment at the DART Slaughter Beach division, including depot charging.",Sussex,SR 20,transit,24940000,20121890,unfunded,final-design,60,transit,2029,0,8,false,false,true,true,transit; bus-fleet; low-no; zero-emission; garage
UNF-3573,T202468238 Camden Community Charging Hub — SR 4,Public DC fast charging adjacent to SR 4 serving Camden residents without home charging.,Kent,SR 4,ev-charging,3070000,2873230,unfunded,final-design,68,auto,2027,0,10,false,true,false,true,ev; equity; community; charging
UNF-3574,T202568275 I-295 Pavement Rehab — Pike Creek Southbound,Mill and overlay of deteriorated I-295 lanes through Pike Creek (MP 1.9) to restore ride quality. Limited safety or equity components.,New Castle,I-295,pavement,13560000,11788027,unfunded,final-design,79,auto,2025,0,7,false,false,false,false,pavement; preservation; state-of-good-repair
UNF-3575,T202668312 SR 54 Bridge Preservation — Woodside Group A,"Deck overlay, joint replacement, and scour countermeasures on the SR 54 bridge near Woodside (MP 6.8).",Kent,SR 54,bridge,20240000,18969176,partially-funded,row,50,auto; freight,2027,1,14,false,false,true,false,bridge; preservation; state-of-good-repair
UNF-3576,T202768349 SR 8 Bridge Preservation — Camden-Wyoming FY26,"Deck overlay, joint replacement, and scour countermeasures on the SR 8 bridge near Camden-Wyoming (MP 17.2).",Kent,SR 8,bridge,16740000,16430121,partially-funded,row,45,auto; freight,2029,0,1,false,true,true,true,bridge; preservation; state-of-good-repair
UNF-3577,T202268386 Kirkwood Truck Route Geometric Improvements — US 113,Widen turning radii and upgrade shoulders for freight movements on US 113 MP 18.5 near Kirkwood.,New Castle,US 113,freight,15660000,12577316,unfunded,row,36,freight; auto,2026,0,12,false,false,true,false,freight; geometry; shoulders
UNF-3578,T202368423 Gumboro Sidewalk and Crossing Gap Closure — SR 14,"Fill sidewalk gaps and add high-visibility crossings along SR 14 MP 38.6 in Gumboro, with ADA curb ramps.",Sussex,SR 14,bike-ped,5550000,4876651,unfunded,row,47,pedestrian; bicycle,2026,2,15,true,false,false,false,pedestrian; ada; crossing; vru
UNF-3579,T202468460 Delaware City DART Stop and Access Improvements — SR 82,"Accessible pads, shelters, lighting, and sidewalk connections to DART stops on SR 82 in Delaware City.",New Castle,SR 82,transit,5720000,5558789,unfunded,planning,14,transit; pedestrian,2028,1,16,true,true,true,true,transit; equity; pedestrian; ada
UNF-3580,T202568497 SR 82 ITS Camera and Fiber — Rising Sun Northbound,"CCTV, fiber interconnect, and TMC integration on SR 82 MP 4.2 serving Rising Sun and Kent County operations.",Kent,SR 82,signals,3590000,3095797,unfunded,planning,15,auto,2029,1,6,false,false,true,false,its; operations; congestion; signal
UNF-3581,T202668534 Millville Slope Stabilization — SR 42 MP 24.0,"Embankment repair, drainage, and slope stabilization on SR 42 near Millville after repeated washouts.",Sussex,SR 42,resilience,5680000,5602390,unfunded,planning,12,auto,2028,0,13,false,false,true,false,slope; drainage; resilience; geotech
UNF-3582,T202768571 SR 18 ITS Camera and Fiber — Red Lion Group A,"CCTV, fiber interconnect, and TMC integration on SR 18 MP 29.4 serving Red Lion and New Castle County operations.",New Castle,SR 18,signals,3930000,3352852,unfunded,row,37,auto,2028,0,9,false,false,false,false,its; operations; congestion; signal
UNF-3583,T202268608 Wilmington Adaptive Signal System — SR 14,"Adaptive signal control, detection, and communications along SR 14 MP 36.3 in Wilmington.",New Castle,SR 14,signals,5260000,5018929,unfunded,planning,7,auto; transit,2028,1,11,false,false,false,true,signal; operations; congestion; safety
UNF-3584,T202368645 Glasgow Slope Stabilization — SR 92 MP 44.5,"Embankment repair, drainage, and slope stabilization on SR 92 near Glasgow after repeated washouts.",New Castle,SR 92,resilience,12180000,11958269,unfunded,final-design,67,auto,2029,0,0,false,false,false,true,slope; drainage; resilience; geotech
UNF-3585,T202468682 Frederica Community Charging Hub — SR 10,Public DC fast charging adjacent to SR 10 serving Frederica residents without home charging.,Kent,SR 10,ev-charging,800000,638016,unfunded,final-design,74,auto,2029,0,13,false,false,true,true,ev; equity; community; charging
UNF-3586,T202568719 SR 52 Bridge Preservation — Laurel Group A,"Deck overlay, joint replacement, and scour countermeasures on the SR 52 bridge near Laurel (MP 7.5).",Sussex,SR 52,bridge,28770000,22391826,partially-funded,row,49,auto; freight,2029,0,7,false,true,true,true,bridge; preservation; state-of-good-repair
UNF-3587,T202668756 Magnolia Complete Streets — US 202 Town Center,"Lane reallocation, bicycle facilities, and pedestrian lighting on US 202 through Magnolia town center (Phase 1).",Kent,US 202,complete-streets,6440000,6337078,unfunded,construction-ready,94,auto; pedestrian; bicycle,2029,1,9,false,true,false,true,complete-streets; bike-ped; equity; safety
UNF-3588,T202768793 SR 1 Concrete Pavement Restoration — Middletown,"Slab repair, diamond grinding, and joint resealing on SR 1 MP 20.8 in New Castle County near Middletown.",New Castle,SR 1,pavement,21930000,18523781,partially-funded,planning,16,auto,2025,0,0,false,false,false,false,pavement; concrete; preservation
UNF-3589,T202268830 Elsmere Truck Route Geometric Improvements — SR 58,Widen turning radii and upgrade shoulders for freight movements on SR 58 MP 34.1 near Elsmere.,New Castle,SR 58,freight,11440000,9850304,unfunded,construction-ready,98,freight; auto,2029,0,12,false,false,false,false,freight; geometry; shoulders
UNF-3590,T202368867 US 13 Bridge Culvert Replacement — Elsmere,Replace a deteriorated culvert on US 13 MP 36.3 near Elsmere to restore hydraulic capacity and legal loads.,New Castle,US 13,bridge,10230000,8385275,unfunded,preliminary-design,25,auto; freight,2029,0,10,false,true,true,false,bridge; culvert; scour; state-of-good-repair
UNF-3591,T202468904 Bowers Local Road Safety Plan,Data-driven local road safety plan for Bowers identifying a high-injury network and proven countermeasures.,Kent,SR 2,planning,790000,744278,unfunded,construction-ready,100,auto; pedestrian,2028,1,5,false,true,true,false,safety-plan; data-driven; planning
UNF-3592,T202568941 SR 7 Bridge Culvert Replacement — Smyrna,Replace a deteriorated culvert on SR 7 MP 22.9 near Smyrna to restore hydraulic capacity and legal loads.,Kent,SR 7,bridge,8200000,6636755,partially-funded,final-design,67,auto; freight,2026,0,6,false,true,true,false,bridge; culvert; scour; state-of-good-repair
UNF-3593,T202668978 Newport Complete Streets — SR 16 Town Center,"Lane reallocation, bicycle facilities, and pedestrian lighting on SR 16 through Newport town center (Northbound).",New Castle,SR 16,complete-streets,9110000,7606883,unfunded,row,39,auto; pedestrian; bicycle,2028,0,10,false,false,false,false,complete-streets; bike-ped; equity; safety
UNF-3594,T202769015 Bridgeville School Zone and Speed Management,"School-zone flashers, gateway treatments, and speed management on local streets feeding SR 36 in Bridgeville.",Sussex,SR 36,safety,3470000,2602773,unfunded,row,54,auto; pedestrian,2027,3,12,true,false,false,false,safety; school; speed-management; lighting
UNF-3595,T202269052 Rising Sun Adaptive Signal System — SR 71,"Adaptive signal control, detection, and communications along SR 71 MP 38.6 in Rising Sun.",Kent,SR 71,signals,4920000,4132832,partially-funded,preliminary-design,21,auto; transit,2026,1,12,false,false,true,false,signal; operations; congestion; safety
UNF-3596,T202369089 US 113 Lane Departure Countermeasures — Elsmere,"Rumble strips, high-friction surface treatment, and curve warning upgrades on US 113 MP 20.0 near Elsmere.",New Castle,US 113,safety,4210000,3952327,unfunded,planning,19,auto,2026,1,6,false,false,false,false,lane-departure; rural; high-friction; systemic; safety
UNF-3597,T202469126 SR 896 Drainage and Flood Mitigation — Edgemoor,Stormwater upgrades and roadway raising where SR 896 MP 10.3 floods near Edgemoor.,New Castle,SR 896,resilience,13820000,11703437,unfunded,construction-ready,88,auto,2029,0,8,false,true,false,false,flood; drainage; resilience
UNF-3598,T202569163 Bear Complete Streets — SR 273 Town Center,"Lane reallocation, bicycle facilities, and pedestrian lighting on SR 273 through Bear town center (Group A).",New Castle,SR 273,complete-streets,4860000,4013290,partially-funded,construction-ready,90,auto; pedestrian; bicycle,2028,0,5,false,false,false,false,complete-streets; bike-ped; equity; safety
UNF-3599,T202669200 US 301 Bridge Culvert Replacement — Claymont,Replace a deteriorated culvert on US 301 MP 11.3 near Claymont to restore hydraulic capacity and legal loads.,New Castle,US 301,bridge,3860000,3843257,unfunded,final-design,83,auto; freight,2029,1,15,true,true,false,false,bridge; culvert; scour; state-of-good-repair
UNF-3600,T202769237 New Castle Adaptive Signal System — SR 82,"Adaptive signal control, detection, and communications along SR 82 MP 41.6 in New Castle.",New Castle,SR 82,signals,3520000,2843838,unfunded,preliminary-design,22,auto; transit,2025,1,7,false,false,false,false,signal; operations; congestion; safety
UNF-3601,T202269274 Kenton School Zone and Speed Management,"School-zone flashers, gateway treatments, and speed management on local streets feeding SR 299 in Kenton.",Kent,SR 299,safety,3670000,3586291,unfunded,final-design,84,auto; pedestrian,2028,6,27,true,false,true,false,safety; school; speed-management; lighting
UNF-3602,T202369311 SR 52 Lane Departure Countermeasures — Bear,"Rumble strips, high-friction surface treatment, and curve warning upgrades on SR 52 MP 9.6 near Bear.",New Castle,SR 52,safety,8880000,7146933,unfunded,preliminary-design,26,auto,2026,2,16,true,true,false,false,lane-departure; rural; high-friction; systemic; safety
UNF-3603,T202469348 SR 26 Bridge Culvert Replacement — Glasgow,Replace a deteriorated culvert on SR 26 MP 33.0 near Glasgow to restore hydraulic capacity and legal loads.,New Castle,SR 26,bridge,10260000,8723603,unfunded,row,49,auto; freight,2027,0,8,false,false,true,false,bridge; culvert; scour; state-of-good-repair
UNF-3604,T202569385 Viola Local Road Safety Plan,Data-driven local road safety plan for Viola identifying a high-injury network and proven countermeasures.,Kent,US 40,planning,880000,874793,unfunded,final-design,70,auto; pedestrian,2025,1,17,true,true,false,false,safety-plan; data-driven; planning
UNF-3605,T202669422 Hockessin Slope Stabilization — SR 54 MP 41.9,"Embankment repair, drainage, and slope stabilization on SR 54 near Hockessin after repeated washouts.",New Castle,SR 54,resilience,5310000,4032815,unfunded,preliminary-design,33,auto,2025,0,10,false,true,true,false,slope; drainage; resilience; geotech
UNF-3606,T202769459 Leipsic Community Charging Hub — SR 8,Public DC fast charging adjacent to SR 8 serving Leipsic residents without home charging.,Kent,SR 8,ev-charging,3730000,3591231,unfunded,planning,19,auto,2025,0,2,false,false,true,false,ev; equity; community; charging
UNF-3607,T202269496 Bethel Local Road Safety Plan,Data-driven local road safety plan for Bethel identifying a high-injury network and proven countermeasures.,Sussex,SR 300,planning,470000,367832,unfunded,row,38,auto; pedestrian,2029,1,10,false,true,false,false,safety-plan; data-driven; planning
UNF-3608,T202369533 US 202 ITS Camera and Fiber — Cheswold Phase 1,"CCTV, fiber interconnect, and TMC integration on US 202 MP 2.0 serving Cheswold and Kent County operations.",Kent,US 202,signals,6870000,6525399,unfunded,row,53,auto,2025,0,5,false,true,true,false,its; operations; congestion; signal
UNF-3609,T202469570 SR 1 Bridge Preservation — Frankford Group B,"Deck overlay, joint replacement, and scour countermeasures on the SR 1 bridge near Frankford (MP 29.3).",Sussex,SR 1,bridge,29870000,25239166,partially-funded,construction-ready,95,auto; freight,2026,0,4,false,false,true,false,bridge; preservation; state-of-good-repair
UNF-3610,T202569607 SR 2 Bridge Preservation — Hartly Group A,"Deck overlay, joint replacement, and scour countermeasures on the SR 2 bridge near Hartly (MP 6.7).",Kent,SR 2,bridge,9700000,9179909,unfunded,planning,16,auto; freight,2026,1,13,false,true,true,false,bridge; preservation; state-of-good-repair
UNF-3611,T202669644 SR 92 Guardrail and End Treatment Upgrade — Camden,Replace outdated guardrail and end treatments on SR 92 MP 22.8 near Camden to current MASH standards.,Kent,SR 92,safety,3730000,3513848,unfunded,row,43,auto,2026,2,14,true,false,true,false,guardrail; safety; roadside; systemic
UNF-3612,T202769681 Edgemoor Slope Stabilization — DE 1 MP 16.2,"Embankment repair, drainage, and slope stabilization on DE 1 near Edgemoor after repeated washouts.",New Castle,DE 1,resilience,2660000,2152592,unfunded,preliminary-design,26,auto,2025,1,16,true,true,true,false,slope; drainage; resilience; geotech
UNF-3613,T202269718 Frankford Sidewalk and Crossing Gap Closure — I-295,"Fill sidewalk gaps and add high-visibility crossings along I-295 MP 40.3 in Frankford, with ADA curb ramps.",Sussex,I-295,bike-ped,1690000,1617470,unfunded,planning,16,pedestrian; bicycle,2025,1,5,false,false,true,false,pedestrian; ada; crossing; vru
UNF-3614,T202369755 SR 299 Bridge Culvert Replacement — St. Georges,Replace a deteriorated culvert on SR 299 MP 12.3 near St. Georges to restore hydraulic capacity and legal loads.,New Castle,SR 299,bridge,11920000,11733355,unfunded,row,36,auto; freight,2025,0,3,false,true,false,true,bridge; culvert; scour; state-of-good-repair
UNF-3615,T202469792 Frederica School Zone and Speed Management,"School-zone flashers, gateway treatments, and speed management on local streets feeding SR 10 in Frederica.",Kent,SR 10,safety,1920000,1454308,unfunded,row,59,auto; pedestrian,2028,3,13,true,false,false,true,safety; school; speed-management; lighting
UNF-3616,T202569829 Henlopen Acres Complete Streets — SR 10 Town Center,"Lane reallocation, bicycle facilities, and pedestrian lighting on SR 10 through Henlopen Acres town center (Group A).",Sussex,SR 10,complete-streets,10260000,8653116,partially-funded,row,58,auto; pedestrian; bicycle,2026,1,6,false,true,true,false,complete-streets; bike-ped; equity; safety
UNF-3617,T202669866 US 301 Concrete Pavement Restoration — Leipsic,"Slab repair, diamond grinding, and joint resealing on US 301 MP 13.6 in Kent County near Leipsic.",Kent,US 301,pavement,5220000,4163208,unfunded,construction-ready,85,auto,2028,1,10,false,false,true,true,pavement; concrete; preservation
UNF-3618,T202769903 Milford Local Road Safety Plan,Data-driven local road safety plan for Milford identifying a high-injury network and proven countermeasures.,Sussex,SR 30,planning,850000,849815,partially-funded,construction-ready,87,auto; pedestrian,2025,0,6,false,false,true,false,safety-plan; data-driven; planning
UNF-3619,T202269940 SR 30 Pavement Rehab — Dover FY27,Mill and overlay of deteriorated SR 30 lanes through Dover (MP 15.7) to restore ride quality. Limited safety or equity components.,Kent,SR 30,pavement,9870000,9498930,unfunded,final-design,72,auto,2028,0,5,false,true,false,false,pavement; preservation; state-of-good-repair
UNF-3620,T202369977 SR 1 ITS Camera and Fiber — Bethany Beach Southbound,"CCTV, fiber interconnect, and TMC integration on SR 1 MP 37.9 serving Bethany Beach and Sussex County operations.",Sussex,SR 1,signals,2100000,1921276,unfunded,planning,6,auto,2029,1,5,false,true,true,false,its; operations; congestion; signal
UNF-3621,T202470014 Rehoboth Beach School Zone and Speed Management,"School-zone flashers, gateway treatments, and speed management on local streets feeding US 202 in Rehoboth Beach.",Sussex,US 202,safety,1790000,1415471,unfunded,preliminary-design,22,auto; pedestrian,2026,3,24,true,true,true,false,safety; school; speed-management; lighting
UNF-3622,T202570051 SR 10 Drainage and Flood Mitigation — Dagsboro,Stormwater upgrades and roadway raising where SR 10 MP 23.2 floods near Dagsboro.,Sussex,SR 10,resilience,27470000,25152397,unfunded,preliminary-design,26,auto,2026,0,9,false,false,true,false,flood; drainage; resilience
UNF-3623,T202670088 Bear Truck Route Geometric Improvements — US 301,Widen turning radii and upgrade shoulders for freight movements on US 301 MP 9.4 near Bear.,New Castle,US 301,freight,15960000,14937140,partially-funded,row,48,freight; auto,2026,1,14,false,false,false,true,freight; geometry; shoulders
UNF-3624,T202770125 SR 8 Pavement Rehab — Greenville Phase 2,Mill and overlay of deteriorated SR 8 lanes through Greenville (MP 20.4) to restore ride quality. Limited safety or equity components.,New Castle,SR 8,pavement,9450000,8190955,unfunded,final-design,60,auto,2026,0,6,false,false,false,false,pavement; preservation; state-of-good-repair
UNF-3625,T202270162 SR 273 Drainage and Flood Mitigation — Bear,Stormwater upgrades and roadway raising where SR 273 MP 21.7 floods near Bear.,New Castle,SR 273,resilience,9320000,7373684,unfunded,row,56,auto,2028,0,13,false,true,true,false,flood; drainage; resilience
UNF-3626,T202370199 Kenton Adaptive Signal System — SR 300,"Adaptive signal control, detection, and communications along SR 300 MP 24.9 in Kenton.",Kent,SR 300,signals,5840000,4890648,unfunded,construction-ready,87,auto; transit,2025,0,2,false,true,false,false,signal; operations; congestion; safety
UNF-3627,T202470236 Rising Sun Slope Stabilization — SR 141 MP 27.2,"Embankment repair, drainage, and slope stabilization on SR 141 near Rising Sun after repeated washouts.",Kent,SR 141,resilience,13070000,10080081,unfunded,construction-ready,87,auto,2029,1,13,false,true,true,false,slope; drainage; resilience; geotech
UNF-3628,T202570273 Middletown Adaptive Signal System — SR 4,"Adaptive signal control, detection, and communications along SR 4 MP 38.0 in Middletown.",New Castle,SR 4,signals,8560000,7934077,unfunded,preliminary-design,29,auto; transit,2025,1,8,false,true,false,false,signal; operations; congestion; safety
UNF-3629,T202670310 SR 16 Drainage and Flood Mitigation — Camden,Stormwater upgrades and roadway raising where SR 16 MP 29.5 floods near Camden.,Kent,SR 16,resilience,6610000,6314850,unfunded,row,36,auto,2026,0,3,false,false,true,false,flood; drainage; resilience
UNF-3630,T202770347 Odessa Complete Streets — SR 54 Town Center,"Lane reallocation, bicycle facilities, and pedestrian lighting on SR 54 through Odessa town center (Group A).",New Castle,SR 54,complete-streets,7590000,6836479,unfunded,row,49,auto; pedestrian; bicycle,2027,2,11,true,true,true,false,complete-streets; bike-ped; equity; safety
UNF-3631,T202270384 Little Creek Community Charging Hub — SR 2,Public DC fast charging adjacent to SR 2 serving Little Creek residents without home charging.,Kent,SR 2,ev-charging,1580000,1479002,unfunded,row,50,auto,2025,0,9,false,false,true,false,ev; equity; community; charging
UNF-3632,T202370421 Odessa Slope Stabilization — SR 2 MP 20.5,"Embankment repair, drainage, and slope stabilization on SR 2 near Odessa after repeated washouts.",New Castle,SR 2,resilience,7430000,6126787,unfunded,planning,16,auto,2026,1,6,false,true,false,false,slope; drainage; resilience; geotech
UNF-3633,T202470458 Ocean View Sidewalk and Crossing Gap Closure — SR 273,"Fill sidewalk gaps and add high-visibility crossings along SR 273 MP 35.3 in Ocean View, with ADA curb ramps.",Sussex,SR 273,bike-ped,5540000,4276446,unfunded,row,51,pedestrian; bicycle,2029,0,10,false,true,false,false,pedestrian; ada; crossing; vru
UNF-3634,T202570495 Slaughter Beach Slope Stabilization — SR 7 MP 26.8,"Embankment repair, drainage, and slope stabilization on SR 7 near Slaughter Beach after repeated washouts.",Sussex,SR 7,resilience,10130000,8606746,partially-funded,row,58,auto,2025,1,9,false,false,true,false,slope; drainage; resilience; geotech
UNF-3635,T202670532 US 40 Pavement Rehab — Milton Group A,Mill and overlay of deteriorated US 40 lanes through Milton (MP 25.0) to restore ride quality. Limited safety or equity components.,Sussex,US 40,pavement,15930000,15297018,unfunded,final-design,79,auto,2028,0,12,false,true,true,false,pavement; preservation; state-of-good-repair
UNF-3636,T202770569 Hockessin DART Stop and Access Improvements — SR 18,"Accessible pads, shelters, lighting, and sidewalk connections to DART stops on SR 18 in Hockessin.",New Castle,SR 18,transit,4360000,4187837,partially-funded,row,54,transit; pedestrian,2027,0,11,false,false,false,true,transit; equity; pedestrian; ada
UNF-3637,T202270606 Lewes DART Stop and Access Improvements — SR 71,"Accessible pads, shelters, lighting, and sidewalk connections to DART stops on SR 71 in Lewes.",Sussex,SR 71,transit,4510000,3390588,unfunded,planning,5,transit; pedestrian,2026,1,12,false,false,false,false,transit; equity; pedestrian; ada
UNF-3638,T202370643 US 113 Intersection Safety Package — Magnolia Southbound,"Systemic safety package at US 113 MP 2.1 serving Magnolia: signal upgrades, left-turn protection, lighting, and pedestrian intervals.",Kent,US 113,safety,4960000,3979232,unfunded,preliminary-design,25,auto; pedestrian,2026,1,5,false,true,true,true,intersection; signal; safety; pedestrian; high-crash
UNF-3639,T202470680 SR 24 Pavement Rehab — Little Creek Phase 1,Mill and overlay of deteriorated SR 24 lanes through Little Creek (MP 16.2) to restore ride quality. Limited safety or equity components.,Kent,SR 24,pavement,16220000,13257064,partially-funded,final-design,84,auto,2026,0,0,false,true,true,true,pavement; preservation; state-of-good-repair
UNF-3640,T202570717 SR 26 Drainage and Flood Mitigation — Millsboro,Stormwater upgrades and roadway raising where SR 26 MP 17.7 floods near Millsboro.,Sussex,SR 26,resilience,26540000,20557439,unfunded,construction-ready,98,auto,2029,0,8,false,false,true,false,flood; drainage; resilience
UNF-3641,T202670754 US 13 Intersection Safety Package — Gumboro Northbound,"Systemic safety package at US 13 MP 32.6 serving Gumboro: signal upgrades, left-turn protection, lighting, and pedestrian intervals.",Sussex,US 13,safety,15850000,13514133,unfunded,preliminary-design,25,auto; pedestrian,2029,6,28,true,true,true,false,intersection; signal; safety; pedestrian; high-crash
UNF-3642,T202770791 Houston School Zone and Speed Management,"School-zone flashers, gateway treatments, and speed management on local streets feeding SR 58 in Houston.",Kent,SR 58,safety,3080000,2435065,unfunded,final-design,81,auto; pedestrian,2026,5,20,true,true,true,true,safety; school; speed-management; lighting
UNF-3643,T202270828 SR 92 Bridge Culvert Replacement — Little Creek,Replace a deteriorated culvert on SR 92 MP 4.5 near Little Creek to restore hydraulic capacity and legal loads.,Kent,SR 92,bridge,3050000,2867652,unfunded,planning,6,auto; freight,2027,1,5,false,false,true,false,bridge; culvert; scour; state-of-good-repair
UNF-3644,T202370865 Magnolia DART Stop and Access Improvements — SR 299,"Accessible pads, shelters, lighting, and sidewalk connections to DART stops on SR 299 in Magnolia.",Kent,SR 299,transit,5220000,4029045,unfunded,planning,13,transit; pedestrian,2027,1,15,true,true,true,true,transit; equity; pedestrian; ada
UNF-3645,T202470902 Greenwood Local Road Safety Plan,Data-driven local road safety plan for Greenwood identifying a high-injury network and proven countermeasures.,Sussex,I-495,planning,960000,853417,partially-funded,row,38,auto; pedestrian,2028,1,10,false,false,true,true,safety-plan; data-driven; planning
UNF-3646,T202570939 SR 58 Intersection Safety Package — Houston FY26,"Systemic safety package at SR 58 MP 27.6 serving Houston: signal upgrades, left-turn protection, lighting, and pedestrian intervals.",Kent,SR 58,safety,11430000,11324989,unfunded,final-design,71,auto; pedestrian,2028,3,16,true,false,true,false,intersection; signal; safety; pedestrian; high-crash
UNF-3647,T202670976 Seaford Truck Route Geometric Improvements — SR 71,Widen turning radii and upgrade shoulders for freight movements on SR 71 MP 21.3 near Seaford.,Sussex,SR 71,freight,14290000,10977064,partially-funded,construction-ready,92,freight; auto,2028,0,9,false,true,true,false,freight; geometry; shoulders
UNF-3648,T202771013 Elsmere DART Stop and Access Improvements — SR 82,"Accessible pads, shelters, lighting, and sidewalk connections to DART stops on SR 82 in Elsmere.",New Castle,SR 82,transit,3840000,3497357,unfunded,row,45,transit; pedestrian,2025,1,16,true,false,false,false,transit; equity; pedestrian; ada
UNF-3649,T202271050 SR 58 Drainage and Flood Mitigation — Laurel,Stormwater upgrades and roadway raising where SR 58 MP 3.3 floods near Laurel.,Sussex,SR 58,resilience,7950000,7876086,partially-funded,row,49,auto,2027,0,6,false,true,true,false,flood; drainage; resilience
UNF-3650,T202371087 Wilmington Complete Streets — I-295 Town Center,"Lane reallocation, bicycle facilities, and pedestrian lighting on I-295 through Wilmington town center (FY26).",New Castle,I-295,complete-streets,11520000,9598103,partially-funded,preliminary-design,33,auto; pedestrian; bicycle,2025,2,19,true,false,false,false,complete-streets; bike-ped; equity; safety
UNF-3651,T202471124 SR 9 Lane Departure Countermeasures — Red Lion,"Rumble strips, high-friction surface treatment, and curve warning upgrades on SR 9 MP 40.0 near Red Lion.",New Castle,SR 9,safety,6550000,5475162,unfunded,construction-ready,98,auto,2029,1,12,false,false,false,true,lane-departure; rural; high-friction; systemic; safety
UNF-3652,T202571161 Arden Complete Streets — SR 404 Town Center,"Lane reallocation, bicycle facilities, and pedestrian lighting on SR 404 through Arden town center (FY27).",New Castle,SR 404,complete-streets,16370000,13972731,unfunded,preliminary-design,20,auto; pedestrian; bicycle,2028,5,20,true,false,true,false,complete-streets; bike-ped; equity; safety
UNF-3653,T202671198 DART Bus Maintenance Facility Rehab — Christiana,"Rehabilitate the DART bus maintenance garage in Christiana, including lifts, bus wash, and charging/fueling for the transit fleet.",New Castle,SR 16,transit,20200000,19754764,partially-funded,preliminary-design,24,transit,2028,0,11,false,true,false,false,transit; bus-fleet; garage; facility; low-no
UNF-3654,T202771235 Pike Creek School Zone and Speed Management,"School-zone flashers, gateway treatments, and speed management on local streets feeding US 301 in Pike Creek.",New Castle,US 301,safety,1340000,1077228,unfunded,row,51,auto; pedestrian,2027,2,18,true,false,false,false,safety; school; speed-management; lighting
UNF-3655,T202271272 US 40 Bridge Preservation — Lincoln FY27,"Deck overlay, joint replacement, and scour countermeasures on the US 40 bridge near Lincoln (MP 30.2).",Sussex,US 40,bridge,9340000,7970498,unfunded,preliminary-design,20,auto; freight,2028,1,13,false,true,true,false,bridge; preservation; state-of-good-repair
UNF-3656,T202371309 Woodside Sidewalk and Crossing Gap Closure — DE 1,"Fill sidewalk gaps and add high-visibility crossings along DE 1 MP 9.6 in Woodside, with ADA curb ramps.",Kent,DE 1,bike-ped,3980000,3173970,unfunded,construction-ready,98,pedestrian; bicycle,2027,5,23,true,true,false,false,pedestrian; ada; crossing; vru
UNF-3657,T202471346 I-295 Concrete Pavement Restoration — Clayton,"Slab repair, diamond grinding, and joint resealing on I-295 MP 43.3 in Kent County near Clayton.",Kent,I-295,pavement,9640000,8780550,partially-funded,planning,12,auto,2028,1,14,false,false,true,true,pavement; concrete; preservation
UNF-3658,T202571383 SR 54 ITS Camera and Fiber — Laurel Phase 1,"CCTV, fiber interconnect, and TMC integration on SR 54 MP 41.2 serving Laurel and Sussex County operations.",Sussex,SR 54,signals,4950000,4016469,unfunded,planning,17,auto,2028,0,4,false,false,true,true,its; operations; congestion; signal
UNF-3659,T202671420 I-495 Pavement Rehab — Little Creek Southbound,Mill and overlay of deteriorated I-495 lanes through Little Creek (MP 20.0) to restore ride quality. Limited safety or equity components.,Kent,I-495,pavement,5780000,5258097,unfunded,preliminary-design,20,auto,2026,0,4,false,true,true,false,pavement; preservation; state-of-good-repair
UNF-3660,T202771457 Wyoming Sidewalk and Crossing Gap Closure — SR 92,"Fill sidewalk gaps and add high-visibility crossings along SR 92 MP 35.5 in Wyoming, with ADA curb ramps.",Kent,SR 92,bike-ped,5840000,4599671,unfunded,final-design,73,pedestrian; bicycle,2025,1,6,false,false,false,true,pedestrian; ada; crossing; vru
UNF-3661,T202271494 US 13 Bridge Culvert Replacement — Dewey Beach,Replace a deteriorated culvert on US 13 MP 12.4 near Dewey Beach to restore hydraulic capacity and legal loads.,Sussex,US 13,bridge,7930000,7110279,unfunded,final-design,61,auto; freight,2028,0,11,false,true,true,false,bridge; culvert; scour; state-of-good-repair
UNF-3662,T202371531 Kent County Freight and Multimodal Plan Update,"Update the Kent County freight and multimodal plan, including bottleneck screening on SR 300 and equity analysis.",Kent,SR 300,planning,1050000,837117,unfunded,construction-ready,90,auto; freight; transit,2028,1,8,false,false,false,false,planning; freight; multimodal; data-driven
UNF-3663,T202471568 SR 52 Drainage and Flood Mitigation — Camden,Stormwater upgrades and roadway raising where SR 52 MP 27.9 floods near Camden.,Kent,SR 52,resilience,12330000,10362405,unfunded,planning,9,auto,2025,1,16,true,false,true,false,flood; drainage; resilience
UNF-3664,T202571605 SR 18 Freight Bottleneck Relief — Camden,"Intersection capacity, turning-radius, and signal timing improvements for industrial freight on SR 18 MP 5.3 in Camden.",Kent,SR 18,freight,10540000,10157833,unfunded,planning,18,freight; auto,2027,0,1,false,false,true,false,freight; bottleneck; signal; reliability
UNF-3665,T202671642 Hartly Truck Route Geometric Improvements — SR 9,Widen turning radii and upgrade shoulders for freight movements on SR 9 MP 6.2 near Hartly.,Kent,SR 9,freight,4830000,4708260,unfunded,planning,7,freight; auto,2025,0,3,false,true,true,false,freight; geometry; shoulders
UNF-3666,T202771679 SR 20 Pavement Rehab — Christiana Phase 2,Mill and overlay of deteriorated SR 20 lanes through Christiana (MP 2.1) to restore ride quality. Limited safety or equity components.,New Castle,SR 20,pavement,3400000,2860101,unfunded,row,53,auto,2026,1,10,false,true,false,false,pavement; preservation; state-of-good-repair
UNF-3667,T202271716 Viola Shared-Use Path — SR 7 Southbound,Construct a shared-use path parallel to SR 7 MP 28.4 connecting neighborhoods and schools in Viola.,Kent,SR 7,bike-ped,10280000,8772617,unfunded,final-design,77,pedestrian; bicycle,2028,2,11,true,false,false,true,bicycle; pedestrian; trail; vru
UNF-3668,T202371753 New Castle Truck Route Geometric Improvements — SR 71,Widen turning radii and upgrade shoulders for freight movements on SR 71 MP 14.1 near New Castle.,New Castle,SR 71,freight,10620000,9784654,partially-funded,preliminary-design,22,freight; auto,2028,1,5,false,false,false,false,freight; geometry; shoulders
UNF-3669,T202471790 SR 202 Drainage and Flood Mitigation — Henlopen Acres,Stormwater upgrades and roadway raising where SR 202 MP 11.0 floods near Henlopen Acres.,Sussex,SR 202,resilience,25280000,21280792,partially-funded,final-design,60,auto,2027,1,13,false,false,false,false,flood; drainage; resilience
UNF-3670,T202571827 SR 2 Lane Departure Countermeasures — Dewey Beach,"Rumble strips, high-friction surface treatment, and curve warning upgrades on SR 2 MP 27.3 near Dewey Beach.",Sussex,SR 2,safety,4040000,3382590,unfunded,preliminary-design,21,auto,2025,5,28,true,true,true,true,lane-departure; rural; high-friction; systemic; safety
UNF-3671,T202671864 SR 24 Guardrail and End Treatment Upgrade — Frankford,Replace outdated guardrail and end treatments on SR 24 MP 13.2 near Frankford to current MASH standards.,Sussex,SR 24,safety,3240000,3120436,unfunded,construction-ready,97,auto,2025,1,4,false,false,true,false,guardrail; safety; roadside; systemic
UNF-3672,T202771901 Edgemoor DART Stop and Access Improvements — SR 36,"Accessible pads, shelters, lighting, and sidewalk connections to DART stops on SR 36 in Edgemoor.",New Castle,SR 36,transit,6180000,5518960,unfunded,row,47,transit; pedestrian,2025,1,15,true,false,false,false,transit; equity; pedestrian; ada
UNF-3673,T202271938 SR 18 Lane Departure Countermeasures — Middletown,"Rumble strips, high-friction surface treatment, and curve warning upgrades on SR 18 MP 31.0 near Middletown.",New Castle,SR 18,safety,8900000,8163421,unfunded,preliminary-design,31,auto,2025,3,20,true,true,false,false,lane-departure; rural; high-friction; systemic; safety
UNF-3674,T202371975 SR 896 Bridge Preservation — Wyoming FY27,"Deck overlay, joint replacement, and scour countermeasures on the SR 896 bridge near Wyoming (MP 36.5).",Kent,SR 896,bridge,34280000,31601147,unfunded,row,41,auto; freight,2029,1,7,false,true,false,false,bridge; preservation; state-of-good-repair
UNF-3675,T202472012 SR 2 Bridge Culvert Replacement — Red Lion,Replace a deteriorated culvert on SR 2 MP 32.1 near Red Lion to restore hydraulic capacity and legal loads.,New Castle,SR 2,bridge,9600000,7693149,partially-funded,final-design,67,auto; freight,2027,1,14,false,true,false,false,bridge; culvert; scour; state-of-good-repair
UNF-3676,T202572049 SR 72 Freight Bottleneck Relief — Harrington,"Intersection capacity, turning-radius, and signal timing improvements for industrial freight on SR 72 MP 36.9 in Harrington.",Kent,SR 72,freight,8890000,6855529,unfunded,row,39,freight; auto,2028,0,9,false,false,true,true,freight; bottleneck; signal; reliability
UNF-3677,T202672086 Bethany Beach Sidewalk and Crossing Gap Closure — SR 42,"Fill sidewalk gaps and add high-visibility crossings along SR 42 MP 34.4 in Bethany Beach, with ADA curb ramps.",Sussex,SR 42,bike-ped,5020000,4690949,unfunded,row,43,pedestrian; bicycle,2027,4,17,true,false,true,false,pedestrian; ada; crossing; vru
UNF-3678,T202772123 DART Bus Maintenance Facility Rehab — Elsmere,"Rehabilitate the DART bus maintenance garage in Elsmere, including lifts, bus wash, and charging/fueling for the transit fleet.",New Castle,US 13,transit,18570000,17386420,unfunded,construction-ready,93,transit,2028,1,4,false,true,false,false,transit; bus-fleet; garage; facility; low-no
UNF-3679,T202272160 SR 8 Bridge Preservation — Camden FY26,"Deck overlay, joint replacement, and scour countermeasures on the SR 8 bridge near Camden (MP 23.8).",Kent,SR 8,bridge,14540000,12258398,unfunded,preliminary-design,34,auto; freight,2027,1,6,false,false,true,true,bridge; preservation; state-of-good-repair
UNF-3680,T202372197 Arden Adaptive Signal System — SR 141,"Adaptive signal control, detection, and communications along SR 141 MP 11.9 in Arden.",New Castle,SR 141,signals,6370000,5568194,partially-funded,final-design,66,auto; transit,2025,1,13,false,false,false,true,signal; operations; congestion; safety
UNF-3681,T202472234 I-495 Bridge Preservation — Christiana Group A,"Deck overlay, joint replacement, and scour countermeasures on the I-495 bridge near Christiana (MP 26.9).",New Castle,I-495,bridge,13880000,13253894,partially-funded,final-design,61,auto; freight,2029,0,0,false,false,true,false,bridge; preservation; state-of-good-repair
UNF-3682,T202572271 Kenton Sidewalk and Crossing Gap Closure — I-295,"Fill sidewalk gaps and add high-visibility crossings along I-295 MP 9.2 in Kenton, with ADA curb ramps.",Kent,I-295,bike-ped,5020000,4189548,unfunded,row,51,pedestrian; bicycle,2025,1,10,false,false,false,false,pedestrian; ada; crossing; vru
UNF-3683,T202672308 SR 58 Lane Departure Countermeasures — Bethel,"Rumble strips, high-friction surface treatment, and curve warning upgrades on SR 58 MP 7.8 near Bethel.",Sussex,SR 58,safety,8280000,7719446,unfunded,final-design,79,auto,2026,6,27,true,false,false,false,lane-departure; rural; high-friction; systemic; safety
UNF-3684,T202772345 SR 10 ITS Camera and Fiber — Rising Sun Group A,"CCTV, fiber interconnect, and TMC integration on SR 10 MP 26.4 serving Rising Sun and Kent County operations.",Kent,SR 10,signals,6110000,5063715,unfunded,planning,11,auto,2025,0,12,false,true,true,false,its; operations; congestion; signal
UNF-3685,T202272382 Townsend Sidewalk and Crossing Gap Closure — SR 299,"Fill sidewalk gaps and add high-visibility crossings along SR 299 MP 27.1 in Townsend, with ADA curb ramps.",New Castle,SR 299,bike-ped,4170000,3681578,unfunded,preliminary-design,34,pedestrian; bicycle,2027,4,20,true,false,false,false,pedestrian; ada; crossing; vru
UNF-3686,T202372419 Kenton Slope Stabilization — I-95 MP 26.6,"Embankment repair, drainage, and slope stabilization on I-95 near Kenton after repeated washouts.",Kent,I-95,resilience,3810000,3726873,partially-funded,row,48,auto,2026,1,5,false,true,true,false,slope; drainage; resilience; geotech
UNF-3687,T202472456 SR 54 Lane Departure Countermeasures — Fenwick Island,"Rumble strips, high-friction surface treatment, and curve warning upgrades on SR 54 MP 29.1 near Fenwick Island.",Sussex,SR 54,safety,4620000,4171746,unfunded,planning,19,auto,2026,0,10,false,true,false,true,lane-departure; rural; high-friction; systemic; safety
UNF-3688,T202572493 US 301 Intersection Safety Package — Hockessin Southbound,"Systemic safety package at US 301 MP 42.3 serving Hockessin: signal upgrades, left-turn protection, lighting, and pedestrian intervals.",New Castle,US 301,safety,12120000,11076161,unfunded,row,52,auto; pedestrian,2025,4,22,true,false,false,false,intersection; signal; safety; pedestrian; high-crash
UNF-3689,T202672530 SR 48 Lane Departure Countermeasures — Kirkwood,"Rumble strips, high-friction surface treatment, and curve warning upgrades on SR 48 MP 30.5 near Kirkwood.",New Castle,SR 48,safety,2300000,2184589,unfunded,preliminary-design,21,auto,2025,3,22,true,false,false,true,lane-departure; rural; high-friction; systemic; safety
UNF-3690,T202772567 SR 404 Freight Bottleneck Relief — Frankford,"Intersection capacity, turning-radius, and signal timing improvements for industrial freight on SR 404 MP 28.4 in Frankford.",Sussex,SR 404,freight,19780000,17626037,unfunded,final-design,72,freight; auto,2025,1,13,false,false,true,true,freight; bottleneck; signal; reliability
UNF-3691,T202272604 SR 300 Pavement Rehab — Frederica Northbound,Mill and overlay of deteriorated SR 300 lanes through Frederica (MP 43.4) to restore ride quality. Limited safety or equity components.,Kent,SR 300,pavement,13970000,12268202,unfunded,row,43,auto,2029,0,11,false,false,false,false,pavement; preservation; state-of-good-repair
UNF-3692,T202372641 Townsend DART Stop and Access Improvements — SR 273,"Accessible pads, shelters, lighting, and sidewalk connections to DART stops on SR 273 in Townsend.",New Castle,SR 273,transit,6380000,5945141,partially-funded,planning,16,transit; pedestrian,2029,1,5,false,false,false,false,transit; equity; pedestrian; ada
UNF-3693,T202472678 SR 58 Drainage and Flood Mitigation — Greenville,Stormwater upgrades and roadway raising where SR 58 MP 29.1 floods near Greenville.,New Castle,SR 58,resilience,30540000,23438661,unfunded,row,48,auto,2026,0,11,false,true,false,false,flood; drainage; resilience
UNF-3694,T202572715 SR 36 Intersection Safety Package — Newport Group B,"Systemic safety package at SR 36 MP 15.7 serving Newport: signal upgrades, left-turn protection, lighting, and pedestrian intervals.",New Castle,SR 36,safety,9590000,7979096,unfunded,construction-ready,94,auto; pedestrian,2028,3,15,true,false,false,false,intersection; signal; safety; pedestrian; high-crash
UNF-3695,T202672752 SR 26 Pavement Rehab — Bear FY26,Mill and overlay of deteriorated SR 26 lanes through Bear (MP 2.0) to restore ride quality. Limited safety or equity components.,New Castle,SR 26,pavement,9050000,7104141,unfunded,final-design,79,auto,2025,0,1,false,false,false,true,pavement; preservation; state-of-good-repair
UNF-3696,T202772789 Millsboro DART Stop and Access Improvements — SR 8,"Accessible pads, shelters, lighting, and sidewalk connections to DART stops on SR 8 in Millsboro.",Sussex,SR 8,transit,2960000,2563766,partially-funded,final-design,75,transit; pedestrian,2027,1,10,false,false,false,false,transit; equity; pedestrian; ada
UNF-3697,T202272826 SR 58 Bridge Preservation — Claymont Phase 1,"Deck overlay, joint replacement, and scour countermeasures on the SR 58 bridge near Claymont (MP 3.4).",New Castle,SR 58,bridge,24300000,19221200,unfunded,preliminary-design,22,auto; freight,2028,1,14,false,true,false,false,bridge; preservation; state-of-good-repair
UNF-3698,T202372863 SR 16 Pavement Rehab — Camden-Wyoming Phase 2,Mill and overlay of deteriorated SR 16 lanes through Camden-Wyoming (MP 7.8) to restore ride quality. Limited safety or equity components.,Kent,SR 16,pavement,14370000,12517705,unfunded,planning,9,auto,2029,0,1,false,true,true,false,pavement; preservation; state-of-good-repair
UNF-3699,T202472900 US 13 Pavement Rehab — Bridgeville Northbound,Mill and overlay of deteriorated US 13 lanes through Bridgeville (MP 12.8) to restore ride quality. Limited safety or equity components.,Sussex,US 13,pavement,20610000,17478077,unfunded,row,50,auto,2025,1,17,true,false,true,false,pavement; preservation; state-of-good-repair
UNF-3700,T202572937 Clayton DART Stop and Access Improvements — SR 10,"Accessible pads, shelters, lighting, and sidewalk connections to DART stops on SR 10 in Clayton.",Kent,SR 10,transit,5630000,4665393,unfunded,row,55,transit; pedestrian,2025,0,4,false,true,false,false,transit; equity; pedestrian; ada
UNF-3701,T202672974 I-495 Lane Departure Countermeasures — Frankford,"Rumble strips, high-friction surface treatment, and curve warning upgrades on I-495 MP 40.1 near Frankford.",Sussex,I-495,safety,3740000,3413818,unfunded,planning,16,auto,2025,2,9,true,true,true,false,lane-departure; rural; high-friction; systemic; safety
UNF-3702,T202773011 SR 2 Intersection Safety Package — Houston Group B,"Systemic safety package at SR 2 MP 18.6 serving Houston: signal upgrades, left-turn protection, lighting, and pedestrian intervals.",Kent,SR 2,safety,10080000,10041710,unfunded,preliminary-design,28,auto; pedestrian,2027,3,14,true,false,true,true,intersection; signal; safety; pedestrian; high-crash
UNF-3703,T202273048 SR 299 Bridge Preservation — Stanton Group A,"Deck overlay, joint replacement, and scour countermeasures on the SR 299 bridge near Stanton (MP 40.6).",New Castle,SR 299,bridge,14940000,12409207,unfunded,final-design,79,auto; freight,2029,1,12,false,true,false,true,bridge; preservation; state-of-good-repair
UNF-3704,T202373085 SR 10 Bridge Preservation — Selbyville Phase 1,"Deck overlay, joint replacement, and scour countermeasures on the SR 10 bridge near Selbyville (MP 9.4).",Sussex,SR 10,bridge,25870000,25372162,unfunded,row,37,auto; freight,2027,1,14,false,false,true,true,bridge; preservation; state-of-good-repair
UNF-3705,T202473122 SR 36 Intersection Safety Package — Bellefonte Group B,"Systemic safety package at SR 36 MP 6.6 serving Bellefonte: signal upgrades, left-turn protection, lighting, and pedestrian intervals.",New Castle,SR 36,safety,8870000,8628356,unfunded,planning,18,auto; pedestrian,2025,6,32,true,false,true,true,intersection; signal; safety; pedestrian; high-crash
UNF-3706,T202573159 SR 9 Lane Departure Countermeasures — St. Georges,"Rumble strips, high-friction surface treatment, and curve warning upgrades on SR 9 MP 2.4 near St. Georges.",New Castle,SR 9,safety,7090000,6326761,unfunded,final-design,78,auto,2027,0,13,false,false,false,false,lane-departure; rural; high-friction; systemic; safety
UNF-3707,T202673196 SR 42 Bridge Culvert Replacement — Harrington,Replace a deteriorated culvert on SR 42 MP 21.3 near Harrington to restore hydraulic capacity and legal loads.,Kent,SR 42,bridge,1970000,1687126,unfunded,final-design,78,auto; freight,2027,1,13,false,true,false,false,bridge; culvert; scour; state-of-good-repair
UNF-3708,T202773233 SR 58 Concrete Pavement Restoration — Newport,"Slab repair, diamond grinding, and joint resealing on SR 58 MP 31.0 in New Castle County near Newport.",New Castle,SR 58,pavement,23460000,20979290,partially-funded,final-design,67,auto,2026,1,15,true,true,false,false,pavement; concrete; preservation
UNF-3709,T202273270 Arden Road Diet and Downtown Safety — SR 4,"Road diet, on-street parking reconfiguration, ADA ramps, and pedestrian lighting in Arden along SR 4.",New Castle,SR 4,complete-streets,5200000,4704790,unfunded,final-design,82,auto; pedestrian; bicycle,2029,1,6,false,true,true,true,road-diet; ada; downtown; complete-streets; safety
UNF-3710,T202373307 SR 10 Bridge Preservation — Wyoming Phase 1,"Deck overlay, joint replacement, and scour countermeasures on the SR 10 bridge near Wyoming (MP 24.7).",Kent,SR 10,bridge,9260000,8052531,unfunded,construction-ready,91,auto; freight,2025,0,6,false,false,false,false,bridge; preservation; state-of-good-repair
UNF-3711,T202473344 SR 30 Pavement Rehab — Milford Southbound,Mill and overlay of deteriorated SR 30 lanes through Milford (MP 1.0) to restore ride quality. Limited safety or equity components.,Kent,SR 30,pavement,17450000,14703812,unfunded,row,41,auto,2027,0,1,false,true,true,false,pavement; preservation; state-of-good-repair
UNF-3712,T202573381 I-95 Drainage and Flood Mitigation — Elsmere,Stormwater upgrades and roadway raising where I-95 MP 19.0 floods near Elsmere.,New Castle,I-95,resilience,10590000,10507375,unfunded,preliminary-design,32,auto,2029,1,11,false,false,false,false,flood; drainage; resilience
UNF-3713,T202673418 SR 896 Intersection Safety Package — Bowers FY26,"Systemic safety package at SR 896 MP 11.1 serving Bowers: signal upgrades, left-turn protection, lighting, and pedestrian intervals.",Kent,SR 896,safety,14980000,12705596,unfunded,final-design,62,auto; pedestrian,2026,4,28,true,true,false,false,intersection; signal; safety; pedestrian; high-crash
UNF-3714,T202773455 SR 54 Freight Bottleneck Relief — Stanton,"Intersection capacity, turning-radius, and signal timing improvements for industrial freight on SR 54 MP 34.3 in Stanton.",New Castle,SR 54,freight,21160000,17454661,unfunded,preliminary-design,32,freight; auto,2026,1,13,false,false,false,false,freight; bottleneck; signal; reliability
UNF-3715,T202273492 Bowers Sidewalk and Crossing Gap Closure — US 301,"Fill sidewalk gaps and add high-visibility crossings along US 301 MP 20.3 in Bowers, with ADA curb ramps.",Kent,US 301,bike-ped,3740000,3514763,unfunded,preliminary-design,25,pedestrian; bicycle,2025,2,18,true,false,true,true,pedestrian; ada; crossing; vru
UNF-3716,T202373529 Newport Sidewalk and Crossing Gap Closure — I-295,"Fill sidewalk gaps and add high-visibility crossings along I-295 MP 33.9 in Newport, with ADA curb ramps.",New Castle,I-295,bike-ped,6940000,5265922,unfunded,construction-ready,96,pedestrian; bicycle,2027,4,20,true,false,false,false,pedestrian; ada; crossing; vru
UNF-3717,T202473566 Rehoboth Beach Road Diet and Downtown Safety — SR 10,"Road diet, on-street parking reconfiguration, ADA ramps, and pedestrian lighting in Rehoboth Beach along SR 10.",Sussex,SR 10,complete-streets,12560000,10470773,unfunded,construction-ready,85,auto; pedestrian; bicycle,2025,3,16,true,true,true,true,road-diet; ada; downtown; complete-streets; safety
UNF-3718,T202573603 Seaford Sidewalk and Crossing Gap Closure — SR 42,"Fill sidewalk gaps and add high-visibility crossings along SR 42 MP 19.8 in Seaford, with ADA curb ramps.",Sussex,SR 42,bike-ped,6000000,5661973,unfunded,preliminary-design,26,pedestrian; bicycle,2029,6,29,true,true,false,false,pedestrian; ada; crossing; vru
UNF-3719,T202673640 Seaford Roundabout Conversion — SR 24,Convert a high-crash SR 24 intersection in Seaford (MP 7.5) to a single-lane roundabout with pedestrian crossings.,Sussex,SR 24,safety,5180000,5108346,partially-funded,final-design,60,auto; pedestrian,2026,1,11,false,true,true,true,roundabout; intersection; safety; pedestrian
UNF-3720,T202773677 Port Penn Local Road Safety Plan,Data-driven local road safety plan for Port Penn identifying a high-injury network and proven countermeasures.,New Castle,SR 299,planning,370000,306824,unfunded,row,51,auto; pedestrian,2025,1,11,false,false,true,true,safety-plan; data-driven; planning
UNF-3721,T202273714 Lewes Truck Route Geometric Improvements — US 40,Widen turning radii and upgrade shoulders for freight movements on US 40 MP 24.6 near Lewes.,Sussex,US 40,freight,17840000,16170986,unfunded,planning,19,freight; auto,2025,1,6,false,false,false,false,freight; geometry; shoulders
UNF-3722,T202373751 SR 202 Concrete Pavement Restoration — Milford,"Slab repair, diamond grinding, and joint resealing on SR 202 MP 19.3 in Sussex County near Milford.",Sussex,SR 202,pavement,12430000,10103913,unfunded,preliminary-design,27,auto,2025,0,0,false,false,true,false,pavement; concrete; preservation
UNF-3723,T202473788 SR 896 Pavement Rehab — Camden-Wyoming Phase 1,Mill and overlay of deteriorated SR 896 lanes through Camden-Wyoming (MP 4.5) to restore ride quality. Limited safety or equity components.,Kent,SR 896,pavement,15350000,12407476,unfunded,final-design,79,auto,2027,0,1,false,false,false,false,pavement; preservation; state-of-good-repair
UNF-3724,T202573825 DART Bus Fleet Replacement — Newport Division,"Replace diesel buses with low- and no-emission transit buses and related equipment at the DART Newport division, including depot charging.",New Castle,US 13,transit,33810000,26306542,unfunded,planning,14,transit,2029,0,11,false,true,false,false,transit; bus-fleet; low-no; zero-emission; garage
UNF-3725,T202673862 SR 300 Bridge Preservation — Rehoboth Beach Phase 2,"Deck overlay, joint replacement, and scour countermeasures on the SR 300 bridge near Rehoboth Beach (MP 37.8).",Sussex,SR 300,bridge,17620000,17264783,unfunded,final-design,81,auto; freight,2025,0,7,false,false,true,false,bridge; preservation; state-of-good-repair
UNF-3726,T202773899 Long Neck Complete Streets — SR 14 Town Center,"Lane reallocation, bicycle facilities, and pedestrian lighting on SR 14 through Long Neck town center (Group B).",Sussex,SR 14,complete-streets,9990000,7539548,unfunded,construction-ready,96,auto; pedestrian; bicycle,2029,3,20,true,true,false,false,complete-streets; bike-ped; equity; safety
UNF-3727,T202273936 SR 9 Intersection Safety Package — Bear Group A,"Systemic safety package at SR 9 MP 9.0 serving Bear: signal upgrades, left-turn protection, lighting, and pedestrian intervals.",New Castle,SR 9,safety,12140000,9996807,unfunded,preliminary-design,23,auto; pedestrian,2026,2,17,true,true,true,false,intersection; signal; safety; pedestrian; high-crash
UNF-3728,T202373973 Bridgeville DART Stop and Access Improvements — SR 54,"Accessible pads, shelters, lighting, and sidewalk connections to DART stops on SR 54 in Bridgeville.",Sussex,SR 54,transit,4920000,4248056,unfunded,construction-ready,98,transit; pedestrian,2027,0,1,false,false,false,true,transit; equity; pedestrian; ada
UNF-3729,T202474010 DART Bus Maintenance Facility Rehab — St. Georges,"Rehabilitate the DART bus maintenance garage in St. Georges, including lifts, bus wash, and charging/fueling for the transit fleet.",New Castle,US 202,transit,13450000,12188758,unfunded,row,50,transit,2026,1,6,false,true,false,false,transit; bus-fleet; garage; facility; low-no
UNF-3730,T202574047 Greenville Slope Stabilization — I-295 MP 31.5,"Embankment repair, drainage, and slope stabilization on I-295 near Greenville after repeated washouts.",New Castle,I-295,resilience,5940000,5798862,unfunded,preliminary-design,22,auto,2026,0,1,false,true,false,false,slope; drainage; resilience; geotech
UNF-3731,T202674084 SR 2 Intersection Safety Package — Pike Creek FY26,"Systemic safety package at SR 2 MP 25.5 serving Pike Creek: signal upgrades, left-turn protection, lighting, and pedestrian intervals.",New Castle,SR 2,safety,7780000,7245541,unfunded,final-design,80,auto; pedestrian,2025,4,25,true,false,false,false,intersection; signal; safety; pedestrian; high-crash
UNF-3732,T202774121 SR 16 ITS Camera and Fiber — Houston Group B,"CCTV, fiber interconnect, and TMC integration on SR 16 MP 42.1 serving Houston and Kent County operations.",Kent,SR 16,signals,6120000,5762075,unfunded,final-design,82,auto,2027,1,10,false,true,true,false,its; operations; congestion; signal
UNF-3733,T202274158 SR 4 Intersection Safety Package — Newport Phase 2,"Systemic safety package at SR 4 MP 16.1 serving Newport: signal upgrades, left-turn protection, lighting, and pedestrian intervals.",New Castle,SR 4,safety,10380000,9809987,unfunded,row,48,auto; pedestrian,2025,6,28,true,false,false,false,intersection; signal; safety; pedestrian; high-crash
UNF-3734,T202374195 Harrington School Zone and Speed Management,"School-zone flashers, gateway treatments, and speed management on local streets feeding SR 82 in Harrington.",Kent,SR 82,safety,4080000,3254197,unfunded,row,56,auto; pedestrian,2026,0,12,false,false,false,true,safety; school; speed-management; lighting
UNF-3735,T202474232 SR 72 Intersection Safety Package — Milton FY26,"Systemic safety package at SR 72 MP 30.4 serving Milton: signal upgrades, left-turn protection, lighting, and pedestrian intervals.",Sussex,SR 72,safety,12690000,12026037,unfunded,planning,11,auto; pedestrian,2028,1,17,true,false,true,false,intersection; signal; safety; pedestrian; high-crash
UNF-3736,T202574269 Henlopen Acres Road Diet and Downtown Safety — SR 8,"Road diet, on-street parking reconfiguration, ADA ramps, and pedestrian lighting in Henlopen Acres along SR 8.",Sussex,SR 8,complete-streets,13270000,11761776,unfunded,final-design,80,auto; pedestrian; bicycle,2029,0,9,false,true,true,false,road-diet; ada; downtown; complete-streets; safety
UNF-3737,T202674306 Woodside DART Stop and Access Improvements — SR 71,"Accessible pads, shelters, lighting, and sidewalk connections to DART stops on SR 71 in Woodside.",Kent,SR 71,transit,5090000,4292759,unfunded,row,49,transit; pedestrian,2028,1,7,false,false,true,false,transit; equity; pedestrian; ada
UNF-3738,T202774343 SR 7 Bridge Preservation — Frederica Group A,"Deck overlay, joint replacement, and scour countermeasures on the SR 7 bridge near Frederica (MP 41.9).",Kent,SR 7,bridge,20530000,15625755,partially-funded,final-design,79,auto; freight,2028,1,11,false,false,true,true,bridge; preservation; state-of-good-repair
UNF-3739,T202274380 SR 20 Drainage and Flood Mitigation — Georgetown,Stormwater upgrades and roadway raising where SR 20 MP 29.2 floods near Georgetown.,Sussex,SR 20,resilience,14220000,11287960,unfunded,final-design,63,auto,2028,1,13,false,false,true,false,flood; drainage; resilience
UNF-3740,T202374417 Wilmington Sidewalk and Crossing Gap Closure — SR 42,"Fill sidewalk gaps and add high-visibility crossings along SR 42 MP 13.7 in Wilmington, with ADA curb ramps.",New Castle,SR 42,bike-ped,5910000,4581575,unfunded,final-design,69,pedestrian; bicycle,2028,1,13,false,false,false,true,pedestrian; ada; crossing; vru
UNF-3741,T202474454 Claymont Local Road Safety Plan,Data-driven local road safety plan for Claymont identifying a high-injury network and proven countermeasures.,New Castle,SR 300,planning,530000,404094,unfunded,preliminary-design,22,auto; pedestrian,2028,1,10,false,false,false,false,safety-plan; data-driven; planning
UNF-3742,T202574491 Odessa Slope Stabilization — SR 14 MP 20.5,"Embankment repair, drainage, and slope stabilization on SR 14 near Odessa after repeated washouts.",New Castle,SR 14,resilience,2790000,2589922,unfunded,planning,11,auto,2028,0,9,false,true,false,false,slope; drainage; resilience; geotech
UNF-3743,T202674528 I-495 Freight Bottleneck Relief — Cheswold,"Intersection capacity, turning-radius, and signal timing improvements for industrial freight on I-495 MP 18.9 in Cheswold.",Kent,I-495,freight,7550000,6547172,unfunded,row,39,freight; auto,2028,1,9,false,true,true,false,freight; bottleneck; signal; reliability
UNF-3744,T202774565 Camden-Wyoming Adaptive Signal System — SR 52,"Adaptive signal control, detection, and communications along SR 52 MP 3.0 in Camden-Wyoming.",Kent,SR 52,signals,4510000,3986377,unfunded,row,47,auto; transit,2028,0,8,false,false,true,false,signal; operations; congestion; safety
UNF-3745,T202274602 Felton Truck Route Geometric Improvements — SR 48,Widen turning radii and upgrade shoulders for freight movements on SR 48 MP 7.9 near Felton.,Kent,SR 48,freight,6850000,6139298,unfunded,planning,14,freight; auto,2028,1,8,false,false,false,false,freight; geometry; shoulders
UNF-3746,T202374639 Milton School Zone and Speed Management,"School-zone flashers, gateway treatments, and speed management on local streets feeding SR 2 in Milton.",Sussex,SR 2,safety,4490000,4002991,unfunded,final-design,61,auto; pedestrian,2027,3,18,true,false,true,false,safety; school; speed-management; lighting
UNF-3747,T202474676 SR 24 ITS Camera and Fiber — Houston Northbound,"CCTV, fiber interconnect, and TMC integration on SR 24 MP 4.1 serving Houston and Kent County operations.",Kent,SR 24,signals,6350000,4851662,unfunded,planning,9,auto,2025,0,9,false,true,false,true,its; operations; congestion; signal
UNF-3748,T202574713 Lincoln Truck Route Geometric Improvements — SR 30,Widen turning radii and upgrade shoulders for freight movements on SR 30 MP 31.5 near Lincoln.,Sussex,SR 30,freight,17460000,13466925,unfunded,final-design,72,freight; auto,2029,1,11,false,true,true,false,freight; geometry; shoulders
UNF-3749,T202674750 DART Bus Fleet Replacement — Millsboro Division,"Replace diesel buses with low- and no-emission transit buses and related equipment at the DART Millsboro division, including depot charging.",Sussex,SR 896,transit,41340000,38492101,unfunded,final-design,83,transit,2026,0,9,false,false,false,false,transit; bus-fleet; low-no; zero-emission; garage
UNF-3750,T202774787 Hockessin Truck Route Geometric Improvements — SR 9,Widen turning radii and upgrade shoulders for freight movements on SR 9 MP 23.0 near Hockessin.,New Castle,SR 9,freight,13080000,9865972,unfunded,preliminary-design,20,freight; auto,2029,1,11,false,true,false,true,freight; geometry; shoulders
UNF-3751,T202274824 Elsmere Truck Route Geometric Improvements — SR 72,Widen turning radii and upgrade shoulders for freight movements on SR 72 MP 33.4 near Elsmere.,New Castle,SR 72,freight,4740000,4433377,unfunded,row,38,freight; auto,2025,1,16,true,true,false,false,freight; geometry; shoulders
UNF-3752,T202374861 SR 72 Bridge Preservation — Clayton Group B,"Deck overlay, joint replacement, and scour countermeasures on the SR 72 bridge near Clayton (MP 35.5).",Kent,SR 72,bridge,17380000,15521687,unfunded,preliminary-design,22,auto; freight,2028,1,8,false,false,true,false,bridge; preservation; state-of-good-repair
UNF-3753,T202474898 Selbyville DART Stop and Access Improvements — SR 48,"Accessible pads, shelters, lighting, and sidewalk connections to DART stops on SR 48 in Selbyville.",Sussex,SR 48,transit,1540000,1245462,unfunded,planning,19,transit; pedestrian,2025,1,5,false,false,false,false,transit; equity; pedestrian; ada
UNF-3754,T202574935 SR 26 Lane Departure Countermeasures — Houston,"Rumble strips, high-friction surface treatment, and curve warning upgrades on SR 26 MP 5.6 near Houston.",Kent,SR 26,safety,5080000,4287422,unfunded,preliminary-design,23,auto,2027,2,18,true,true,true,true,lane-departure; rural; high-friction; systemic; safety
UNF-3755,T202674972 US 202 Guardrail and End Treatment Upgrade — Ellendale,Replace outdated guardrail and end treatments on US 202 MP 43.9 near Ellendale to current MASH standards.,Sussex,US 202,safety,4100000,3334508,unfunded,final-design,63,auto,2027,5,22,true,true,false,false,guardrail; safety; roadside; systemic
UNF-3756,T202775009 Camden Sidewalk and Crossing Gap Closure — SR 2,"Fill sidewalk gaps and add high-visibility crossings along SR 2 MP 23.9 in Camden, with ADA curb ramps.",Kent,SR 2,bike-ped,8420000,8249649,unfunded,row,36,pedestrian; bicycle,2027,2,9,true,false,true,false,pedestrian; ada; crossing; vru
UNF-3757,T202275046 Greenwood Truck Route Geometric Improvements — SR 404,Widen turning radii and upgrade shoulders for freight movements on SR 404 MP 28.6 near Greenwood.,Sussex,SR 404,freight,11230000,9158723,unfunded,final-design,82,freight; auto,2029,1,9,false,true,true,false,freight; geometry; shoulders
UNF-3758,T202375083 Wilmington Local Road Safety Plan,Data-driven local road safety plan for Wilmington identifying a high-injury network and proven countermeasures.,New Castle,SR 896,planning,740000,571436,unfunded,planning,14,auto; pedestrian,2025,1,14,false,true,false,false,safety-plan; data-driven; planning
UNF-3759,T202475120 I-295 Concrete Pavement Restoration — Kirkwood,"Slab repair, diamond grinding, and joint resealing on I-295 MP 32.7 in New Castle County near Kirkwood.",New Castle,I-295,pavement,17260000,14029531,unfunded,preliminary-design,29,auto,2026,0,10,false,false,false,true,pavement; concrete; preservation
UNF-3760,T202575157 Fenwick Island Truck Route Geometric Improvements — SR 273,Widen turning radii and upgrade shoulders for freight movements on SR 273 MP 7.6 near Fenwick Island.,Sussex,SR 273,freight,15610000,14814000,unfunded,final-design,84,freight; auto,2029,1,13,false,false,false,false,freight; geometry; shoulders
UNF-3761,T202675194 Lincoln DART Stop and Access Improvements — SR 300,"Accessible pads, shelters, lighting, and sidewalk connections to DART stops on SR 300 in Lincoln.",Sussex,SR 300,transit,1260000,995647,unfunded,row,56,transit; pedestrian,2028,0,8,false,true,true,false,transit; equity; pedestrian; ada
UNF-3762,T202775231 Kent County Freight and Multimodal Plan Update,"Update the Kent County freight and multimodal plan, including bottleneck screening on SR 141 and equity analysis.",Kent,SR 141,planning,1570000,1300886,partially-funded,planning,6,auto; freight; transit,2027,0,12,false,false,true,true,planning; freight; multimodal; data-driven
UNF-3763,T202275268 SR 8 Bridge Culvert Replacement — Gumboro,Replace a deteriorated culvert on SR 8 MP 44.0 near Gumboro to restore hydraulic capacity and legal loads.,Sussex,SR 8,bridge,3150000,2870069,unfunded,planning,11,auto; freight,2027,1,8,false,true,true,false,bridge; culvert; scour; state-of-good-repair
UNF-3764,T202375305 SR 92 ITS Camera and Fiber — Georgetown FY26,"CCTV, fiber interconnect, and TMC integration on SR 92 MP 14.7 serving Georgetown and Sussex County operations.",Sussex,SR 92,signals,2580000,1955386,unfunded,planning,9,auto,2028,0,9,false,true,true,true,its; operations; congestion; signal
UNF-3765,T202475342 Clayton Adaptive Signal System — SR 10,"Adaptive signal control, detection, and communications along SR 10 MP 33.3 in Clayton.",Kent,SR 10,signals,8630000,7178309,unfunded,construction-ready,90,auto; transit,2027,1,5,false,true,true,false,signal; operations; congestion; safety
UNF-3766,T202575379 SR 14 ITS Camera and Fiber — Greenwood Group B,"CCTV, fiber interconnect, and TMC integration on SR 14 MP 14.9 serving Greenwood and Sussex County operations.",Sussex,SR 14,signals,3820000,2931536,unfunded,construction-ready,85,auto,2028,0,10,false,true,true,false,its; operations; congestion; signal
UNF-3767,T202675416 Seaford Local Road Safety Plan,Data-driven local road safety plan for Seaford identifying a high-injury network and proven countermeasures.,Sussex,SR 52,planning,490000,395177,partially-funded,row,44,auto; pedestrian,2028,0,13,false,true,true,true,safety-plan; data-driven; planning
UNF-3768,T202775453 Rising Sun Truck Route Geometric Improvements — US 13,Widen turning radii and upgrade shoulders for freight movements on US 13 MP 37.0 near Rising Sun.,Kent,US 13,freight,7740000,7159022,unfunded,preliminary-design,27,freight; auto,2027,1,4,false,true,true,false,freight; geometry; shoulders
UNF-3769,T202275490 SR 24 Lane Departure Countermeasures — Christiana,"Rumble strips, high-friction surface treatment, and curve warning upgrades on SR 24 MP 25.7 near Christiana.",New Castle,SR 24,safety,4670000,4044580,unfunded,row,50,auto,2029,0,10,false,true,false,false,lane-departure; rural; high-friction; systemic; safety
UNF-3770,T202375527 SR 24 Pavement Rehab — Camden FY26,Mill and overlay of deteriorated SR 24 lanes through Camden (MP 43.4) to restore ride quality. Limited safety or equity components.,Kent,SR 24,pavement,15450000,15144832,unfunded,final-design,62,auto,2028,1,4,false,false,true,true,pavement; preservation; state-of-good-repair
UNF-3771,T202475564 SR 9 Lane Departure Countermeasures — Magnolia,"Rumble strips, high-friction surface treatment, and curve warning upgrades on SR 9 MP 9.2 near Magnolia.",Kent,SR 9,safety,6000000,5595316,unfunded,row,41,auto,2027,6,27,true,true,false,false,lane-departure; rural; high-friction; systemic; safety
UNF-3772,T202575601 SR 10 Lane Departure Countermeasures — Little Creek,"Rumble strips, high-friction surface treatment, and curve warning upgrades on SR 10 MP 10.0 near Little Creek.",Kent,SR 10,safety,6680000,5738411,unfunded,row,43,auto,2028,6,30,true,false,false,false,lane-departure; rural; high-friction; systemic; safety
UNF-3773,T202675638 Lincoln Truck Route Geometric Improvements — SR 896,Widen turning radii and upgrade shoulders for freight movements on SR 896 MP 2.7 near Lincoln.,Sussex,SR 896,freight,7350000,5829861,partially-funded,planning,12,freight; auto,2026,1,8,false,true,true,false,freight; geometry; shoulders
UNF-3774,T202775675 US 202 Lane Departure Countermeasures — Hockessin,"Rumble strips, high-friction surface treatment, and curve warning upgrades on US 202 MP 10.1 near Hockessin.",New Castle,US 202,safety,8940000,7588626,unfunded,final-design,69,auto,2028,3,13,true,true,false,true,lane-departure; rural; high-friction; systemic; safety
UNF-3775,T202275712 SR 273 Pavement Rehab — Millville Phase 2,Mill and overlay of deteriorated SR 273 lanes through Millville (MP 30.1) to restore ride quality. Limited safety or equity components.,Sussex,SR 273,pavement,15190000,14098825,unfunded,preliminary-design,34,auto,2027,0,9,false,false,true,false,pavement; preservation; state-of-good-repair
UNF-3776,T202375749 Dagsboro Shared-Use Path — SR 82 Phase 1,Construct a shared-use path parallel to SR 82 MP 5.9 connecting neighborhoods and schools in Dagsboro.,Sussex,SR 82,bike-ped,10640000,10277851,unfunded,construction-ready,85,pedestrian; bicycle,2025,3,24,true,true,true,true,bicycle; pedestrian; trail; vru
UNF-3777,T202475786 Leipsic Roundabout Conversion — SR 58,Convert a high-crash SR 58 intersection in Leipsic (MP 17.9) to a single-lane roundabout with pedestrian crossings.,Kent,SR 58,safety,3480000,3041742,unfunded,planning,16,auto; pedestrian,2026,5,23,true,false,false,false,roundabout; intersection; safety; pedestrian
UNF-3778,T202575823 SR 141 Drainage and Flood Mitigation — Hockessin,Stormwater upgrades and roadway raising where SR 141 MP 33.6 floods near Hockessin.,New Castle,SR 141,resilience,29910000,22790672,unfunded,final-design,72,auto,2025,1,17,true,true,false,true,flood; drainage; resilience
UNF-3779,T202675860 SR 82 Pavement Rehab — Hockessin FY27,Mill and overlay of deteriorated SR 82 lanes through Hockessin (MP 38.6) to restore ride quality. Limited safety or equity components.,New Castle,SR 82,pavement,9050000,7502891,partially-funded,preliminary-design,21,auto,2026,1,17,true,true,false,false,pavement; preservation; state-of-good-repair
UNF-3780,T202775897 SR 300 Intersection Safety Package — Harrington FY27,"Systemic safety package at SR 300 MP 20.0 serving Harrington: signal upgrades, left-turn protection, lighting, and pedestrian intervals.",Kent,SR 300,safety,15110000,13543335,unfunded,planning,19,auto; pedestrian,2026,0,5,false,false,false,false,intersection; signal; safety; pedestrian; high-crash
UNF-3781,T202275934 SR 54 Pavement Rehab — Camden-Wyoming FY27,Mill and overlay of deteriorated SR 54 lanes through Camden-Wyoming (MP 20.8) to restore ride quality. Limited safety or equity components.,Kent,SR 54,pavement,8800000,8123428,unfunded,final-design,83,auto,2028,0,7,false,false,true,false,pavement; preservation; state-of-good-repair
UNF-3782,T202375971 Odessa Complete Streets — SR 300 Town Center,"Lane reallocation, bicycle facilities, and pedestrian lighting on SR 300 through Odessa town center (Phase 2).",New Castle,SR 300,complete-streets,4810000,3896557,unfunded,final-design,60,auto; pedestrian; bicycle,2029,0,6,false,false,false,false,complete-streets; bike-ped; equity; safety
UNF-3783,T202476008 SR 1 Drainage and Flood Mitigation — Christiana,Stormwater upgrades and roadway raising where SR 1 MP 11.5 floods near Christiana.,New Castle,SR 1,resilience,9830000,9745407,unfunded,row,54,auto,2026,1,17,true,false,false,false,flood; drainage; resilience
UNF-3784,T202576045 DART Bus Fleet Replacement — Henlopen Acres Division,"Replace diesel buses with low- and no-emission transit buses and related equipment at the DART Henlopen Acres division, including depot charging.",Sussex,SR 16,transit,32800000,29132520,unfunded,construction-ready,88,transit,2026,0,12,false,true,false,false,transit; bus-fleet; low-no; zero-emission; garage
UNF-3785,T202676082 Newport Sidewalk and Crossing Gap Closure — SR 9,"Fill sidewalk gaps and add high-visibility crossings along SR 9 MP 19.6 in Newport, with ADA curb ramps.",New Castle,SR 9,bike-ped,5940000,5384922,unfunded,construction-ready,93,pedestrian; bicycle,2029,3,13,true,false,false,false,pedestrian; ada; crossing; vru
UNF-3786,T202776119 I-95 ITS Camera and Fiber — Viola Phase 1,"CCTV, fiber interconnect, and TMC integration on I-95 MP 41.3 serving Viola and Kent County operations.",Kent,I-95,signals,2870000,2867305,unfunded,final-design,70,auto,2029,0,8,false,false,true,false,its; operations; congestion; signal
UNF-3787,T202276156 SR 42 Pavement Rehab — Houston Phase 2,Mill and overlay of deteriorated SR 42 lanes through Houston (MP 22.6) to restore ride quality. Limited safety or equity components.,Kent,SR 42,pavement,21400000,20290860,unfunded,final-design,84,auto,2026,1,17,true,false,false,false,pavement; preservation; state-of-good-repair
UNF-3788,T202376193 Christiana Sidewalk and Crossing Gap Closure — SR 299,"Fill sidewalk gaps and add high-visibility crossings along SR 299 MP 41.5 in Christiana, with ADA curb ramps.",New Castle,SR 299,bike-ped,4140000,3962066,partially-funded,preliminary-design,23,pedestrian; bicycle,2027,4,27,true,true,false,false,pedestrian; ada; crossing; vru
UNF-3789,T202476230 St. Georges Shared-Use Path — SR 4 Group A,Construct a shared-use path parallel to SR 4 MP 23.9 connecting neighborhoods and schools in St. Georges.,New Castle,SR 4,bike-ped,7820000,6162876,partially-funded,final-design,81,pedestrian; bicycle,2027,6,30,true,true,false,true,bicycle; pedestrian; trail; vru
UNF-3790,T202576267 Lincoln Local Road Safety Plan,Data-driven local road safety plan for Lincoln identifying a high-injury network and proven countermeasures.,Sussex,SR 24,planning,1070000,1029445,unfunded,final-design,68,auto; pedestrian,2025,1,11,false,true,true,false,safety-plan; data-driven; planning
UNF-3791,T202676304 SR 273 Pavement Rehab — Glasgow Phase 1,Mill and overlay of deteriorated SR 273 lanes through Glasgow (MP 23.9) to restore ride quality. Limited safety or equity components.,New Castle,SR 273,pavement,19850000,18390484,unfunded,planning,12,auto,2026,0,13,false,false,false,true,pavement; preservation; state-of-good-repair
UNF-3792,T202776341 Harrington Shared-Use Path — SR 8 Group B,Construct a shared-use path parallel to SR 8 MP 23.3 connecting neighborhoods and schools in Harrington.,Kent,SR 8,bike-ped,4870000,3932832,unfunded,preliminary-design,29,pedestrian; bicycle,2026,6,37,true,false,true,false,bicycle; pedestrian; trail; vru
UNF-3793,T202276378 Bowers DART Stop and Access Improvements — US 113,"Accessible pads, shelters, lighting, and sidewalk connections to DART stops on US 113 in Bowers.",Kent,US 113,transit,1280000,1089945,unfunded,final-design,62,transit; pedestrian,2029,0,2,false,false,true,false,transit; equity; pedestrian; ada
UNF-3794,T202376415 DE 1 Intersection Safety Package — Gumboro Group B,"Systemic safety package at DE 1 MP 41.4 serving Gumboro: signal upgrades, left-turn protection, lighting, and pedestrian intervals.",Sussex,DE 1,safety,9200000,8555386,partially-funded,final-design,83,auto; pedestrian,2027,1,6,false,false,true,false,intersection; signal; safety; pedestrian; high-crash
UNF-3795,T202476452 Christiana Slope Stabilization — US 13 MP 21.3,"Embankment repair, drainage, and slope stabilization on US 13 near Christiana after repeated washouts.",New Castle,US 13,resilience,9910000,8316053,unfunded,preliminary-design,25,auto,2026,1,17,true,true,false,false,slope; drainage; resilience; geotech
UNF-3796,T202576489 I-95 Pavement Rehab — Smyrna Group A,Mill and overlay of deteriorated I-95 lanes through Smyrna (MP 35.8) to restore ride quality. Limited safety or equity components.,Kent,I-95,pavement,6470000,4869040,unfunded,planning,15,auto,2025,1,6,false,true,true,false,pavement; preservation; state-of-good-repair
UNF-3797,T202676526 Frankford Road Diet and Downtown Safety — SR 273,"Road diet, on-street parking reconfiguration, ADA ramps, and pedestrian lighting in Frankford along SR 273.",Sussex,SR 273,complete-streets,8860000,7769344,partially-funded,preliminary-design,34,auto; pedestrian; bicycle,2028,3,22,true,false,false,true,road-diet; ada; downtown; complete-streets; safety
UNF-3798,T202776563 SR 300 Bridge Culvert Replacement — Bridgeville,Replace a deteriorated culvert on SR 300 MP 39.4 near Bridgeville to restore hydraulic capacity and legal loads.,Sussex,SR 300,bridge,4710000,4323710,unfunded,row,44,auto; freight,2026,1,15,true,true,false,false,bridge; culvert; scour; state-of-good-repair
UNF-3799,T202276600 US 202 Bridge Culvert Replacement — Stanton,Replace a deteriorated culvert on US 202 MP 5.5 near Stanton to restore hydraulic capacity and legal loads.,New Castle,US 202,bridge,5080000,4947057,unfunded,row,42,auto; freight,2026,1,7,false,true,false,false,bridge; culvert; scour; state-of-good-repair
UNF-3800,T202376637 Dewey Beach Truck Route Geometric Improvements — SR 16,Widen turning radii and upgrade shoulders for freight movements on SR 16 MP 25.7 near Dewey Beach.,Sussex,SR 16,freight,11010000,9061675,unfunded,planning,12,freight; auto,2027,1,6,false,true,true,false,freight; geometry; shoulders
UNF-3801,T202476674 SR 52 Drainage and Flood Mitigation — Wyoming,Stormwater upgrades and roadway raising where SR 52 MP 39.6 floods near Wyoming.,Kent,SR 52,resilience,25860000,25057216,unfunded,final-design,76,auto,2026,1,10,false,false,false,true,flood; drainage; resilience
UNF-3802,T202576711 Wyoming Sidewalk and Crossing Gap Closure — SR 8,"Fill sidewalk gaps and add high-visibility crossings along SR 8 MP 1.3 in Wyoming, with ADA curb ramps.",Kent,SR 8,bike-ped,6390000,5185732,unfunded,planning,6,pedestrian; bicycle,2027,4,25,true,false,true,true,pedestrian; ada; crossing; vru
UNF-3803,T202676748 Rehoboth Beach Complete Streets — SR 273 Town Center,"Lane reallocation, bicycle facilities, and pedestrian lighting on SR 273 through Rehoboth Beach town center (FY26).",Sussex,SR 273,complete-streets,3770000,3149092,unfunded,row,48,auto; pedestrian; bicycle,2029,3,17,true,false,false,false,complete-streets; bike-ped; equity; safety
UNF-3804,T202776785 I-95 Pavement Rehab — Dagsboro Phase 2,Mill and overlay of deteriorated I-95 lanes through Dagsboro (MP 34.9) to restore ride quality. Limited safety or equity components.,Sussex,I-95,pavement,11050000,8822672,unfunded,final-design,60,auto,2026,0,6,false,false,true,true,pavement; preservation; state-of-good-repair
UNF-3805,T202276822 St. Georges Local Road Safety Plan,Data-driven local road safety plan for St. Georges identifying a high-injury network and proven countermeasures.,New Castle,SR 896,planning,940000,920790,unfunded,preliminary-design,21,auto; pedestrian,2029,1,13,false,true,false,false,safety-plan; data-driven; planning
UNF-3806,T202376859 SR 20 ITS Camera and Fiber — Ellendale Phase 1,"CCTV, fiber interconnect, and TMC integration on SR 20 MP 31.9 serving Ellendale and Sussex County operations.",Sussex,SR 20,signals,6140000,5046279,unfunded,final-design,76,auto,2026,1,8,false,true,true,false,its; operations; congestion; signal
UNF-3807,T202476896 Frankford Adaptive Signal System — SR 16,"Adaptive signal control, detection, and communications along SR 16 MP 15.7 in Frankford.",Sussex,SR 16,signals,8230000,7775889,partially-funded,construction-ready,89,auto; transit,2025,0,11,false,false,true,false,signal; operations; congestion; safety
UNF-3808,T202576933 I-295 Bridge Preservation — Frederica Southbound,"Deck overlay, joint replacement, and scour countermeasures on the I-295 bridge near Frederica (MP 10.1).",Kent,I-295,bridge,26160000,25458388,unfunded,final-design,62,auto; freight,2029,1,4,false,false,false,false,bridge; preservation; state-of-good-repair
UNF-3809,T202676970 Frederica Local Road Safety Plan,Data-driven local road safety plan for Frederica identifying a high-injury network and proven countermeasures.,Kent,SR 71,planning,450000,344757,unfunded,row,53,auto; pedestrian,2026,1,15,true,false,true,false,safety-plan; data-driven; planning
UNF-3810,T202777007 SR 24 Pavement Rehab — Dewey Beach FY26,Mill and overlay of deteriorated SR 24 lanes through Dewey Beach (MP 35.3) to restore ride quality. Limited safety or equity components.,Sussex,SR 24,pavement,6690000,5272204,unfunded,final-design,84,auto,2028,0,1,false,true,true,false,pavement; preservation; state-of-good-repair
UNF-3811,T202277044 Leipsic Slope Stabilization — SR 4 MP 28.9,"Embankment repair, drainage, and slope stabilization on SR 4 near Leipsic after repeated washouts.",Kent,SR 4,resilience,7130000,5572498,unfunded,final-design,75,auto,2028,1,11,false,false,true,false,slope; drainage; resilience; geotech
UNF-3812,T202377081 I-295 Intersection Safety Package — Milford Phase 1,"Systemic safety package at I-295 MP 15.5 serving Milford: signal upgrades, left-turn protection, lighting, and pedestrian intervals.",Kent,I-295,safety,2870000,2749161,unfunded,row,58,auto; pedestrian,2027,1,13,false,false,false,false,intersection; signal; safety; pedestrian; high-crash
UNF-3813,T202477118 SR 42 Guardrail and End Treatment Upgrade — St. Georges,Replace outdated guardrail and end treatments on SR 42 MP 29.7 near St. Georges to current MASH standards.,New Castle,SR 42,safety,4310000,3594743,unfunded,final-design,83,auto,2028,3,14,true,true,false,true,guardrail; safety; roadside; systemic
UNF-3814,T202577155 Wyoming Local Road Safety Plan,Data-driven local road safety plan for Wyoming identifying a high-injury network and proven countermeasures.,Kent,SR 42,planning,980000,960753,unfunded,preliminary-design,33,auto; pedestrian,2027,1,15,true,false,true,false,safety-plan; data-driven; planning
UNF-3815,T202677192 SR 16 ITS Camera and Fiber — Millsboro Group A,"CCTV, fiber interconnect, and TMC integration on SR 16 MP 6.0 serving Millsboro and Sussex County operations.",Sussex,SR 16,signals,2810000,2148238,unfunded,row,39,auto,2026,0,8,false,false,true,false,its; operations; congestion; signal
UNF-3816,T202777229 SR 82 Bridge Preservation — Selbyville Group B,"Deck overlay, joint replacement, and scour countermeasures on the SR 82 bridge near Selbyville (MP 32.5).",Sussex,SR 82,bridge,14320000,13868653,unfunded,construction-ready,91,auto; freight,2025,0,10,false,false,true,false,bridge; preservation; state-of-good-repair
UNF-3817,T202277266 Greenwood Truck Route Geometric Improvements — SR 300,Widen turning radii and upgrade shoulders for freight movements on SR 300 MP 35.7 near Greenwood.,Sussex,SR 300,freight,6440000,6219007,unfunded,construction-ready,98,freight; auto,2028,0,13,false,false,true,true,freight; geometry; shoulders
UNF-3818,T202377303 I-95 Drainage and Flood Mitigation — Dewey Beach,Stormwater upgrades and roadway raising where I-95 MP 13.0 floods near Dewey Beach.,Sussex,I-95,resilience,18880000,18333331,unfunded,planning,18,auto,2026,0,3,false,false,true,false,flood; drainage; resilience
UNF-3819,T202477340 Milton Sidewalk and Crossing Gap Closure — I-495,"Fill sidewalk gaps and add high-visibility crossings along I-495 MP 35.2 in Milton, with ADA curb ramps.",Sussex,I-495,bike-ped,5710000,4760233,unfunded,planning,12,pedestrian; bicycle,2028,2,12,true,false,false,true,pedestrian; ada; crossing; vru
UNF-3820,T202577377 US 202 Intersection Safety Package — Millville FY26,"Systemic safety package at US 202 MP 9.0 serving Millville: signal upgrades, left-turn protection, lighting, and pedestrian intervals.",Sussex,US 202,safety,13600000,11152557,unfunded,construction-ready,92,auto; pedestrian,2027,1,13,false,false,true,true,intersection; signal; safety; pedestrian; high-crash
UNF-3821,T202677414 SR 14 Lane Departure Countermeasures — Dover,"Rumble strips, high-friction surface treatment, and curve warning upgrades on SR 14 MP 15.7 near Dover.",Kent,SR 14,safety,8320000,7664099,partially-funded,row,41,auto,2028,2,21,true,false,false,false,lane-departure; rural; high-friction; systemic; safety
UNF-3822,T202777451 Frederica School Zone and Speed Management,"School-zone flashers, gateway treatments, and speed management on local streets feeding SR 202 in Frederica.",Kent,SR 202,safety,1000000,824027,unfunded,construction-ready,93,auto; pedestrian,2028,3,13,true,true,false,true,safety; school; speed-management; lighting
UNF-3823,T202277488 Henlopen Acres Sidewalk and Crossing Gap Closure — SR 26,"Fill sidewalk gaps and add high-visibility crossings along SR 26 MP 31.5 in Henlopen Acres, with ADA curb ramps.",Sussex,SR 26,bike-ped,7580000,6896650,unfunded,construction-ready,95,pedestrian; bicycle,2025,3,22,true,true,true,false,pedestrian; ada; crossing; vru
UNF-3824,T202377525 Port Penn Complete Streets — SR 202 Town Center,"Lane reallocation, bicycle facilities, and pedestrian lighting on SR 202 through Port Penn town center (FY26).",New Castle,SR 202,complete-streets,9630000,7983144,unfunded,preliminary-design,32,auto; pedestrian; bicycle,2027,1,14,false,false,false,true,complete-streets; bike-ped; equity; safety
UNF-3825,T202477562 SR 26 Bridge Preservation — Ocean View Northbound,"Deck overlay, joint replacement, and scour countermeasures on the SR 26 bridge near Ocean View (MP 30.9).",Sussex,SR 26,bridge,13970000,11462950,unfunded,preliminary-design,32,auto; freight,2027,1,7,false,true,true,false,bridge; preservation; state-of-good-repair
UNF-3826,T202577599 DE 1 Guardrail and End Treatment Upgrade — New Castle,Replace outdated guardrail and end treatments on DE 1 MP 7.8 near New Castle to current MASH standards.,New Castle,DE 1,safety,2180000,2009302,unfunded,row,58,auto,2025,5,32,true,false,false,true,guardrail; safety; roadside; systemic
UNF-3827,T202677636 New Castle County Freight and Multimodal Plan Update,"Update the New Castle County freight and multimodal plan, including bottleneck screening on SR 2 and equity analysis.",New Castle,SR 2,planning,980000,939710,unfunded,construction-ready,88,auto; freight; transit,2025,1,9,false,true,false,false,planning; freight; multimodal; data-driven
UNF-3828,T202777673 Houston DART Stop and Access Improvements — SR 1,"Accessible pads, shelters, lighting, and sidewalk connections to DART stops on SR 1 in Houston.",Kent,SR 1,transit,2760000,2709084,unfunded,construction-ready,92,transit; pedestrian,2026,1,16,true,false,false,false,transit; equity; pedestrian; ada
UNF-3829,T202277710 Little Creek Local Road Safety Plan,Data-driven local road safety plan for Little Creek identifying a high-injury network and proven countermeasures.,Kent,SR 92,planning,910000,749819,unfunded,preliminary-design,34,auto; pedestrian,2028,1,16,true,false,false,false,safety-plan; data-driven; planning
UNF-3830,T202377747 DART Bus Fleet Replacement — Seaford Division,"Replace diesel buses with low- and no-emission transit buses and related equipment at the DART Seaford division, including depot charging.",Sussex,US 113,transit,20040000,15501353,unfunded,row,36,transit,2026,1,4,false,true,true,false,transit; bus-fleet; low-no; zero-emission; garage
UNF-3831,T202477784 SR 300 Intersection Safety Package — Felton Group B,"Systemic safety package at SR 300 MP 28.1 serving Felton: signal upgrades, left-turn protection, lighting, and pedestrian intervals.",Kent,SR 300,safety,14610000,12673304,partially-funded,planning,10,auto; pedestrian,2028,5,25,true,false,false,true,intersection; signal; safety; pedestrian; high-crash
UNF-3832,T202577821 Camden-Wyoming Sidewalk and Crossing Gap Closure — SR 26,"Fill sidewalk gaps and add high-visibility crossings along SR 26 MP 11.6 in Camden-Wyoming, with ADA curb ramps.",Kent,SR 26,bike-ped,2020000,1562239,partially-funded,construction-ready,88,pedestrian; bicycle,2029,6,31,true,false,true,false,pedestrian; ada; crossing; vru
UNF-3833,T202677858 SR 52 Bridge Preservation — Townsend Group A,"Deck overlay, joint replacement, and scour countermeasures on the SR 52 bridge near Townsend (MP 43.7).",New Castle,SR 52,bridge,37210000,28680938,unfunded,construction-ready,91,auto; freight,2029,0,3,false,false,false,false,bridge; preservation; state-of-good-repair
UNF-3834,T202777895 Lincoln Sidewalk and Crossing Gap Closure — SR 24,"Fill sidewalk gaps and add high-visibility crossings along SR 24 MP 21.6 in Lincoln, with ADA curb ramps.",Sussex,SR 24,bike-ped,6040000,5474938,unfunded,final-design,71,pedestrian; bicycle,2026,2,11,true,false,true,false,pedestrian; ada; crossing; vru
UNF-3835,T202277932 New Castle Local Road Safety Plan,Data-driven local road safety plan for New Castle identifying a high-injury network and proven countermeasures.,New Castle,SR 52,planning,1080000,859456,unfunded,preliminary-design,21,auto; pedestrian,2029,1,9,false,true,false,false,safety-plan; data-driven; planning
UNF-3836,T202377969 Milton DART Stop and Access Improvements — SR 92,"Accessible pads, shelters, lighting, and sidewalk connections to DART stops on SR 92 in Milton.",Sussex,SR 92,transit,4460000,3636155,unfunded,row,49,transit; pedestrian,2026,1,14,false,false,false,false,transit; equity; pedestrian; ada
UNF-3837,T202478006 I-295 Drainage and Flood Mitigation — Clayton,Stormwater upgrades and roadway raising where I-295 MP 7.6 floods near Clayton.,Kent,I-295,resilience,11090000,10162625,unfunded,construction-ready,90,auto,2029,0,5,false,false,true,false,flood; drainage; resilience
UNF-3838,T202578043 SR 18 Bridge Culvert Replacement — Kenton,Replace a deteriorated culvert on SR 18 MP 38.7 near Kenton to restore hydraulic capacity and legal loads.,Kent,SR 18,bridge,7990000,6550085,unfunded,final-design,61,auto; freight,2029,0,9,false,true,true,false,bridge; culvert; scour; state-of-good-repair
UNF-3839,T202678080 US 301 Intersection Safety Package — Bellefonte Group B,"Systemic safety package at US 301 MP 33.1 serving Bellefonte: signal upgrades, left-turn protection, lighting, and pedestrian intervals.",New Castle,US 301,safety,4220000,3578970,unfunded,preliminary-design,34,auto; pedestrian,2026,4,27,true,false,false,false,intersection; signal; safety; pedestrian; high-crash
UNF-3840,T202778117 SR 896 Concrete Pavement Restoration — Smyrna,"Slab repair, diamond grinding, and joint resealing on SR 896 MP 11.7 in Kent County near Smyrna.",Kent,SR 896,pavement,10980000,10571081,unfunded,construction-ready,88,auto,2026,0,3,false,false,true,true,pavement; concrete; preservation
UNF-3841,T202278154 Red Lion Local Road Safety Plan,Data-driven local road safety plan for Red Lion identifying a high-injury network and proven countermeasures.,New Castle,US 40,planning,400000,310449,unfunded,planning,10,auto; pedestrian,2025,1,6,false,false,false,true,safety-plan; data-driven; planning
UNF-3842,T202378191 Magnolia Shared-Use Path — SR 9 FY26,Construct a shared-use path parallel to SR 9 MP 40.8 connecting neighborhoods and schools in Magnolia.,Kent,SR 9,bike-ped,3330000,2755717,unfunded,final-design,61,pedestrian; bicycle,2026,1,8,false,false,true,false,bicycle; pedestrian; trail; vru
UNF-3843,T202478228 Slaughter Beach Slope Stabilization — SR 36 MP 3.5,"Embankment repair, drainage, and slope stabilization on SR 36 near Slaughter Beach after repeated washouts.",Sussex,SR 36,resilience,5820000,4462958,unfunded,construction-ready,88,auto,2025,0,11,false,false,true,true,slope; drainage; resilience; geotech
UNF-3844,T202578265 US 113 Bridge Preservation — Fenwick Island Group B,"Deck overlay, joint replacement, and scour countermeasures on the US 113 bridge near Fenwick Island (MP 41.8).",Sussex,US 113,bridge,21000000,17664965,partially-funded,planning,7,auto; freight,2029,0,5,false,true,true,true,bridge; preservation; state-of-good-repair
UNF-3845,T202678302 I-495 Bridge Culvert Replacement — Lincoln,Replace a deteriorated culvert on I-495 MP 9.8 near Lincoln to restore hydraulic capacity and legal loads.,Sussex,I-495,bridge,9090000,6992236,partially-funded,row,50,auto; freight,2027,1,17,true,true,true,false,bridge; culvert; scour; state-of-good-repair
UNF-3846,T202778339 SR 896 Bridge Preservation — Georgetown Group A,"Deck overlay, joint replacement, and scour countermeasures on the SR 896 bridge near Georgetown (MP 23.4).",Sussex,SR 896,bridge,8040000,7421190,unfunded,preliminary-design,24,auto; freight,2029,0,1,false,true,true,true,bridge; preservation; state-of-good-repair
UNF-3847,T202278376 Woodside Truck Route Geometric Improvements — SR 36,Widen turning radii and upgrade shoulders for freight movements on SR 36 MP 13.9 near Woodside.,Kent,SR 36,freight,12820000,9815125,unfunded,final-design,78,freight; auto,2028,0,7,false,false,true,false,freight; geometry; shoulders
UNF-3848,T202378413 I-295 Bridge Culvert Replacement — Ocean View,Replace a deteriorated culvert on I-295 MP 8.4 near Ocean View to restore hydraulic capacity and legal loads.,Sussex,I-295,bridge,11950000,10839029,unfunded,final-design,80,auto; freight,2029,1,10,false,false,true,false,bridge; culvert; scour; state-of-good-repair
UNF-3849,T202478450 Rehoboth Beach Slope Stabilization — SR 273 MP 8.8,"Embankment repair, drainage, and slope stabilization on SR 273 near Rehoboth Beach after repeated washouts.",Sussex,SR 273,resilience,6560000,5670956,unfunded,final-design,73,auto,2025,0,5,false,true,true,false,slope; drainage; resilience; geotech
UNF-3850,T202578487 US 113 Drainage and Flood Mitigation — Rising Sun,Stormwater upgrades and roadway raising where US 113 MP 5.8 floods near Rising Sun.,Kent,US 113,resilience,15970000,15061662,unfunded,row,37,auto,2026,1,6,false,true,true,false,flood; drainage; resilience
UNF-3851,T202678524 Newport Complete Streets — SR 202 Town Center,"Lane reallocation, bicycle facilities, and pedestrian lighting on SR 202 through Newport town center (Northbound).",New Castle,SR 202,complete-streets,15870000,13942131,unfunded,construction-ready,97,auto; pedestrian; bicycle,2029,5,32,true,false,true,true,complete-streets; bike-ped; equity; safety
UNF-3852,T202778561 SR 299 Bridge Preservation — Long Neck Phase 2,"Deck overlay, joint replacement, and scour countermeasures on the SR 299 bridge near Long Neck (MP 24.9).",Sussex,SR 299,bridge,7340000,7075166,unfunded,construction-ready,98,auto; freight,2026,1,5,false,false,false,false,bridge; preservation; state-of-good-repair
UNF-3853,T202278598 SR 300 Bridge Preservation — Bowers Northbound,"Deck overlay, joint replacement, and scour countermeasures on the SR 300 bridge near Bowers (MP 29.3).",Kent,SR 300,bridge,15900000,12872415,unfunded,row,43,auto; freight,2025,1,14,false,false,true,false,bridge; preservation; state-of-good-repair
UNF-3854,T202378635 SR 24 Pavement Rehab — Slaughter Beach FY27,Mill and overlay of deteriorated SR 24 lanes through Slaughter Beach (MP 4.2) to restore ride quality. Limited safety or equity components.,Sussex,SR 24,pavement,9980000,9082444,unfunded,preliminary-design,22,auto,2026,1,13,false,false,true,false,pavement; preservation; state-of-good-repair
UNF-3855,T202478672 I-495 Intersection Safety Package — Delmar Southbound,"Systemic safety package at I-495 MP 41.8 serving Delmar: signal upgrades, left-turn protection, lighting, and pedestrian intervals.",Sussex,I-495,safety,15080000,12944830,unfunded,planning,12,auto; pedestrian,2027,0,2,false,true,true,false,intersection; signal; safety; pedestrian; high-crash
UNF-3856,T202578709 SR 10 Intersection Safety Package — Edgemoor Southbound,"Systemic safety package at SR 10 MP 41.9 serving Edgemoor: signal upgrades, left-turn protection, lighting, and pedestrian intervals.",New Castle,SR 10,safety,13360000,10662089,partially-funded,final-design,73,auto; pedestrian,2025,0,11,false,true,false,false,intersection; signal; safety; pedestrian; high-crash
UNF-3857,T202678746 SR 48 Freight Bottleneck Relief — Bowers,"Intersection capacity, turning-radius, and signal timing improvements for industrial freight on SR 48 MP 25.3 in Bowers.",Kent,SR 48,freight,17180000,14209279,unfunded,row,53,freight; auto,2026,0,12,false,true,true,false,freight; bottleneck; signal; reliability
UNF-3858,T202778783 SR 71 Bridge Culvert Replacement — Newport,Replace a deteriorated culvert on SR 71 MP 25.8 near Newport to restore hydraulic capacity and legal loads.,New Castle,SR 71,bridge,5520000,4348622,partially-funded,construction-ready,88,auto; freight,2026,1,6,false,true,false,false,bridge; culvert; scour; state-of-good-repair
UNF-3859,T202278820 SR 4 ITS Camera and Fiber — Bethel FY27,"CCTV, fiber interconnect, and TMC integration on SR 4 MP 36.5 serving Bethel and Sussex County operations.",Sussex,SR 4,signals,3330000,3041863,unfunded,planning,6,auto,2029,1,16,true,true,false,false,its; operations; congestion; signal
UNF-3860,T202378857 Georgetown DART Stop and Access Improvements — US 113,"Accessible pads, shelters, lighting, and sidewalk connections to DART stops on US 113 in Georgetown.",Sussex,US 113,transit,3870000,3753519,partially-funded,row,56,transit; pedestrian,2026,1,9,false,false,false,false,transit; equity; pedestrian; ada
UNF-3861,T202478894 Glasgow Sidewalk and Crossing Gap Closure — SR 141,"Fill sidewalk gaps and add high-visibility crossings along SR 141 MP 31.3 in Glasgow, with ADA curb ramps.",New Castle,SR 141,bike-ped,4740000,4351941,unfunded,construction-ready,92,pedestrian; bicycle,2025,3,25,true,false,false,false,pedestrian; ada; crossing; vru
UNF-3862,T202578931 I-295 Bridge Culvert Replacement — Gumboro,Replace a deteriorated culvert on I-295 MP 28.9 near Gumboro to restore hydraulic capacity and legal loads.,Sussex,I-295,bridge,11470000,11193159,partially-funded,planning,15,auto; freight,2028,1,12,false,true,true,true,bridge; culvert; scour; state-of-good-repair
UNF-3863,T202678968 SR 2 Drainage and Flood Mitigation — Milford,Stormwater upgrades and roadway raising where SR 2 MP 30.7 floods near Milford.,Kent,SR 2,resilience,12080000,10817409,unfunded,preliminary-design,27,auto,2025,0,1,false,true,true,true,flood; drainage; resilience
UNF-3864,T202779005 SR 48 Pavement Rehab — Blades Southbound,Mill and overlay of deteriorated SR 48 lanes through Blades (MP 15.6) to restore ride quality. Limited safety or equity components.,Sussex,SR 48,pavement,4060000,3498702,unfunded,preliminary-design,32,auto,2027,0,3,false,false,true,false,pavement; preservation; state-of-good-repair
UNF-3865,T202279042 Bellefonte Complete Streets — SR 48 Town Center,"Lane reallocation, bicycle facilities, and pedestrian lighting on SR 48 through Bellefonte town center (FY26).",New Castle,SR 48,complete-streets,10840000,8789306,unfunded,row,35,auto; pedestrian; bicycle,2028,4,25,true,false,false,false,complete-streets; bike-ped; equity; safety
UNF-3866,T202379079 SR 71 Pavement Rehab — Bowers FY27,Mill and overlay of deteriorated SR 71 lanes through Bowers (MP 30.2) to restore ride quality. Limited safety or equity components.,Kent,SR 71,pavement,3060000,2505822,unfunded,planning,14,auto,2029,0,7,false,true,true,false,pavement; preservation; state-of-good-repair
UNF-3867,T202479116 SR 92 Bridge Preservation — Rehoboth Beach FY26,"Deck overlay, joint replacement, and scour countermeasures on the SR 92 bridge near Rehoboth Beach (MP 5.8).",Sussex,SR 92,bridge,14880000,13492412,unfunded,preliminary-design,29,auto; freight,2028,0,4,false,false,false,false,bridge; preservation; state-of-good-repair
UNF-3868,T202579153 SR 896 Pavement Rehab — Bethel Northbound,Mill and overlay of deteriorated SR 896 lanes through Bethel (MP 35.8) to restore ride quality. Limited safety or equity components.,Sussex,SR 896,pavement,20330000,16055170,unfunded,row,40,auto,2028,1,12,false,true,true,false,pavement; preservation; state-of-good-repair
UNF-3869,T202679190 Camden Complete Streets — SR 10 Town Center,"Lane reallocation, bicycle facilities, and pedestrian lighting on SR 10 through Camden town center (Phase 2).",Kent,SR 10,complete-streets,17800000,14310155,unfunded,preliminary-design,33,auto; pedestrian; bicycle,2028,0,5,false,false,true,true,complete-streets; bike-ped; equity; safety
UNF-3870,T202779227 Kenton Road Diet and Downtown Safety — I-295,"Road diet, on-street parking reconfiguration, ADA ramps, and pedestrian lighting in Kenton along I-295.",Kent,I-295,complete-streets,12760000,11033329,unfunded,final-design,81,auto; pedestrian; bicycle,2027,3,24,true,false,false,true,road-diet; ada; downtown; complete-streets; safety
UNF-3871,T202279264 SR 4 Freight Bottleneck Relief — Henlopen Acres,"Intersection capacity, turning-radius, and signal timing improvements for industrial freight on SR 4 MP 32.8 in Henlopen Acres.",Sussex,SR 4,freight,21580000,19245088,unfunded,construction-ready,97,freight; auto,2028,1,15,true,false,true,false,freight; bottleneck; signal; reliability
UNF-3872,T202379301 Lewes Slope Stabilization — SR 92 MP 18.2,"Embankment repair, drainage, and slope stabilization on SR 92 near Lewes after repeated washouts.",Sussex,SR 92,resilience,9760000,8420102,partially-funded,final-design,80,auto,2028,0,9,false,false,true,false,slope; drainage; resilience; geotech
UNF-3873,T202479338 SR 82 Lane Departure Countermeasures — Hockessin,"Rumble strips, high-friction surface treatment, and curve warning upgrades on SR 82 MP 35.1 near Hockessin.",New Castle,SR 82,safety,3420000,2888806,partially-funded,construction-ready,88,auto,2026,3,25,true,false,false,true,lane-departure; rural; high-friction; systemic; safety
UNF-3874,T202579375 Kenton Complete Streets — SR 299 Town Center,"Lane reallocation, bicycle facilities, and pedestrian lighting on SR 299 through Kenton town center (Phase 1).",Kent,SR 299,complete-streets,10550000,10342787,unfunded,planning,11,auto; pedestrian; bicycle,2025,0,9,false,false,false,false,complete-streets; bike-ped; equity; safety
UNF-3875,T202679412 SR 30 Drainage and Flood Mitigation — Milton,Stormwater upgrades and roadway raising where SR 30 MP 40.4 floods near Milton.,Sussex,SR 30,resilience,18140000,14480408,unfunded,row,58,auto,2025,1,6,false,true,false,false,flood; drainage; resilience
UNF-3876,T202779449 Bethel Truck Route Geometric Improvements — SR 36,Widen turning radii and upgrade shoulders for freight movements on SR 36 MP 20.8 near Bethel.,Sussex,SR 36,freight,16020000,15714530,partially-funded,final-design,78,freight; auto,2025,1,12,false,false,false,false,freight; geometry; shoulders
UNF-3877,T202279486 Camden Community Charging Hub — I-295,Public DC fast charging adjacent to I-295 serving Camden residents without home charging.,Kent,I-295,ev-charging,2830000,2279959,unfunded,planning,17,auto,2029,1,9,false,true,false,false,ev; equity; community; charging
UNF-3878,T202379523 Camden-Wyoming Adaptive Signal System — SR 404,"Adaptive signal control, detection, and communications along SR 404 MP 17.9 in Camden-Wyoming.",Kent,SR 404,signals,2540000,2155712,unfunded,final-design,60,auto; transit,2028,1,5,false,true,true,false,signal; operations; congestion; safety
UNF-3879,T202479560 SR 26 Bridge Culvert Replacement — Felton,Replace a deteriorated culvert on SR 26 MP 19.5 near Felton to restore hydraulic capacity and legal loads.,Kent,SR 26,bridge,8580000,7272887,unfunded,preliminary-design,32,auto; freight,2027,1,14,false,false,false,false,bridge; culvert; scour; state-of-good-repair
UNF-3880,T202579597 DART Bus Fleet Replacement — Middletown Division,"Replace diesel buses with low- and no-emission transit buses and related equipment at the DART Middletown division, including depot charging.",New Castle,SR 300,transit,31110000,29623986,unfunded,final-design,71,transit,2025,0,5,false,false,false,true,transit; bus-fleet; low-no; zero-emission; garage
UNF-3881,T202679634 SR 48 Guardrail and End Treatment Upgrade — Pike Creek,Replace outdated guardrail and end treatments on SR 48 MP 31.9 near Pike Creek to current MASH standards.,New Castle,SR 48,safety,1180000,930982,unfunded,planning,18,auto,2027,5,29,true,true,true,true,guardrail; safety; roadside; systemic
UNF-3882,T202779671 US 13 Drainage and Flood Mitigation — Bridgeville,Stormwater upgrades and roadway raising where US 13 MP 21.7 floods near Bridgeville.,Sussex,US 13,resilience,30380000,25517344,unfunded,preliminary-design,30,auto,2029,1,14,false,false,false,true,flood; drainage; resilience
UNF-3883,T202279708 US 40 Bridge Preservation — Middletown FY27,"Deck overlay, joint replacement, and scour countermeasures on the US 40 bridge near Middletown (MP 4.1).",New Castle,US 40,bridge,14400000,12220524,unfunded,final-design,65,auto; freight,2026,1,6,false,true,false,false,bridge; preservation; state-of-good-repair
UNF-3884,T202379745 Camden Complete Streets — SR 20 Town Center,"Lane reallocation, bicycle facilities, and pedestrian lighting on SR 20 through Camden town center (Group A).",Kent,SR 20,complete-streets,11930000,9329260,unfunded,row,44,auto; pedestrian; bicycle,2025,6,26,true,true,true,false,complete-streets; bike-ped; equity; safety
UNF-3885,T202479782 SR 30 Drainage and Flood Mitigation — Long Neck,Stormwater upgrades and roadway raising where SR 30 MP 20.0 floods near Long Neck.,Sussex,SR 30,resilience,26090000,21953311,unfunded,construction-ready,87,auto,2027,1,12,false,false,true,false,flood; drainage; resilience
UNF-3886,T202579819 SR 18 Pavement Rehab — Newport Phase 2,Mill and overlay of deteriorated SR 18 lanes through Newport (MP 41.9) to restore ride quality. Limited safety or equity components.,New Castle,SR 18,pavement,18330000,13996664,unfunded,planning,19,auto,2026,0,1,false,true,false,true,pavement; preservation; state-of-good-repair
UNF-3887,T202679856 SR 300 Intersection Safety Package — Leipsic FY26,"Systemic safety package at SR 300 MP 20.5 serving Leipsic: signal upgrades, left-turn protection, lighting, and pedestrian intervals.",Kent,SR 300,safety,2900000,2338403,partially-funded,preliminary-design,34,auto; pedestrian,2025,0,2,false,true,false,true,intersection; signal; safety; pedestrian; high-crash
UNF-3888,T202779893 Camden Shared-Use Path — US 113 Group A,Construct a shared-use path parallel to US 113 MP 17.2 connecting neighborhoods and schools in Camden.,Kent,US 113,bike-ped,3860000,3399419,unfunded,construction-ready,95,pedestrian; bicycle,2028,4,18,true,true,true,false,bicycle; pedestrian; trail; vru
UNF-3889,T202279930 SR 299 Pavement Rehab — Dagsboro Northbound,Mill and overlay of deteriorated SR 299 lanes through Dagsboro (MP 26.5) to restore ride quality. Limited safety or equity components.,Sussex,SR 299,pavement,3700000,3247117,unfunded,final-design,78,auto,2027,0,5,false,false,true,true,pavement; preservation; state-of-good-repair
UNF-3890,T202379967 Claymont Shared-Use Path — US 202 Phase 1,Construct a shared-use path parallel to US 202 MP 9.7 connecting neighborhoods and schools in Claymont.,New Castle,US 202,bike-ped,2820000,2180177,unfunded,row,40,pedestrian; bicycle,2027,3,21,true,true,false,false,bicycle; pedestrian; trail; vru
UNF-3891,T202480004 Viola DART Stop and Access Improvements — SR 7,"Accessible pads, shelters, lighting, and sidewalk connections to DART stops on SR 7 in Viola.",Kent,SR 7,transit,3300000,3139109,unfunded,construction-ready,88,transit; pedestrian,2026,1,13,false,true,true,false,transit; equity; pedestrian; ada
UNF-3892,T202580041 SR 896 Intersection Safety Package — Bowers Northbound,"Systemic safety package at SR 896 MP 10.7 serving Bowers: signal upgrades, left-turn protection, lighting, and pedestrian intervals.",Kent,SR 896,safety,4220000,3641792,unfunded,planning,10,auto; pedestrian,2028,2,18,true,false,false,false,intersection; signal; safety; pedestrian; high-crash
UNF-3893,T202680078 SR 300 Intersection Safety Package — Fenwick Island Group B,"Systemic safety package at SR 300 MP 41.5 serving Fenwick Island: signal upgrades, left-turn protection, lighting, and pedestrian intervals.",Sussex,SR 300,safety,11960000,11042958,unfunded,planning,11,auto; pedestrian,2025,2,16,true,false,true,true,intersection; signal; safety; pedestrian; high-crash
UNF-3894,T202780115 SR 141 Intersection Safety Package — Slaughter Beach Northbound,"Systemic safety package at SR 141 MP 17.4 serving Slaughter Beach: signal upgrades, left-turn protection, lighting, and pedestrian intervals.",Sussex,SR 141,safety,9350000,9319937,unfunded,final-design,72,auto; pedestrian,2026,3,17,true,false,true,false,intersection; signal; safety; pedestrian; high-crash
UNF-3895,T202280152 SR 14 Guardrail and End Treatment Upgrade — Arden,Replace outdated guardrail and end treatments on SR 14 MP 5.5 near Arden to current MASH standards.,New Castle,SR 14,safety,2980000,2426885,unfunded,planning,8,auto,2029,5,29,true,false,false,false,guardrail; safety; roadside; systemic
UNF-3896,T202380189 SR 299 Pavement Rehab — Kirkwood Northbound,Mill and overlay of deteriorated SR 299 lanes through Kirkwood (MP 9.4) to restore ride quality. Limited safety or equity components.,New Castle,SR 299,pavement,21910000,19698544,unfunded,final-design,63,auto,2028,0,7,false,true,false,true,pavement; preservation; state-of-good-repair
UNF-3897,T202480226 US 202 Intersection Safety Package — Newport Phase 1,"Systemic safety package at US 202 MP 16.5 serving Newport: signal upgrades, left-turn protection, lighting, and pedestrian intervals.",New Castle,US 202,safety,2640000,2304111,unfunded,preliminary-design,33,auto; pedestrian,2026,5,32,true,false,false,false,intersection; signal; safety; pedestrian; high-crash
UNF-3898,T202580263 Milford Truck Route Geometric Improvements — SR 58,Widen turning radii and upgrade shoulders for freight movements on SR 58 MP 44.7 near Milford.,Kent,SR 58,freight,8170000,7124897,unfunded,construction-ready,99,freight; auto,2025,0,8,false,false,true,false,freight; geometry; shoulders
UNF-3899,T202680300 Millville Sidewalk and Crossing Gap Closure — SR 48,"Fill sidewalk gaps and add high-visibility crossings along SR 48 MP 24.0 in Millville, with ADA curb ramps.",Sussex,SR 48,bike-ped,5920000,4723269,partially-funded,planning,16,pedestrian; bicycle,2027,5,30,true,false,true,true,pedestrian; ada; crossing; vru
UNF-3900,T202780337 Stanton Adaptive Signal System — SR 58,"Adaptive signal control, detection, and communications along SR 58 MP 30.0 in Stanton.",New Castle,SR 58,signals,3310000,3270194,unfunded,planning,16,auto; transit,2025,0,13,false,false,false,true,signal; operations; congestion; safety
UNF-3901,T202280374 SR 30 Drainage and Flood Mitigation — Little Creek,Stormwater upgrades and roadway raising where SR 30 MP 35.6 floods near Little Creek.,Kent,SR 30,resilience,26110000,24876813,unfunded,preliminary-design,33,auto,2025,0,1,false,false,false,false,flood; drainage; resilience
UNF-3902,T202380411 SR 92 Pavement Rehab — Camden-Wyoming Northbound,Mill and overlay of deteriorated SR 92 lanes through Camden-Wyoming (MP 35.2) to restore ride quality. Limited safety or equity components.,Kent,SR 92,pavement,12740000,12595566,partially-funded,final-design,62,auto,2026,1,14,false,false,true,false,pavement; preservation; state-of-good-repair
UNF-3903,T202480448 I-95 Bridge Culvert Replacement — Wilmington,Replace a deteriorated culvert on I-95 MP 40.3 near Wilmington to restore hydraulic capacity and legal loads.,New Castle,I-95,bridge,5760000,5257799,unfunded,planning,17,auto; freight,2025,1,12,false,false,false,true,bridge; culvert; scour; state-of-good-repair
UNF-3904,T202580485 SR 71 ITS Camera and Fiber — Elsmere Northbound,"CCTV, fiber interconnect, and TMC integration on SR 71 MP 24.5 serving Elsmere and New Castle County operations.",New Castle,SR 71,signals,7410000,5902938,partially-funded,preliminary-design,24,auto,2025,0,12,false,true,false,false,its; operations; congestion; signal
UNF-3905,T202680522 SR 1 Lane Departure Countermeasures — Magnolia,"Rumble strips, high-friction surface treatment, and curve warning upgrades on SR 1 MP 44.5 near Magnolia.",Kent,SR 1,safety,2480000,2459070,partially-funded,preliminary-design,34,auto,2026,1,13,false,false,false,false,lane-departure; rural; high-friction; systemic; safety
UNF-3906,T202780559 Woodside School Zone and Speed Management,"School-zone flashers, gateway treatments, and speed management on local streets feeding SR 20 in Woodside.",Kent,SR 20,safety,1120000,1078057,unfunded,row,40,auto; pedestrian,2026,2,12,true,true,false,false,safety; school; speed-management; lighting
UNF-3907,T202280596 Port Penn Shared-Use Path — I-495 FY26,Construct a shared-use path parallel to I-495 MP 25.2 connecting neighborhoods and schools in Port Penn.,New Castle,I-495,bike-ped,11010000,9543639,partially-funded,final-design,66,pedestrian; bicycle,2029,0,13,false,false,true,true,bicycle; pedestrian; trail; vru
UNF-3908,T202380633 Elsmere DART Stop and Access Improvements — US 13,"Accessible pads, shelters, lighting, and sidewalk connections to DART stops on US 13 in Elsmere.",New Castle,US 13,transit,3750000,3510345,unfunded,construction-ready,86,transit; pedestrian,2026,0,3,false,false,true,false,transit; equity; pedestrian; ada
UNF-3909,T202480670 SR 14 Pavement Rehab — Magnolia Group A,Mill and overlay of deteriorated SR 14 lanes through Magnolia (MP 2.2) to restore ride quality. Limited safety or equity components.,Kent,SR 14,pavement,20110000,16704749,unfunded,row,52,auto,2028,1,8,false,true,true,false,pavement; preservation; state-of-good-repair
UNF-3910,T202580707 Millville Sidewalk and Crossing Gap Closure — SR 52,"Fill sidewalk gaps and add high-visibility crossings along SR 52 MP 22.6 in Millville, with ADA curb ramps.",Sussex,SR 52,bike-ped,7890000,6143361,unfunded,row,51,pedestrian; bicycle,2029,2,12,true,false,true,false,pedestrian; ada; crossing; vru
UNF-3911,T202680744 Red Lion Slope Stabilization — SR 48 MP 39.2,"Embankment repair, drainage, and slope stabilization on SR 48 near Red Lion after repeated washouts.",New Castle,SR 48,resilience,2500000,2390496,unfunded,final-design,61,auto,2028,1,7,false,true,false,false,slope; drainage; resilience; geotech
UNF-3912,T202780781 Pike Creek Adaptive Signal System — I-495,"Adaptive signal control, detection, and communications along I-495 MP 21.9 in Pike Creek.",New Castle,I-495,signals,6310000,6191745,unfunded,planning,7,auto; transit,2027,1,5,false,true,false,false,signal; operations; congestion; safety
UNF-3913,T202280818 Georgetown Truck Route Geometric Improvements — SR 26,Widen turning radii and upgrade shoulders for freight movements on SR 26 MP 6.9 near Georgetown.,Sussex,SR 26,freight,9340000,8795372,unfunded,row,52,freight; auto,2029,0,3,false,true,true,false,freight; geometry; shoulders
UNF-3914,T202380855 New Castle Complete Streets — SR 26 Town Center,"Lane reallocation, bicycle facilities, and pedestrian lighting on SR 26 through New Castle town center (Group A).",New Castle,SR 26,complete-streets,5120000,3905786,unfunded,final-design,68,auto; pedestrian; bicycle,2027,4,19,true,false,false,true,complete-streets; bike-ped; equity; safety
UNF-3915,T202480892 Milford Sidewalk and Crossing Gap Closure — SR 20,"Fill sidewalk gaps and add high-visibility crossings along SR 20 MP 30.8 in Milford, with ADA curb ramps.",Kent,SR 20,bike-ped,7700000,6787066,unfunded,preliminary-design,34,pedestrian; bicycle,2028,2,13,true,false,true,false,pedestrian; ada; crossing; vru
UNF-3916,T202580929 Newport Complete Streets — SR 48 Town Center,"Lane reallocation, bicycle facilities, and pedestrian lighting on SR 48 through Newport town center (Phase 1).",New Castle,SR 48,complete-streets,10000000,9016179,unfunded,final-design,75,auto; pedestrian; bicycle,2025,3,21,true,true,false,false,complete-streets; bike-ped; equity; safety
UNF-3917,T202680966 SR 896 ITS Camera and Fiber — Viola FY26,"CCTV, fiber interconnect, and TMC integration on SR 896 MP 38.4 serving Viola and Kent County operations.",Kent,SR 896,signals,1540000,1350215,unfunded,preliminary-design,33,auto,2026,1,14,false,false,true,true,its; operations; congestion; signal
UNF-3918,T202781003 I-295 Intersection Safety Package — Milton Northbound,"Systemic safety package at I-295 MP 42.9 serving Milton: signal upgrades, left-turn protection, lighting, and pedestrian intervals.",Sussex,I-295,safety,9120000,6865742,unfunded,final-design,63,auto; pedestrian,2029,3,12,true,true,true,false,intersection; signal; safety; pedestrian; high-crash
UNF-3919,T202281040 SR 4 Intersection Safety Package — Kenton Group A,"Systemic safety package at SR 4 MP 43.0 serving Kenton: signal upgrades, left-turn protection, lighting, and pedestrian intervals.",Kent,SR 4,safety,4680000,3897597,unfunded,row,59,auto; pedestrian,2028,6,28,true,true,true,true,intersection; signal; safety; pedestrian; high-crash
UNF-3920,T202381077 Gumboro Sidewalk and Crossing Gap Closure — SR 20,"Fill sidewalk gaps and add high-visibility crossings along SR 20 MP 16.2 in Gumboro, with ADA curb ramps.",Sussex,SR 20,bike-ped,1480000,1220049,unfunded,construction-ready,85,pedestrian; bicycle,2029,2,14,true,false,true,false,pedestrian; ada; crossing; vru
UNF-3921,T202481114 Seaford School Zone and Speed Management,"School-zone flashers, gateway treatments, and speed management on local streets feeding SR 404 in Seaford.",Sussex,SR 404,safety,2230000,1968246,unfunded,row,49,auto; pedestrian,2029,2,14,true,false,true,true,safety; school; speed-management; lighting
UNF-3922,T202581151 Smyrna Adaptive Signal System — SR 273,"Adaptive signal control, detection, and communications along SR 273 MP 39.5 in Smyrna.",Kent,SR 273,signals,4680000,4043327,partially-funded,row,40,auto; transit,2027,0,1,false,false,false,true,signal; operations; congestion; safety
UNF-3923,T202681188 Gumboro Sidewalk and Crossing Gap Closure — SR 896,"Fill sidewalk gaps and add high-visibility crossings along SR 896 MP 26.5 in Gumboro, with ADA curb ramps.",Sussex,SR 896,bike-ped,4720000,4251879,unfunded,construction-ready,99,pedestrian; bicycle,2026,4,24,true,false,true,false,pedestrian; ada; crossing; vru
UNF-3924,T202781225 Woodside Shared-Use Path — I-295 Phase 1,Construct a shared-use path parallel to I-295 MP 32.0 connecting neighborhoods and schools in Woodside.,Kent,I-295,bike-ped,3190000,3014142,unfunded,planning,9,pedestrian; bicycle,2025,0,6,false,false,false,false,bicycle; pedestrian; trail; vru
UNF-3925,T202281262 Long Neck DART Stop and Access Improvements — US 301,"Accessible pads, shelters, lighting, and sidewalk connections to DART stops on US 301 in Long Neck.",Sussex,US 301,transit,3250000,2497914,unfunded,preliminary-design,32,transit; pedestrian,2027,1,17,true,false,true,true,transit; equity; pedestrian; ada
UNF-3926,T202381299 SR 24 Drainage and Flood Mitigation — Woodside,Stormwater upgrades and roadway raising where SR 24 MP 13.9 floods near Woodside.,Kent,SR 24,resilience,20450000,19927944,unfunded,row,37,auto,2028,0,10,false,false,false,false,flood; drainage; resilience
UNF-3927,T202481336 Elsmere Sidewalk and Crossing Gap Closure — SR 7,"Fill sidewalk gaps and add high-visibility crossings along SR 7 MP 38.7 in Elsmere, with ADA curb ramps.",New Castle,SR 7,bike-ped,4620000,3900322,partially-funded,row,46,pedestrian; bicycle,2027,6,26,true,false,false,false,pedestrian; ada; crossing; vru
UNF-3928,T202581373 Newport Complete Streets — SR 71 Town Center,"Lane reallocation, bicycle facilities, and pedestrian lighting on SR 71 through Newport town center (Southbound).",New Castle,SR 71,complete-streets,6980000,6035711,unfunded,construction-ready,85,auto; pedestrian; bicycle,2028,5,24,true,false,true,true,complete-streets; bike-ped; equity; safety
UNF-3929,T202681410 US 113 Pavement Rehab — Bridgeville Phase 1,Mill and overlay of deteriorated US 113 lanes through Bridgeville (MP 33.8) to restore ride quality. Limited safety or equity components.,Sussex,US 113,pavement,20330000,15324045,unfunded,construction-ready,94,auto,2029,0,3,false,false,true,true,pavement; preservation; state-of-good-repair
UNF-3930,T202781447 I-295 Bridge Culvert Replacement — Milford,Replace a deteriorated culvert on I-295 MP 5.9 near Milford to restore hydraulic capacity and legal loads.,Kent,I-295,bridge,2600000,2345445,unfunded,construction-ready,86,auto; freight,2029,1,9,false,false,true,true,bridge; culvert; scour; state-of-good-repair
UNF-3931,T202281484 SR 52 Lane Departure Countermeasures — Kenton,"Rumble strips, high-friction surface treatment, and curve warning upgrades on SR 52 MP 23.2 near Kenton.",Kent,SR 52,safety,5400000,4064583,unfunded,preliminary-design,21,auto,2029,4,17,true,false,true,true,lane-departure; rural; high-friction; systemic; safety
UNF-3932,T202381521 US 202 Lane Departure Countermeasures — Clayton,"Rumble strips, high-friction surface treatment, and curve warning upgrades on US 202 MP 16.9 near Clayton.",Kent,US 202,safety,7900000,6927733,partially-funded,row,39,auto,2025,1,13,false,false,true,false,lane-departure; rural; high-friction; systemic; safety
UNF-3933,T202481558 SR 58 Bridge Culvert Replacement — Seaford,Replace a deteriorated culvert on SR 58 MP 40.8 near Seaford to restore hydraulic capacity and legal loads.,Sussex,SR 58,bridge,9470000,7140451,partially-funded,row,42,auto; freight,2025,0,9,false,false,true,false,bridge; culvert; scour; state-of-good-repair
UNF-3934,T202581595 Greenville Truck Route Geometric Improvements — SR 14,Widen turning radii and upgrade shoulders for freight movements on SR 14 MP 43.4 near Greenville.,New Castle,SR 14,freight,6060000,5179856,unfunded,preliminary-design,26,freight; auto,2026,0,9,false,false,false,false,freight; geometry; shoulders
UNF-3935,T202681632 Viola Adaptive Signal System — SR 26,"Adaptive signal control, detection, and communications along SR 26 MP 1.7 in Viola.",Kent,SR 26,signals,2910000,2510339,unfunded,preliminary-design,20,auto; transit,2027,1,6,false,true,true,true,signal; operations; congestion; safety
UNF-3936,T202781669 SR 58 Pavement Rehab — Bear Southbound,Mill and overlay of deteriorated SR 58 lanes through Bear (MP 34.9) to restore ride quality. Limited safety or equity components.,New Castle,SR 58,pavement,11430000,11123449,unfunded,final-design,78,auto,2027,1,7,false,false,false,true,pavement; preservation; state-of-good-repair
UNF-3937,T202281706 SR 30 Intersection Safety Package — New Castle Group A,"Systemic safety package at SR 30 MP 28.5 serving New Castle: signal upgrades, left-turn protection, lighting, and pedestrian intervals.",New Castle,SR 30,safety,4160000,3450432,unfunded,row,40,auto; pedestrian,2028,6,28,true,true,false,true,intersection; signal; safety; pedestrian; high-crash
UNF-3938,T202381743 New Castle County Freight and Multimodal Plan Update,"Update the New Castle County freight and multimodal plan, including bottleneck screening on SR 7 and equity analysis.",New Castle,SR 7,planning,1340000,1103610,unfunded,preliminary-design,25,auto; freight; transit,2026,0,11,false,true,false,false,planning; freight; multimodal; data-driven
UNF-3939,T202481780 SR 1 Freight Bottleneck Relief — Port Penn,"Intersection capacity, turning-radius, and signal timing improvements for industrial freight on SR 1 MP 30.1 in Port Penn.",New Castle,SR 1,freight,16450000,13237861,unfunded,row,56,freight; auto,2029,0,10,false,false,false,false,freight; bottleneck; signal; reliability
UNF-3940,T202581817 SR 9 Pavement Rehab — Bowers Group B,Mill and overlay of deteriorated SR 9 lanes through Bowers (MP 12.3) to restore ride quality. Limited safety or equity components.,Kent,SR 9,pavement,11950000,9851018,unfunded,final-design,77,auto,2027,0,6,false,false,true,false,pavement; preservation; state-of-good-repair
UNF-3941,T202681854 Bridgeville Sidewalk and Crossing Gap Closure — SR 9,"Fill sidewalk gaps and add high-visibility crossings along SR 9 MP 2.8 in Bridgeville, with ADA curb ramps.",Sussex,SR 9,bike-ped,7160000,6924586,unfunded,construction-ready,91,pedestrian; bicycle,2025,5,33,true,false,true,false,pedestrian; ada; crossing; vru
UNF-3942,T202781891 SR 404 Drainage and Flood Mitigation — Millsboro,Stormwater upgrades and roadway raising where SR 404 MP 7.9 floods near Millsboro.,Sussex,SR 404,resilience,16810000,13941887,unfunded,final-design,81,auto,2029,0,3,false,true,true,true,flood; drainage; resilience
UNF-3943,T202281928 SR 42 Concrete Pavement Restoration — Magnolia,"Slab repair, diamond grinding, and joint resealing on SR 42 MP 14.4 in Kent County near Magnolia.",Kent,SR 42,pavement,22410000,20793969,unfunded,row,47,auto,2026,1,10,false,false,false,false,pavement; concrete; preservation
UNF-3944,T202381965 SR 4 Concrete Pavement Restoration — Woodside,"Slab repair, diamond grinding, and joint resealing on SR 4 MP 8.0 in Kent County near Woodside.",Kent,SR 4,pavement,26070000,19997489,partially-funded,final-design,81,auto,2026,1,12,false,false,true,true,pavement; concrete; preservation
UNF-3945,T202482002 I-495 Intersection Safety Package — Cheswold FY26,"Systemic safety package at I-495 MP 40.9 serving Cheswold: signal upgrades, left-turn protection, lighting, and pedestrian intervals.",Kent,I-495,safety,10160000,8516771,partially-funded,final-design,60,auto; pedestrian,2028,1,14,false,true,true,false,intersection; signal; safety; pedestrian; high-crash
UNF-3946,T202582039 SR 30 Lane Departure Countermeasures — Bellefonte,"Rumble strips, high-friction surface treatment, and curve warning upgrades on SR 30 MP 5.5 near Bellefonte.",New Castle,SR 30,safety,8470000,7604192,unfunded,construction-ready,95,auto,2026,4,18,true,true,false,false,lane-departure; rural; high-friction; systemic; safety
UNF-3947,T202682076 SR 16 Pavement Rehab — Laurel Phase 1,Mill and overlay of deteriorated SR 16 lanes through Laurel (MP 5.7) to restore ride quality. Limited safety or equity components.,Sussex,SR 16,pavement,12160000,11826564,unfunded,row,54,auto,2027,1,5,false,false,true,false,pavement; preservation; state-of-good-repair
UNF-3948,T202782113 SR 1 Intersection Safety Package — St. Georges Southbound,"Systemic safety package at SR 1 MP 33.6 serving St. Georges: signal upgrades, left-turn protection, lighting, and pedestrian intervals.",New Castle,SR 1,safety,15660000,14783082,unfunded,planning,6,auto; pedestrian,2029,3,18,true,false,true,false,intersection; signal; safety; pedestrian; high-crash
UNF-3949,T202282150 DART Bus Fleet Replacement — Townsend Division,"Replace diesel buses with low- and no-emission transit buses and related equipment at the DART Townsend division, including depot charging.",New Castle,SR 141,transit,13240000,10927895,partially-funded,row,42,transit,2028,1,16,true,true,false,false,transit; bus-fleet; low-no; zero-emission; garage
UNF-3950,T202382187 Townsend Truck Route Geometric Improvements — US 40,Widen turning radii and upgrade shoulders for freight movements on US 40 MP 2.1 near Townsend.,New Castle,US 40,freight,16320000,13588203,unfunded,preliminary-design,29,freight; auto,2026,0,11,false,false,false,false,freight; geometry; shoulders
UNF-3951,T202482224 SR 896 Pavement Rehab — St. Georges Phase 1,Mill and overlay of deteriorated SR 896 lanes through St. Georges (MP 38.1) to restore ride quality. Limited safety or equity components.,New Castle,SR 896,pavement,7820000,6257939,unfunded,row,44,auto,2029,1,13,false,false,false,false,pavement; preservation; state-of-good-repair
UNF-3952,T202582261 Long Neck Sidewalk and Crossing Gap Closure — SR 16,"Fill sidewalk gaps and add high-visibility crossings along SR 16 MP 8.3 in Long Neck, with ADA curb ramps.",Sussex,SR 16,bike-ped,4300000,3722951,unfunded,final-design,72,pedestrian; bicycle,2029,6,37,true,true,true,true,pedestrian; ada; crossing; vru
UNF-3953,T202682298 Edgemoor Adaptive Signal System — SR 72,"Adaptive signal control, detection, and communications along SR 72 MP 41.1 in Edgemoor.",New Castle,SR 72,signals,7740000,7102977,unfunded,row,42,auto; transit,2028,0,0,false,false,false,false,signal; operations; congestion; safety
UNF-3954,T202782335 SR 92 Bridge Preservation — Clayton Northbound,"Deck overlay, joint replacement, and scour countermeasures on the SR 92 bridge near Clayton (MP 3.9).",Kent,SR 92,bridge,33660000,29261663,unfunded,planning,6,auto; freight,2028,0,10,false,true,false,false,bridge; preservation; state-of-good-repair
UNF-3955,T202282372 SR 36 Guardrail and End Treatment Upgrade — Cheswold,Replace outdated guardrail and end treatments on SR 36 MP 38.1 near Cheswold to current MASH standards.,Kent,SR 36,safety,1550000,1430004,unfunded,final-design,80,auto,2025,0,13,false,false,true,false,guardrail; safety; roadside; systemic
UNF-3956,T202382409 SR 92 Bridge Preservation — Christiana FY26,"Deck overlay, joint replacement, and scour countermeasures on the SR 92 bridge near Christiana (MP 34.6).",New Castle,SR 92,bridge,20020000,18861371,partially-funded,preliminary-design,32,auto; freight,2025,1,15,true,true,false,false,bridge; preservation; state-of-good-repair
UNF-3957,T202482446 SR 1 Bridge Culvert Replacement — Leipsic,Replace a deteriorated culvert on SR 1 MP 7.6 near Leipsic to restore hydraulic capacity and legal loads.,Kent,SR 1,bridge,6840000,5565544,unfunded,construction-ready,100,auto; freight,2027,0,2,false,false,true,false,bridge; culvert; scour; state-of-good-repair
UNF-3958,T202582483 Little Creek Adaptive Signal System — DE 1,"Adaptive signal control, detection, and communications along DE 1 MP 19.4 in Little Creek.",Kent,DE 1,signals,6640000,5036371,unfunded,final-design,63,auto; transit,2025,1,17,true,false,true,false,signal; operations; congestion; safety
UNF-3959,T202682520 US 113 Lane Departure Countermeasures — Wilmington,"Rumble strips, high-friction surface treatment, and curve warning upgrades on US 113 MP 33.3 near Wilmington.",New Castle,US 113,safety,2000000,1906148,unfunded,row,42,auto,2027,0,5,false,true,false,false,lane-departure; rural; high-friction; systemic; safety
UNF-3960,T202782557 SR 26 Drainage and Flood Mitigation — Kenton,Stormwater upgrades and roadway raising where SR 26 MP 20.5 floods near Kenton.,Kent,SR 26,resilience,5880000,5467957,unfunded,planning,18,auto,2025,1,7,false,false,true,false,flood; drainage; resilience
UNF-3961,T202282594 SR 8 Intersection Safety Package — Lincoln Southbound,"Systemic safety package at SR 8 MP 23.7 serving Lincoln: signal upgrades, left-turn protection, lighting, and pedestrian intervals.",Sussex,SR 8,safety,7380000,5882073,unfunded,final-design,68,auto; pedestrian,2029,6,27,true,false,true,false,intersection; signal; safety; pedestrian; high-crash
UNF-3962,T202382631 Cheswold Sidewalk and Crossing Gap Closure — SR 404,"Fill sidewalk gaps and add high-visibility crossings along SR 404 MP 19.1 in Cheswold, with ADA curb ramps.",Kent,SR 404,bike-ped,6250000,5684545,unfunded,preliminary-design,30,pedestrian; bicycle,2028,6,36,true,true,true,false,pedestrian; ada; crossing; vru
UNF-3963,T202482668 Bridgeville Slope Stabilization — SR 92 MP 20.1,"Embankment repair, drainage, and slope stabilization on SR 92 near Bridgeville after repeated washouts.",Sussex,SR 92,resilience,5910000,4436953,unfunded,preliminary-design,28,auto,2025,0,6,false,true,false,false,slope; drainage; resilience; geotech
UNF-3964,T202582705 I-95 Freight Bottleneck Relief — Newport,"Intersection capacity, turning-radius, and signal timing improvements for industrial freight on I-95 MP 24.4 in Newport.",New Castle,I-95,freight,8530000,8179866,unfunded,preliminary-design,30,freight; auto,2026,0,8,false,true,true,false,freight; bottleneck; signal; reliability
UNF-3965,T202682742 SR 7 Intersection Safety Package — Camden-Wyoming Southbound,"Systemic safety package at SR 7 MP 3.2 serving Camden-Wyoming: signal upgrades, left-turn protection, lighting, and pedestrian intervals.",Kent,SR 7,safety,13100000,12070054,partially-funded,construction-ready,100,auto; pedestrian,2029,0,3,false,true,true,false,intersection; signal; safety; pedestrian; high-crash
UNF-3966,T202782779 Houston Shared-Use Path — SR 1 FY27,Construct a shared-use path parallel to SR 1 MP 13.1 connecting neighborhoods and schools in Houston.,Kent,SR 1,bike-ped,5960000,5110932,unfunded,final-design,80,pedestrian; bicycle,2026,4,28,true,false,true,true,bicycle; pedestrian; trail; vru
UNF-3967,T202282816 SR 16 Bridge Culvert Replacement — Delaware City,Replace a deteriorated culvert on SR 16 MP 10.2 near Delaware City to restore hydraulic capacity and legal loads.,New Castle,SR 16,bridge,6640000,5217699,unfunded,planning,18,auto; freight,2025,1,14,false,false,false,true,bridge; culvert; scour; state-of-good-repair
UNF-3968,T202382853 SR 10 Bridge Preservation — Bethel FY27,"Deck overlay, joint replacement, and scour countermeasures on the SR 10 bridge near Bethel (MP 25.0).",Sussex,SR 10,bridge,26900000,26207393,partially-funded,preliminary-design,26,auto; freight,2026,0,0,false,false,true,true,bridge; preservation; state-of-good-repair
UNF-3969,T202482890 Hockessin Sidewalk and Crossing Gap Closure — SR 404,"Fill sidewalk gaps and add high-visibility crossings along SR 404 MP 33.0 in Hockessin, with ADA curb ramps.",New Castle,SR 404,bike-ped,5430000,5336020,unfunded,preliminary-design,32,pedestrian; bicycle,2027,3,21,true,false,false,false,pedestrian; ada; crossing; vru
UNF-3970,T202582927 Woodside Sidewalk and Crossing Gap Closure — SR 202,"Fill sidewalk gaps and add high-visibility crossings along SR 202 MP 14.5 in Woodside, with ADA curb ramps.",Kent,SR 202,bike-ped,3780000,2997240,unfunded,preliminary-design,31,pedestrian; bicycle,2027,4,19,true,false,true,false,pedestrian; ada; crossing; vru
UNF-3971,T202682964 SR 14 Bridge Culvert Replacement — Edgemoor,Replace a deteriorated culvert on SR 14 MP 41.5 near Edgemoor to restore hydraulic capacity and legal loads.,New Castle,SR 14,bridge,7930000,7872542,unfunded,construction-ready,93,auto; freight,2029,1,13,false,false,false,false,bridge; culvert; scour; state-of-good-repair
UNF-3972,T202783001 Stanton Complete Streets — SR 10 Town Center,"Lane reallocation, bicycle facilities, and pedestrian lighting on SR 10 through Stanton town center (Phase 2).",New Castle,SR 10,complete-streets,14090000,13917540,unfunded,row,56,auto; pedestrian; bicycle,2025,4,19,true,false,false,false,complete-streets; bike-ped; equity; safety
UNF-3973,T202283038 Rising Sun Local Road Safety Plan,Data-driven local road safety plan for Rising Sun identifying a high-injury network and proven countermeasures.,Kent,SR 4,planning,1120000,982324,partially-funded,final-design,68,auto; pedestrian,2025,1,14,false,false,false,false,safety-plan; data-driven; planning
UNF-3974,T202383075 SR 72 Pavement Rehab — Bellefonte Group A,Mill and overlay of deteriorated SR 72 lanes through Bellefonte (MP 2.3) to restore ride quality. Limited safety or equity components.,New Castle,SR 72,pavement,14440000,13653785,unfunded,construction-ready,91,auto,2026,1,7,false,false,false,false,pavement; preservation; state-of-good-repair
UNF-3975,T202483112 Bear Sidewalk and Crossing Gap Closure — I-295,"Fill sidewalk gaps and add high-visibility crossings along I-295 MP 40.2 in Bear, with ADA curb ramps.",New Castle,I-295,bike-ped,1370000,1206382,unfunded,final-design,70,pedestrian; bicycle,2029,2,12,true,false,true,false,pedestrian; ada; crossing; vru
UNF-3976,T202583149 US 202 Intersection Safety Package — Seaford Group B,"Systemic safety package at US 202 MP 42.2 serving Seaford: signal upgrades, left-turn protection, lighting, and pedestrian intervals.",Sussex,US 202,safety,7190000,6449233,unfunded,construction-ready,91,auto; pedestrian,2027,4,29,true,false,false,false,intersection; signal; safety; pedestrian; high-crash
UNF-3977,T202683186 Bridgeville Local Road Safety Plan,Data-driven local road safety plan for Bridgeville identifying a high-injury network and proven countermeasures.,Sussex,US 113,planning,510000,472745,unfunded,row,49,auto; pedestrian,2026,0,10,false,true,true,false,safety-plan; data-driven; planning
UNF-3978,T202783223 SR 1 Pavement Rehab — Camden Phase 1,Mill and overlay of deteriorated SR 1 lanes through Camden (MP 17.8) to restore ride quality. Limited safety or equity components.,Kent,SR 1,pavement,3410000,2923438,unfunded,final-design,62,auto,2025,1,16,true,true,false,true,pavement; preservation; state-of-good-repair
UNF-3979,T202283260 SR 36 Intersection Safety Package — Bridgeville Group B,"Systemic safety package at SR 36 MP 27.5 serving Bridgeville: signal upgrades, left-turn protection, lighting, and pedestrian intervals.",Sussex,SR 36,safety,12530000,12028823,unfunded,row,38,auto; pedestrian,2029,6,34,true,true,true,false,intersection; signal; safety; pedestrian; high-crash
UNF-3980,T202383297 SR 404 Lane Departure Countermeasures — Magnolia,"Rumble strips, high-friction surface treatment, and curve warning upgrades on SR 404 MP 21.9 near Magnolia.",Kent,SR 404,safety,2060000,2004885,unfunded,construction-ready,87,auto,2025,2,14,true,false,false,false,lane-departure; rural; high-friction; systemic; safety
UNF-3981,T202483334 Frederica Road Diet and Downtown Safety — SR 20,"Road diet, on-street parking reconfiguration, ADA ramps, and pedestrian lighting in Frederica along SR 20.",Kent,SR 20,complete-streets,10390000,9245024,unfunded,final-design,64,auto; pedestrian; bicycle,2028,6,36,true,false,true,true,road-diet; ada; downtown; complete-streets; safety
UNF-3982,T202583371 SR 54 Intersection Safety Package — Dagsboro Phase 1,"Systemic safety package at SR 54 MP 40.9 serving Dagsboro: signal upgrades, left-turn protection, lighting, and pedestrian intervals.",Sussex,SR 54,safety,4540000,3831219,unfunded,construction-ready,96,auto; pedestrian,2026,3,16,true,true,true,true,intersection; signal; safety; pedestrian; high-crash
UNF-3983,T202683408 SR 24 Drainage and Flood Mitigation — Clayton,Stormwater upgrades and roadway raising where SR 24 MP 4.4 floods near Clayton.,Kent,SR 24,resilience,25720000,22831691,unfunded,construction-ready,99,auto,2026,0,3,false,false,true,true,flood; drainage; resilience
UNF-3984,T202783445 Clayton DART Stop and Access Improvements — I-295,"Accessible pads, shelters, lighting, and sidewalk connections to DART stops on I-295 in Clayton.",Kent,I-295,transit,2490000,1991856,partially-funded,row,41,transit; pedestrian,2028,1,14,false,true,true,false,transit; equity; pedestrian; ada
UNF-3985,T202283482 SR 71 Concrete Pavement Restoration — Fenwick Island,"Slab repair, diamond grinding, and joint resealing on SR 71 MP 33.0 in Sussex County near Fenwick Island.",Sussex,SR 71,pavement,21780000,16955060,partially-funded,row,40,auto,2028,1,13,false,true,true,false,pavement; concrete; preservation
UNF-3986,T202383519 SR 26 Intersection Safety Package — Bowers Phase 2,"Systemic safety package at SR 26 MP 18.0 serving Bowers: signal upgrades, left-turn protection, lighting, and pedestrian intervals.",Kent,SR 26,safety,6630000,6595905,partially-funded,final-design,84,auto; pedestrian,2029,5,20,true,true,true,true,intersection; signal; safety; pedestrian; high-crash
UNF-3987,T202483556 SR 16 Pavement Rehab — Red Lion FY27,Mill and overlay of deteriorated SR 16 lanes through Red Lion (MP 38.0) to restore ride quality. Limited safety or equity components.,New Castle,SR 16,pavement,4710000,4669242,unfunded,preliminary-design,21,auto,2027,0,10,false,false,false,false,pavement; preservation; state-of-good-repair
UNF-3988,T202583593 Rising Sun Local Road Safety Plan,Data-driven local road safety plan for Rising Sun identifying a high-injury network and proven countermeasures.,Kent,DE 1,planning,290000,219754,unfunded,final-design,75,auto; pedestrian,2028,1,12,false,true,true,false,safety-plan; data-driven; planning
UNF-3989,T202683630 Red Lion Shared-Use Path — SR 24 Northbound,Construct a shared-use path parallel to SR 24 MP 25.7 connecting neighborhoods and schools in Red Lion.,New Castle,SR 24,bike-ped,5040000,4164481,partially-funded,row,42,pedestrian; bicycle,2029,3,23,true,false,false,true,bicycle; pedestrian; trail; vru
UNF-3990,T202783667 Leipsic Sidewalk and Crossing Gap Closure — SR 42,"Fill sidewalk gaps and add high-visibility crossings along SR 42 MP 31.8 in Leipsic, with ADA curb ramps.",Kent,SR 42,bike-ped,2220000,1727843,unfunded,final-design,62,pedestrian; bicycle,2026,3,24,true,true,false,true,pedestrian; ada; crossing; vru
UNF-3991,T202283704 SR 273 Bridge Preservation — Long Neck Northbound,"Deck overlay, joint replacement, and scour countermeasures on the SR 273 bridge near Long Neck (MP 15.8).",Sussex,SR 273,bridge,20680000,18952291,unfunded,row,56,auto; freight,2029,1,6,false,false,true,false,bridge; preservation; state-of-good-repair
UNF-3992,T202383741 SR 273 Intersection Safety Package — Newark Southbound,"Systemic safety package at SR 273 MP 12.9 serving Newark: signal upgrades, left-turn protection, lighting, and pedestrian intervals.",New Castle,SR 273,safety,11870000,11570377,unfunded,final-design,75,auto; pedestrian,2026,6,35,true,false,false,false,intersection; signal; safety; pedestrian; high-crash
UNF-3993,T202483778 SR 4 Freight Bottleneck Relief — Delmar,"Intersection capacity, turning-radius, and signal timing improvements for industrial freight on SR 4 MP 36.1 in Delmar.",Sussex,SR 4,freight,14900000,13924313,unfunded,construction-ready,91,freight; auto,2025,1,9,false,true,false,false,freight; bottleneck; signal; reliability
UNF-3994,T202583815 SR 24 Guardrail and End Treatment Upgrade — Millville,Replace outdated guardrail and end treatments on SR 24 MP 11.7 near Millville to current MASH standards.,Sussex,SR 24,safety,2270000,1770643,partially-funded,row,45,auto,2027,4,24,true,true,true,false,guardrail; safety; roadside; systemic
UNF-3995,T202683852 SR 18 Drainage and Flood Mitigation — Christiana,Stormwater upgrades and roadway raising where SR 18 MP 8.9 floods near Christiana.,New Castle,SR 18,resilience,24580000,22037313,unfunded,construction-ready,93,auto,2028,0,9,false,true,false,false,flood; drainage; resilience
UNF-3996,T202783889 Henlopen Acres Shared-Use Path — SR 2 FY26,Construct a shared-use path parallel to SR 2 MP 24.7 connecting neighborhoods and schools in Henlopen Acres.,Sussex,SR 2,bike-ped,8820000,7794410,unfunded,final-design,76,pedestrian; bicycle,2028,5,27,true,true,false,false,bicycle; pedestrian; trail; vru
UNF-3997,T202283926 Frederica Sidewalk and Crossing Gap Closure — SR 14,"Fill sidewalk gaps and add high-visibility crossings along SR 14 MP 33.4 in Frederica, with ADA curb ramps.",Kent,SR 14,bike-ped,1540000,1526087,unfunded,planning,16,pedestrian; bicycle,2025,5,32,true,false,true,false,pedestrian; ada; crossing; vru
UNF-3998,T202383963 SR 299 Pavement Rehab — Cheswold Northbound,Mill and overlay of deteriorated SR 299 lanes through Cheswold (MP 19.7) to restore ride quality. Limited safety or equity components.,Kent,SR 299,pavement,10600000,8435491,unfunded,row,40,auto,2027,0,2,false,false,true,false,pavement; preservation; state-of-good-repair
UNF-3999,T202484000 Gumboro Adaptive Signal System — SR 71,"Adaptive signal control, detection, and communications along SR 71 MP 42.4 in Gumboro.",Sussex,SR 71,signals,2900000,2292017,unfunded,planning,7,auto; transit,2025,1,10,false,true,false,true,signal; operations; congestion; safety
UNF-4000,T202584037 SR 141 Pavement Rehab — Glasgow Phase 2,Mill and overlay of deteriorated SR 141 lanes through Glasgow (MP 4.7) to restore ride quality. Limited safety or equity components.,New Castle,SR 141,pavement,10820000,9824518,unfunded,row,46,auto,2026,0,5,false,false,false,false,pavement; preservation; state-of-good-repair
UNF-4001,T202684074 SR 54 Bridge Preservation — Long Neck Group A,"Deck overlay, joint replacement, and scour countermeasures on the SR 54 bridge near Long Neck (MP 11.6).",Sussex,SR 54,bridge,20140000,18563447,partially-funded,final-design,82,auto; freight,2026,0,4,false,true,true,false,bridge; preservation; state-of-good-repair
UNF-4002,T202784111 SR 9 Pavement Rehab — Townsend Northbound,Mill and overlay of deteriorated SR 9 lanes through Townsend (MP 10.2) to restore ride quality. Limited safety or equity components.,New Castle,SR 9,pavement,13670000,11975225,unfunded,row,36,auto,2026,1,8,false,true,false,false,pavement; preservation; state-of-good-repair
UNF-4003,T202284148 Christiana Adaptive Signal System — US 113,"Adaptive signal control, detection, and communications along US 113 MP 13.3 in Christiana.",New Castle,US 113,signals,7090000,5792479,unfunded,construction-ready,90,auto; transit,2027,0,11,false,false,false,false,signal; operations; congestion; safety
UNF-4004,T202384185 US 113 Intersection Safety Package — Leipsic Southbound,"Systemic safety package at US 113 MP 39.4 serving Leipsic: signal upgrades, left-turn protection, lighting, and pedestrian intervals.",Kent,US 113,safety,11210000,9377730,unfunded,preliminary-design,25,auto; pedestrian,2029,2,14,true,false,false,false,intersection; signal; safety; pedestrian; high-crash
UNF-4005,T202484222 DE 1 Pavement Rehab — Camden Southbound,Mill and overlay of deteriorated DE 1 lanes through Camden (MP 9.4) to restore ride quality. Limited safety or equity components.,Kent,DE 1,pavement,16650000,13563450,unfunded,final-design,82,auto,2029,0,12,false,false,true,false,pavement; preservation; state-of-good-repair
UNF-4006,T202584259 SR 82 Intersection Safety Package — Glasgow Phase 2,"Systemic safety package at SR 82 MP 24.5 serving Glasgow: signal upgrades, left-turn protection, lighting, and pedestrian intervals.",New Castle,SR 82,safety,15280000,12014480,partially-funded,final-design,64,auto; pedestrian,2028,6,27,true,false,true,false,intersection; signal; safety; pedestrian; high-crash
UNF-4007,T202684296 Houston School Zone and Speed Management,"School-zone flashers, gateway treatments, and speed management on local streets feeding SR 30 in Houston.",Kent,SR 30,safety,1410000,1236442,unfunded,planning,12,auto; pedestrian,2027,0,12,false,true,true,false,safety; school; speed-management; lighting
UNF-4008,T202784333 SR 300 Bridge Preservation — Bear Southbound,"Deck overlay, joint replacement, and scour countermeasures on the SR 300 bridge near Bear (MP 23.4).",New Castle,SR 300,bridge,26440000,23561494,unfunded,final-design,71,auto; freight,2026,0,13,false,false,false,false,bridge; preservation; state-of-good-repair
UNF-4009,T202284370 Hockessin Roundabout Conversion — SR 72,Convert a high-crash SR 72 intersection in Hockessin (MP 31.9) to a single-lane roundabout with pedestrian crossings.,New Castle,SR 72,safety,9650000,8895962,unfunded,row,43,auto; pedestrian,2028,1,17,true,false,false,true,roundabout; intersection; safety; pedestrian
UNF-4010,T202384407 Bellefonte Adaptive Signal System — SR 2,"Adaptive signal control, detection, and communications along SR 2 MP 19.1 in Bellefonte.",New Castle,SR 2,signals,5780000,5669052,unfunded,preliminary-design,20,auto; transit,2025,0,7,false,true,true,false,signal; operations; congestion; safety
UNF-4011,T202484444 DE 1 Pavement Rehab — Bethany Beach Group B,Mill and overlay of deteriorated DE 1 lanes through Bethany Beach (MP 32.5) to restore ride quality. Limited safety or equity components.,Sussex,DE 1,pavement,20240000,15885067,unfunded,preliminary-design,32,auto,2027,0,1,false,false,true,false,pavement; preservation; state-of-good-repair
UNF-4012,T202584481 SR 92 Lane Departure Countermeasures — Rehoboth Beach,"Rumble strips, high-friction surface treatment, and curve warning upgrades on SR 92 MP 6.0 near Rehoboth Beach.",Sussex,SR 92,safety,3990000,3692834,unfunded,row,49,auto,2027,0,1,false,true,true,false,lane-departure; rural; high-friction; systemic; safety
UNF-4013,T202684518 St. Georges School Zone and Speed Management,"School-zone flashers, gateway treatments, and speed management on local streets feeding US 202 in St. Georges.",New Castle,US 202,safety,5370000,4740010,partially-funded,construction-ready,90,auto; pedestrian,2025,4,16,true,false,false,false,safety; school; speed-management; lighting
UNF-4014,T202784555 Bethel Truck Route Geometric Improvements — SR 18,Widen turning radii and upgrade shoulders for freight movements on SR 18 MP 9.6 near Bethel.,Sussex,SR 18,freight,7240000,6310365,partially-funded,planning,16,freight; auto,2026,1,9,false,false,true,true,freight; geometry; shoulders
UNF-4015,T202284592 SR 54 Drainage and Flood Mitigation — Bellefonte,Stormwater upgrades and roadway raising where SR 54 MP 35.6 floods near Bellefonte.,New Castle,SR 54,resilience,9800000,8633118,unfunded,row,37,auto,2027,0,3,false,true,true,true,flood; drainage; resilience
UNF-4016,T202384629 US 40 Bridge Culvert Replacement — Frankford,Replace a deteriorated culvert on US 40 MP 1.2 near Frankford to restore hydraulic capacity and legal loads.,Sussex,US 40,bridge,8390000,6814308,partially-funded,final-design,68,auto; freight,2025,1,5,false,false,true,false,bridge; culvert; scour; state-of-good-repair
UNF-4017,T202484666 SR 300 Bridge Preservation — Middletown Northbound,"Deck overlay, joint replacement, and scour countermeasures on the SR 300 bridge near Middletown (MP 39.7).",New Castle,SR 300,bridge,11090000,10188593,unfunded,row,53,auto; freight,2027,0,1,false,false,false,false,bridge; preservation; state-of-good-repair
UNF-4018,T202584703 Woodside Sidewalk and Crossing Gap Closure — SR 42,"Fill sidewalk gaps and add high-visibility crossings along SR 42 MP 17.5 in Woodside, with ADA curb ramps.",Kent,SR 42,bike-ped,3730000,3044275,unfunded,final-design,73,pedestrian; bicycle,2027,2,9,true,true,true,false,pedestrian; ada; crossing; vru
UNF-4019,T202684740 Leipsic Local Road Safety Plan,Data-driven local road safety plan for Leipsic identifying a high-injury network and proven countermeasures.,Kent,SR 2,planning,1140000,890194,partially-funded,construction-ready,87,auto; pedestrian,2027,0,7,false,true,true,true,safety-plan; data-driven; planning
UNF-4020,T202784777 Milford Adaptive Signal System — I-95,"Adaptive signal control, detection, and communications along I-95 MP 29.5 in Milford.",Kent,I-95,signals,3840000,3383937,unfunded,planning,10,auto; transit,2027,0,9,false,false,true,false,signal; operations; congestion; safety
UNF-4021,T202284814 Dover Slope Stabilization — SR 141 MP 1.6,"Embankment repair, drainage, and slope stabilization on SR 141 near Dover after repeated washouts.",Kent,SR 141,resilience,6270000,5111817,unfunded,row,38,auto,2027,1,13,false,true,true,true,slope; drainage; resilience; geotech
UNF-4022,T202384851 Henlopen Acres Complete Streets — SR 14 Town Center,"Lane reallocation, bicycle facilities, and pedestrian lighting on SR 14 through Henlopen Acres town center (FY26).",Sussex,SR 14,complete-streets,14810000,12460893,partially-funded,construction-ready,86,auto; pedestrian; bicycle,2028,5,31,true,true,false,false,complete-streets; bike-ped; equity; safety
UNF-4023,T202484888 Leipsic Adaptive Signal System — SR 30,"Adaptive signal control, detection, and communications along SR 30 MP 9.3 in Leipsic.",Kent,SR 30,signals,2500000,2417068,unfunded,construction-ready,93,auto; transit,2025,1,7,false,false,true,false,signal; operations; congestion; safety
UNF-4024,T202584925 SR 16 Lane Departure Countermeasures — Greenville,"Rumble strips, high-friction surface treatment, and curve warning upgrades on SR 16 MP 24.2 near Greenville.",New Castle,SR 16,safety,2620000,2519540,unfunded,final-design,79,auto,2027,1,17,true,false,true,true,lane-departure; rural; high-friction; systemic; safety
UNF-4025,T202684962 Bethel Slope Stabilization — SR 896 MP 18.3,"Embankment repair, drainage, and slope stabilization on SR 896 near Bethel after repeated washouts.",Sussex,SR 896,resilience,13890000,11216693,unfunded,preliminary-design,22,auto,2026,0,7,false,false,false,true,slope; drainage; resilience; geotech
UNF-4026,T202784999 SR 2 Bridge Culvert Replacement — Slaughter Beach,Replace a deteriorated culvert on SR 2 MP 12.9 near Slaughter Beach to restore hydraulic capacity and legal loads.,Sussex,SR 2,bridge,10960000,9305389,unfunded,row,52,auto; freight,2027,0,5,false,true,true,false,bridge; culvert; scour; state-of-good-repair
UNF-4027,T202285036 SR 896 Lane Departure Countermeasures — Elsmere,"Rumble strips, high-friction surface treatment, and curve warning upgrades on SR 896 MP 23.8 near Elsmere.",New Castle,SR 896,safety,5700000,5231592,unfunded,final-design,83,auto,2029,3,16,true,true,false,false,lane-departure; rural; high-friction; systemic; safety
UNF-4028,T202385073 DART Bus Maintenance Facility Rehab — Odessa,"Rehabilitate the DART bus maintenance garage in Odessa, including lifts, bus wash, and charging/fueling for the transit fleet.",New Castle,US 40,transit,13490000,11433604,unfunded,planning,6,transit,2026,1,8,false,false,false,true,transit; bus-fleet; garage; facility; low-no
UNF-4029,T202485110 SR 36 Bridge Preservation — Bridgeville FY26,"Deck overlay, joint replacement, and scour countermeasures on the SR 36 bridge near Bridgeville (MP 35.5).",Sussex,SR 36,bridge,23830000,19640230,partially-funded,preliminary-design,21,auto; freight,2028,1,8,false,false,true,false,bridge; preservation; state-of-good-repair
UNF-4030,T202585147 DE 1 Concrete Pavement Restoration — Delaware City,"Slab repair, diamond grinding, and joint resealing on DE 1 MP 15.0 in New Castle County near Delaware City.",New Castle,DE 1,pavement,6500000,5940721,partially-funded,planning,19,auto,2027,0,4,false,true,false,false,pavement; concrete; preservation
UNF-4031,T202685184 DE 1 Lane Departure Countermeasures — Rehoboth Beach,"Rumble strips, high-friction surface treatment, and curve warning upgrades on DE 1 MP 19.8 near Rehoboth Beach.",Sussex,DE 1,safety,4320000,3376189,unfunded,final-design,67,auto,2028,3,22,true,false,true,false,lane-departure; rural; high-friction; systemic; safety
UNF-4032,T202785221 Milton Road Diet and Downtown Safety — SR 2,"Road diet, on-street parking reconfiguration, ADA ramps, and pedestrian lighting in Milton along SR 2.",Sussex,SR 2,complete-streets,4540000,4427164,unfunded,planning,14,auto; pedestrian; bicycle,2028,4,22,true,true,true,false,road-diet; ada; downtown; complete-streets; safety
UNF-4033,T202285258 SR 54 Intersection Safety Package — Laurel Phase 1,"Systemic safety package at SR 54 MP 33.9 serving Laurel: signal upgrades, left-turn protection, lighting, and pedestrian intervals.",Sussex,SR 54,safety,11090000,10436640,unfunded,construction-ready,100,auto; pedestrian,2029,0,9,false,true,true,false,intersection; signal; safety; pedestrian; high-crash
UNF-4034,T202385295 Delaware City Roundabout Conversion — SR 2,Convert a high-crash SR 2 intersection in Delaware City (MP 8.7) to a single-lane roundabout with pedestrian crossings.,New Castle,SR 2,safety,3470000,2758976,partially-funded,final-design,81,auto; pedestrian,2028,6,33,true,true,false,false,roundabout; intersection; safety; pedestrian
UNF-4035,T202485332 SR 71 Pavement Rehab — Cheswold Group A,Mill and overlay of deteriorated SR 71 lanes through Cheswold (MP 24.1) to restore ride quality. Limited safety or equity components.,Kent,SR 71,pavement,3240000,3168324,unfunded,final-design,81,auto,2027,0,9,false,false,true,false,pavement; preservation; state-of-good-repair
UNF-4036,T202585369 Smyrna Complete Streets — SR 26 Town Center,"Lane reallocation, bicycle facilities, and pedestrian lighting on SR 26 through Smyrna town center (Northbound).",Kent,SR 26,complete-streets,7070000,5515893,unfunded,planning,18,auto; pedestrian; bicycle,2027,3,24,true,false,true,true,complete-streets; bike-ped; equity; safety
UNF-4037,T202685406 US 301 ITS Camera and Fiber — Henlopen Acres FY27,"CCTV, fiber interconnect, and TMC integration on US 301 MP 12.1 serving Henlopen Acres and Sussex County operations.",Sussex,US 301,signals,3630000,3405147,partially-funded,final-design,62,auto,2026,1,4,false,true,true,false,its; operations; congestion; signal
UNF-4038,T202785443 New Castle Slope Stabilization — SR 52 MP 39.4,"Embankment repair, drainage, and slope stabilization on SR 52 near New Castle after repeated washouts.",New Castle,SR 52,resilience,2880000,2869847,unfunded,row,43,auto,2025,0,6,false,true,false,false,slope; drainage; resilience; geotech
UNF-4039,T202285480 Long Neck Shared-Use Path — SR 36 Northbound,Construct a shared-use path parallel to SR 36 MP 32.6 connecting neighborhoods and schools in Long Neck.,Sussex,SR 36,bike-ped,3780000,3615225,unfunded,preliminary-design,27,pedestrian; bicycle,2027,0,4,false,true,true,true,bicycle; pedestrian; trail; vru
UNF-4040,T202385517 Magnolia Complete Streets — US 301 Town Center,"Lane reallocation, bicycle facilities, and pedestrian lighting on US 301 through Magnolia town center (Group A).",Kent,US 301,complete-streets,11970000,10001626,unfunded,final-design,79,auto; pedestrian; bicycle,2027,5,32,true,false,false,false,complete-streets; bike-ped; equity; safety
UNF-4041,T202485554 SR 71 Bridge Culvert Replacement — Delaware City,Replace a deteriorated culvert on SR 71 MP 2.0 near Delaware City to restore hydraulic capacity and legal loads.,New Castle,SR 71,bridge,5560000,4337297,partially-funded,final-design,63,auto; freight,2028,1,8,false,false,false,true,bridge; culvert; scour; state-of-good-repair
UNF-4042,T202585591 Red Lion Local Road Safety Plan,Data-driven local road safety plan for Red Lion identifying a high-injury network and proven countermeasures.,New Castle,SR 26,planning,540000,494122,unfunded,row,47,auto; pedestrian,2029,0,7,false,true,true,false,safety-plan; data-driven; planning
UNF-4043,T202685628 Lincoln Community Charging Hub — SR 300,Public DC fast charging adjacent to SR 300 serving Lincoln residents without home charging.,Sussex,SR 300,ev-charging,3590000,2943889,partially-funded,row,35,auto,2028,0,7,false,false,true,false,ev; equity; community; charging
UNF-4044,T202785665 Frankford Truck Route Geometric Improvements — SR 30,Widen turning radii and upgrade shoulders for freight movements on SR 30 MP 16.7 near Frankford.,Sussex,SR 30,freight,14860000,14285820,unfunded,final-design,66,freight; auto,2027,0,12,false,false,true,true,freight; geometry; shoulders
UNF-4045,T202285702 SR 36 Bridge Preservation — Dagsboro FY27,"Deck overlay, joint replacement, and scour countermeasures on the SR 36 bridge near Dagsboro (MP 44.5).",Sussex,SR 36,bridge,32380000,27457763,unfunded,row,58,auto; freight,2025,1,8,false,true,false,true,bridge; preservation; state-of-good-repair
UNF-4046,T202385739 SR 71 Bridge Culvert Replacement — Dover,Replace a deteriorated culvert on SR 71 MP 13.6 near Dover to restore hydraulic capacity and legal loads.,Kent,SR 71,bridge,6500000,5743973,unfunded,planning,17,auto; freight,2029,0,12,false,true,true,true,bridge; culvert; scour; state-of-good-repair
UNF-4047,T202485776 Camden Truck Route Geometric Improvements — SR 48,Widen turning radii and upgrade shoulders for freight movements on SR 48 MP 39.5 near Camden.,Kent,SR 48,freight,17340000,14400124,unfunded,final-design,67,freight; auto,2027,0,3,false,false,true,false,freight; geometry; shoulders
UNF-4048,T202585813 Kirkwood Complete Streets — SR 202 Town Center,"Lane reallocation, bicycle facilities, and pedestrian lighting on SR 202 through Kirkwood town center (FY27).",New Castle,SR 202,complete-streets,16840000,14971334,unfunded,planning,9,auto; pedestrian; bicycle,2026,3,19,true,false,false,true,complete-streets; bike-ped; equity; safety
UNF-4049,T202685850 Bellefonte Truck Route Geometric Improvements — SR 48,Widen turning radii and upgrade shoulders for freight movements on SR 48 MP 17.1 near Bellefonte.,New Castle,SR 48,freight,18040000,15802061,unfunded,construction-ready,93,freight; auto,2026,1,13,false,false,false,true,freight; geometry; shoulders
UNF-4050,T202785887 SR 273 Drainage and Flood Mitigation — Greenville,Stormwater upgrades and roadway raising where SR 273 MP 10.2 floods near Greenville.,New Castle,SR 273,resilience,6090000,6060913,unfunded,construction-ready,85,auto,2029,1,9,false,true,false,false,flood; drainage; resilience
UNF-4051,T202285924 Houston Sidewalk and Crossing Gap Closure — SR 299,"Fill sidewalk gaps and add high-visibility crossings along SR 299 MP 14.2 in Houston, with ADA curb ramps.",Kent,SR 299,bike-ped,1610000,1508749,unfunded,construction-ready,97,pedestrian; bicycle,2025,2,20,true,true,true,false,pedestrian; ada; crossing; vru
UNF-4052,T202385961 Little Creek Adaptive Signal System — DE 1,"Adaptive signal control, detection, and communications along DE 1 MP 33.8 in Little Creek.",Kent,DE 1,signals,5220000,5164995,partially-funded,final-design,82,auto; transit,2029,1,10,false,true,false,false,signal; operations; congestion; safety
UNF-4053,T202485998 SR 16 Bridge Preservation — Georgetown Southbound,"Deck overlay, joint replacement, and scour countermeasures on the SR 16 bridge near Georgetown (MP 13.9).",Sussex,SR 16,bridge,23710000,18574138,unfunded,construction-ready,99,auto; freight,2028,0,6,false,false,true,true,bridge; preservation; state-of-good-repair
UNF-4054,T202586035 US 13 Lane Departure Countermeasures — Arden,"Rumble strips, high-friction surface treatment, and curve warning upgrades on US 13 MP 28.0 near Arden.",New Castle,US 13,safety,7430000,6162388,unfunded,row,40,auto,2028,6,35,true,true,true,false,lane-departure; rural; high-friction; systemic; safety
UNF-4055,T202686072 Elsmere Local Road Safety Plan,Data-driven local road safety plan for Elsmere identifying a high-injury network and proven countermeasures.,New Castle,SR 1,planning,790000,705408,unfunded,construction-ready,88,auto; pedestrian,2028,0,2,false,true,false,false,safety-plan; data-driven; planning
UNF-4056,T202786109 SR 36 Intersection Safety Package — Bowers Phase 2,"Systemic safety package at SR 36 MP 27.0 serving Bowers: signal upgrades, left-turn protection, lighting, and pedestrian intervals.",Kent,SR 36,safety,15500000,15409407,unfunded,preliminary-design,30,auto; pedestrian,2028,0,5,false,false,true,false,intersection; signal; safety; pedestrian; high-crash
UNF-4057,T202286146 Camden-Wyoming Adaptive Signal System — US 40,"Adaptive signal control, detection, and communications along US 40 MP 18.0 in Camden-Wyoming.",Kent,US 40,signals,7840000,7579441,partially-funded,final-design,60,auto; transit,2028,0,12,false,false,true,false,signal; operations; congestion; safety
UNF-4058,T202386183 SR 202 Drainage and Flood Mitigation — Dover,Stormwater upgrades and roadway raising where SR 202 MP 29.2 floods near Dover.,Kent,SR 202,resilience,28030000,26087290,unfunded,preliminary-design,25,auto,2028,0,5,false,false,false,false,flood; drainage; resilience
UNF-4059,T202486220 DART Bus Fleet Replacement — Delaware City Division,"Replace diesel buses with low- and no-emission transit buses and related equipment at the DART Delaware City division, including depot charging.",New Castle,US 40,transit,38200000,37499298,unfunded,row,58,transit,2028,1,4,false,true,false,false,transit; bus-fleet; low-no; zero-emission; garage
UNF-4060,T202586257 SR 202 ITS Camera and Fiber — Dagsboro Group A,"CCTV, fiber interconnect, and TMC integration on SR 202 MP 6.1 serving Dagsboro and Sussex County operations.",Sussex,SR 202,signals,7360000,6647551,unfunded,row,46,auto,2027,1,17,true,true,true,false,its; operations; congestion; signal
UNF-4061,T202686294 Cheswold Community Charging Hub — SR 26,Public DC fast charging adjacent to SR 26 serving Cheswold residents without home charging.,Kent,SR 26,ev-charging,3360000,3225036,unfunded,construction-ready,85,auto,2027,0,8,false,false,true,true,ev; equity; community; charging
UNF-4062,T202786331 SR 4 Intersection Safety Package — Magnolia Group A,"Systemic safety package at SR 4 MP 4.8 serving Magnolia: signal upgrades, left-turn protection, lighting, and pedestrian intervals.",Kent,SR 4,safety,5760000,5029679,unfunded,construction-ready,96,auto; pedestrian,2026,5,22,true,false,false,false,intersection; signal; safety; pedestrian; high-crash
UNF-4063,T202286368 SR 404 ITS Camera and Fiber — New Castle FY26,"CCTV, fiber interconnect, and TMC integration on SR 404 MP 10.9 serving New Castle and New Castle County operations.",New Castle,SR 404,signals,3830000,3110551,unfunded,construction-ready,85,auto,2025,1,10,false,true,false,true,its; operations; congestion; signal
UNF-4064,T202386405 SR 300 Concrete Pavement Restoration — Dewey Beach,"Slab repair, diamond grinding, and joint resealing on SR 300 MP 38.1 in Sussex County near Dewey Beach.",Sussex,SR 300,pavement,15980000,12845718,unfunded,construction-ready,88,auto,2025,0,4,false,true,true,false,pavement; concrete; preservation
UNF-4065,T202486442 SR 10 Intersection Safety Package — Milton FY26,"Systemic safety package at SR 10 MP 39.4 serving Milton: signal upgrades, left-turn protection, lighting, and pedestrian intervals.",Sussex,SR 10,safety,4990000,4322558,unfunded,planning,9,auto; pedestrian,2026,5,32,true,true,false,true,intersection; signal; safety; pedestrian; high-crash
UNF-4066,T202586479 Bethany Beach Sidewalk and Crossing Gap Closure — SR 26,"Fill sidewalk gaps and add high-visibility crossings along SR 26 MP 30.7 in Bethany Beach, with ADA curb ramps.",Sussex,SR 26,bike-ped,3060000,2344516,unfunded,row,37,pedestrian; bicycle,2025,0,10,false,false,true,false,pedestrian; ada; crossing; vru
UNF-4067,T202686516 SR 48 Pavement Rehab — Frederica FY26,Mill and overlay of deteriorated SR 48 lanes through Frederica (MP 38.6) to restore ride quality. Limited safety or equity components.,Kent,SR 48,pavement,15350000,14773094,unfunded,row,47,auto,2026,1,14,false,true,false,false,pavement; preservation; state-of-good-repair
UNF-4068,T202786553 US 202 Lane Departure Countermeasures — Elsmere,"Rumble strips, high-friction surface treatment, and curve warning upgrades on US 202 MP 10.5 near Elsmere.",New Castle,US 202,safety,6640000,5286344,partially-funded,final-design,71,auto,2026,6,36,true,false,false,false,lane-departure; rural; high-friction; systemic; safety
UNF-4069,T202286590 Christiana Sidewalk and Crossing Gap Closure — SR 82,"Fill sidewalk gaps and add high-visibility crossings along SR 82 MP 13.0 in Christiana, with ADA curb ramps.",New Castle,SR 82,bike-ped,5820000,5214088,unfunded,final-design,78,pedestrian; bicycle,2029,6,34,true,false,false,false,pedestrian; ada; crossing; vru
UNF-4070,T202386627 Red Lion Roundabout Conversion — SR 20,Convert a high-crash SR 20 intersection in Red Lion (MP 4.3) to a single-lane roundabout with pedestrian crossings.,New Castle,SR 20,safety,9710000,9421860,unfunded,row,48,auto; pedestrian,2026,0,0,false,true,false,false,roundabout; intersection; safety; pedestrian
UNF-4071,T202486664 Sussex County Freight and Multimodal Plan Update,"Update the Sussex County freight and multimodal plan, including bottleneck screening on US 113 and equity analysis.",Sussex,US 113,planning,1510000,1178811,unfunded,row,36,auto; freight; transit,2025,0,5,false,true,true,false,planning; freight; multimodal; data-driven
UNF-4072,T202586701 SR 299 Bridge Preservation — Frankford Southbound,"Deck overlay, joint replacement, and scour countermeasures on the SR 299 bridge near Frankford (MP 1.6).",Sussex,SR 299,bridge,28330000,22424181,unfunded,planning,15,auto; freight,2026,1,15,true,false,false,true,bridge; preservation; state-of-good-repair
UNF-4073,T202686738 Milton Roundabout Conversion — SR 42,Convert a high-crash SR 42 intersection in Milton (MP 15.8) to a single-lane roundabout with pedestrian crossings.,Sussex,SR 42,safety,5760000,5552727,unfunded,preliminary-design,32,auto; pedestrian,2026,5,31,true,true,true,false,roundabout; intersection; safety; pedestrian
UNF-4074,T202786775 SR 1 Bridge Preservation — Odessa Northbound,"Deck overlay, joint replacement, and scour countermeasures on the SR 1 bridge near Odessa (MP 5.8).",New Castle,SR 1,bridge,35420000,27965198,unfunded,preliminary-design,33,auto; freight,2026,0,5,false,true,false,false,bridge; preservation; state-of-good-repair
UNF-4075,T202286812 I-295 Concrete Pavement Restoration — Bethel,"Slab repair, diamond grinding, and joint resealing on I-295 MP 42.9 in Sussex County near Bethel.",Sussex,I-295,pavement,20950000,17740472,unfunded,planning,6,auto,2026,1,8,false,false,true,false,pavement; concrete; preservation
UNF-4076,T202386849 Bear Roundabout Conversion — SR 10,Convert a high-crash SR 10 intersection in Bear (MP 5.9) to a single-lane roundabout with pedestrian crossings.,New Castle,SR 10,safety,12930000,9793526,unfunded,final-design,80,auto; pedestrian,2028,2,12,true,true,false,true,roundabout; intersection; safety; pedestrian
UNF-4077,T202486886 Middletown School Zone and Speed Management,"School-zone flashers, gateway treatments, and speed management on local streets feeding SR 300 in Middletown.",New Castle,SR 300,safety,2710000,2346983,partially-funded,preliminary-design,34,auto; pedestrian,2025,0,7,false,false,false,false,safety; school; speed-management; lighting
UNF-4078,T202586923 SR 4 Drainage and Flood Mitigation — Arden,Stormwater upgrades and roadway raising where SR 4 MP 5.6 floods near Arden.,New Castle,SR 4,resilience,23570000,20437569,unfunded,row,49,auto,2027,0,5,false,false,false,true,flood; drainage; resilience
UNF-4079,T202686960 SR 14 Bridge Culvert Replacement — Kenton,Replace a deteriorated culvert on SR 14 MP 7.8 near Kenton to restore hydraulic capacity and legal loads.,Kent,SR 14,bridge,5490000,4247320,unfunded,planning,9,auto; freight,2029,1,9,false,true,false,false,bridge; culvert; scour; state-of-good-repair
UNF-4080,T202786997 Cheswold Road Diet and Downtown Safety — SR 896,"Road diet, on-street parking reconfiguration, ADA ramps, and pedestrian lighting in Cheswold along SR 896.",Kent,SR 896,complete-streets,10070000,9632999,unfunded,preliminary-design,20,auto; pedestrian; bicycle,2029,1,14,false,true,true,true,road-diet; ada; downtown; complete-streets; safety
UNF-4081,T202287034 SR 1 Bridge Culvert Replacement — Blades,Replace a deteriorated culvert on SR 1 MP 38.3 near Blades to restore hydraulic capacity and legal loads.,Sussex,SR 1,bridge,6300000,5119472,unfunded,final-design,66,auto; freight,2027,1,17,true,false,true,false,bridge; culvert; scour; state-of-good-repair
UNF-4082,T202387071 Bethel Slope Stabilization — US 202 MP 28.7,"Embankment repair, drainage, and slope stabilization on US 202 near Bethel after repeated washouts.",Sussex,US 202,resilience,7300000,6230216,unfunded,final-design,69,auto,2027,0,13,false,false,true,false,slope; drainage; resilience; geotech
UNF-4083,T202487108 DART Bus Fleet Replacement — Millsboro Division,"Replace diesel buses with low- and no-emission transit buses and related equipment at the DART Millsboro division, including depot charging.",Sussex,SR 14,transit,23730000,19998170,unfunded,row,52,transit,2025,1,8,false,false,true,true,transit; bus-fleet; low-no; zero-emission; garage
UNF-4084,T202587145 SR 24 Pavement Rehab — Ellendale FY26,Mill and overlay of deteriorated SR 24 lanes through Ellendale (MP 9.4) to restore ride quality. Limited safety or equity components.,Sussex,SR 24,pavement,3850000,3828171,unfunded,construction-ready,89,auto,2029,1,10,false,false,true,false,pavement; preservation; state-of-good-repair
UNF-4085,T202687182 SR 16 Intersection Safety Package — Dover FY27,"Systemic safety package at SR 16 MP 11.2 serving Dover: signal upgrades, left-turn protection, lighting, and pedestrian intervals.",Kent,SR 16,safety,13700000,13461516,unfunded,preliminary-design,30,auto; pedestrian,2025,2,14,true,false,false,false,intersection; signal; safety; pedestrian; high-crash
UNF-4086,T202787219 SR 9 Intersection Safety Package — Delmar Phase 1,"Systemic safety package at SR 9 MP 5.1 serving Delmar: signal upgrades, left-turn protection, lighting, and pedestrian intervals.",Sussex,SR 9,safety,4750000,4353032,unfunded,preliminary-design,21,auto; pedestrian,2027,3,23,true,true,true,false,intersection; signal; safety; pedestrian; high-crash
UNF-4087,T202287256 Fenwick Island Road Diet and Downtown Safety — SR 72,"Road diet, on-street parking reconfiguration, ADA ramps, and pedestrian lighting in Fenwick Island along SR 72.",Sussex,SR 72,complete-streets,9830000,7392747,unfunded,row,41,auto; pedestrian; bicycle,2025,6,30,true,false,true,false,road-diet; ada; downtown; complete-streets; safety
UNF-4088,T202387293 SR 9 Bridge Preservation — Edgemoor FY26,"Deck overlay, joint replacement, and scour countermeasures on the SR 9 bridge near Edgemoor (MP 23.2).",New Castle,SR 9,bridge,34840000,34435736,partially-funded,row,36,auto; freight,2029,0,0,false,false,false,true,bridge; preservation; state-of-good-repair
UNF-4089,T202487330 DART Bus Maintenance Facility Rehab — Bear,"Rehabilitate the DART bus maintenance garage in Bear, including lifts, bus wash, and charging/fueling for the transit fleet.",New Castle,SR 273,transit,25690000,21919517,partially-funded,construction-ready,89,transit,2026,1,14,false,false,false,false,transit; bus-fleet; garage; facility; low-no
UNF-4090,T202587367 Wilmington DART Stop and Access Improvements — SR 404,"Accessible pads, shelters, lighting, and sidewalk connections to DART stops on SR 404 in Wilmington.",New Castle,SR 404,transit,2980000,2738012,unfunded,row,39,transit; pedestrian,2025,0,12,false,false,false,true,transit; equity; pedestrian; ada
UNF-4091,T202687404 Georgetown Slope Stabilization — SR 42 MP 12.1,"Embankment repair, drainage, and slope stabilization on SR 42 near Georgetown after repeated washouts.",Sussex,SR 42,resilience,7040000,6428969,unfunded,final-design,63,auto,2025,1,9,false,true,true,false,slope; drainage; resilience; geotech
UNF-4092,T202787441 Milton Road Diet and Downtown Safety — SR 4,"Road diet, on-street parking reconfiguration, ADA ramps, and pedestrian lighting in Milton along SR 4.",Sussex,SR 4,complete-streets,12940000,12507652,unfunded,row,47,auto; pedestrian; bicycle,2025,4,17,true,true,true,true,road-diet; ada; downtown; complete-streets; safety
UNF-4093,T202287478 SR 9 Intersection Safety Package — Townsend FY26,"Systemic safety package at SR 9 MP 4.1 serving Townsend: signal upgrades, left-turn protection, lighting, and pedestrian intervals.",New Castle,SR 9,safety,4150000,3891774,unfunded,preliminary-design,27,auto; pedestrian,2025,5,27,true,true,false,true,intersection; signal; safety; pedestrian; high-crash
UNF-4094,T202387515 DART Bus Fleet Replacement — Milford Division,"Replace diesel buses with low- and no-emission transit buses and related equipment at the DART Milford division, including depot charging.",Kent,SR 71,transit,33790000,27040336,unfunded,final-design,60,transit,2025,0,3,false,true,true,true,transit; bus-fleet; low-no; zero-emission; garage
UNF-4095,T202487552 SR 299 Drainage and Flood Mitigation — Greenville,Stormwater upgrades and roadway raising where SR 299 MP 23.0 floods near Greenville.,New Castle,SR 299,resilience,31380000,29423958,partially-funded,preliminary-design,23,auto,2025,1,4,false,false,false,true,flood; drainage; resilience
UNF-4096,T202587589 SR 202 Pavement Rehab — Houston Phase 2,Mill and overlay of deteriorated SR 202 lanes through Houston (MP 23.1) to restore ride quality. Limited safety or equity components.,Kent,SR 202,pavement,15330000,12079684,partially-funded,preliminary-design,27,auto,2029,1,11,false,true,true,true,pavement; preservation; state-of-good-repair
UNF-4097,T202687626 SR 26 Lane Departure Countermeasures — Georgetown,"Rumble strips, high-friction surface treatment, and curve warning upgrades on SR 26 MP 8.9 near Georgetown.",Sussex,SR 26,safety,8050000,6105027,unfunded,final-design,81,auto,2028,0,5,false,true,true,false,lane-departure; rural; high-friction; systemic; safety
UNF-4098,T202787663 Odessa Sidewalk and Crossing Gap Closure — SR 896,"Fill sidewalk gaps and add high-visibility crossings along SR 896 MP 18.3 in Odessa, with ADA curb ramps.",New Castle,SR 896,bike-ped,5490000,5242805,unfunded,planning,9,pedestrian; bicycle,2025,6,31,true,false,false,false,pedestrian; ada; crossing; vru
UNF-4099,T202287700 Slaughter Beach Shared-Use Path — US 13 Northbound,Construct a shared-use path parallel to US 13 MP 29.6 connecting neighborhoods and schools in Slaughter Beach.,Sussex,US 13,bike-ped,2950000,2852073,unfunded,row,53,pedestrian; bicycle,2026,5,28,true,true,true,false,bicycle; pedestrian; trail; vru
UNF-4100,T202387737 US 301 Intersection Safety Package — Bridgeville Phase 1,"Systemic safety package at US 301 MP 12.5 serving Bridgeville: signal upgrades, left-turn protection, lighting, and pedestrian intervals.",Sussex,US 301,safety,3950000,3382048,unfunded,preliminary-design,21,auto; pedestrian,2026,1,8,false,false,true,true,intersection; signal; safety; pedestrian; high-crash
UNF-4101,T202487774 SR 92 Drainage and Flood Mitigation — Bridgeville,Stormwater upgrades and roadway raising where SR 92 MP 11.0 floods near Bridgeville.,Sussex,SR 92,resilience,15040000,12998467,unfunded,final-design,81,auto,2029,1,5,false,false,true,true,flood; drainage; resilience
UNF-4102,T202587811 I-495 Pavement Rehab — Port Penn Phase 2,Mill and overlay of deteriorated I-495 lanes through Port Penn (MP 1.4) to restore ride quality. Limited safety or equity components.,New Castle,I-495,pavement,16440000,14519556,unfunded,planning,10,auto,2026,0,9,false,true,false,true,pavement; preservation; state-of-good-repair
UNF-4103,T202687848 Milford Sidewalk and Crossing Gap Closure — SR 30,"Fill sidewalk gaps and add high-visibility crossings along SR 30 MP 9.1 in Milford, with ADA curb ramps.",Kent,SR 30,bike-ped,5980000,4662270,unfunded,construction-ready,95,pedestrian; bicycle,2028,2,19,true,false,true,false,pedestrian; ada; crossing; vru
UNF-4104,T202787885 SR 7 Intersection Safety Package — Edgemoor Phase 1,"Systemic safety package at SR 7 MP 20.3 serving Edgemoor: signal upgrades, left-turn protection, lighting, and pedestrian intervals.",New Castle,SR 7,safety,6750000,6506156,unfunded,preliminary-design,31,auto; pedestrian,2027,6,36,true,false,false,true,intersection; signal; safety; pedestrian; high-crash
UNF-4105,T202287922 Camden-Wyoming School Zone and Speed Management,"School-zone flashers, gateway treatments, and speed management on local streets feeding SR 10 in Camden-Wyoming.",Kent,SR 10,safety,2410000,1975649,unfunded,final-design,78,auto; pedestrian,2026,4,24,true,true,true,false,safety; school; speed-management; lighting
UNF-4106,T202387959 Magnolia Complete Streets — SR 72 Town Center,"Lane reallocation, bicycle facilities, and pedestrian lighting on SR 72 through Magnolia town center (Phase 1).",Kent,SR 72,complete-streets,7780000,6608604,unfunded,row,58,auto; pedestrian; bicycle,2026,2,15,true,true,true,false,complete-streets; bike-ped; equity; safety
UNF-4107,T202487996 Henlopen Acres Community Charging Hub — SR 18,Public DC fast charging adjacent to SR 18 serving Henlopen Acres residents without home charging.,Sussex,SR 18,ev-charging,1590000,1314779,unfunded,row,42,auto,2029,0,3,false,false,true,false,ev; equity; community; charging
UNF-4108,T202588033 Laurel Truck Route Geometric Improvements — SR 7,Widen turning radii and upgrade shoulders for freight movements on SR 7 MP 23.2 near Laurel.,Sussex,SR 7,freight,15240000,11805863,partially-funded,row,45,freight; auto,2025,1,6,false,true,true,false,freight; geometry; shoulders
UNF-4109,T202688070 Slaughter Beach Sidewalk and Crossing Gap Closure — SR 300,"Fill sidewalk gaps and add high-visibility crossings along SR 300 MP 28.6 in Slaughter Beach, with ADA curb ramps.",Sussex,SR 300,bike-ped,3810000,2897171,unfunded,final-design,77,pedestrian; bicycle,2027,0,11,false,true,true,true,pedestrian; ada; crossing; vru
UNF-4110,T202788107 SR 300 Lane Departure Countermeasures — Dewey Beach,"Rumble strips, high-friction surface treatment, and curve warning upgrades on SR 300 MP 40.1 near Dewey Beach.",Sussex,SR 300,safety,4690000,3815851,unfunded,planning,14,auto,2028,5,21,true,false,true,false,lane-departure; rural; high-friction; systemic; safety
UNF-4111,T202288144 SR 9 Guardrail and End Treatment Upgrade — Elsmere,Replace outdated guardrail and end treatments on SR 9 MP 26.2 near Elsmere to current MASH standards.,New Castle,SR 9,safety,3070000,2801129,unfunded,preliminary-design,29,auto,2025,1,13,false,false,false,true,guardrail; safety; roadside; systemic
UNF-4112,T202388181 SR 52 Pavement Rehab — Long Neck Group A,Mill and overlay of deteriorated SR 52 lanes through Long Neck (MP 34.8) to restore ride quality. Limited safety or equity components.,Sussex,SR 52,pavement,14470000,12742624,partially-funded,preliminary-design,31,auto,2028,0,5,false,true,false,false,pavement; preservation; state-of-good-repair
UNF-4113,T202488218 Frankford Shared-Use Path — SR 16 Southbound,Construct a shared-use path parallel to SR 16 MP 3.9 connecting neighborhoods and schools in Frankford.,Sussex,SR 16,bike-ped,9060000,8239156,unfunded,preliminary-design,30,pedestrian; bicycle,2027,1,9,false,true,false,false,bicycle; pedestrian; trail; vru
UNF-4114,T202588255 SR 36 Intersection Safety Package — Port Penn FY26,"Systemic safety package at SR 36 MP 14.8 serving Port Penn: signal upgrades, left-turn protection, lighting, and pedestrian intervals.",New Castle,SR 36,safety,14550000,11090202,unfunded,row,37,auto; pedestrian,2029,0,0,false,true,false,false,intersection; signal; safety; pedestrian; high-crash
UNF-4115,T202688292 SR 16 Intersection Safety Package — Stanton Southbound,"Systemic safety package at SR 16 MP 23.0 serving Stanton: signal upgrades, left-turn protection, lighting, and pedestrian intervals.",New Castle,SR 16,safety,15330000,12690807,unfunded,preliminary-design,25,auto; pedestrian,2027,0,9,false,false,false,false,intersection; signal; safety; pedestrian; high-crash
UNF-4116,T202788329 SR 48 Guardrail and End Treatment Upgrade — Millville,Replace outdated guardrail and end treatments on SR 48 MP 43.5 near Millville to current MASH standards.,Sussex,SR 48,safety,1790000,1346037,unfunded,final-design,62,auto,2028,4,21,true,false,false,true,guardrail; safety; roadside; systemic
UNF-4117,T202288366 SR 36 Intersection Safety Package — Edgemoor Phase 2,"Systemic safety package at SR 36 MP 12.1 serving Edgemoor: signal upgrades, left-turn protection, lighting, and pedestrian intervals.",New Castle,SR 36,safety,10990000,9562365,partially-funded,row,57,auto; pedestrian,2026,3,21,true,false,false,false,intersection; signal; safety; pedestrian; high-crash
UNF-4118,T202388403 SR 404 Intersection Safety Package — Bridgeville Group B,"Systemic safety package at SR 404 MP 38.4 serving Bridgeville: signal upgrades, left-turn protection, lighting, and pedestrian intervals.",Sussex,SR 404,safety,7150000,5492437,unfunded,final-design,63,auto; pedestrian,2028,4,20,true,false,true,false,intersection; signal; safety; pedestrian; high-crash
UNF-4119,T202488440 SR 300 Drainage and Flood Mitigation — Harrington,Stormwater upgrades and roadway raising where SR 300 MP 26.1 floods near Harrington.,Kent,SR 300,resilience,5480000,5475656,unfunded,planning,17,auto,2027,1,16,true,false,true,true,flood; drainage; resilience
UNF-4120,T202588477 SR 92 Bridge Preservation — Townsend FY26,"Deck overlay, joint replacement, and scour countermeasures on the SR 92 bridge near Townsend (MP 39.0).",New Castle,SR 92,bridge,23100000,21915303,partially-funded,construction-ready,94,auto; freight,2025,1,13,false,false,false,true,bridge; preservation; state-of-good-repair
UNF-4121,T202688514 US 40 Bridge Preservation — Claymont Group B,"Deck overlay, joint replacement, and scour countermeasures on the US 40 bridge near Claymont (MP 27.1).",New Castle,US 40,bridge,35190000,30377646,unfunded,planning,6,auto; freight,2026,0,9,false,false,false,false,bridge; preservation; state-of-good-repair
UNF-4122,T202788551 I-495 Bridge Culvert Replacement — Woodside,Replace a deteriorated culvert on I-495 MP 37.9 near Woodside to restore hydraulic capacity and legal loads.,Kent,I-495,bridge,11300000,10727577,unfunded,preliminary-design,33,auto; freight,2026,0,0,false,false,true,false,bridge; culvert; scour; state-of-good-repair
UNF-4123,T202288588 SR 48 Pavement Rehab — Newport FY26,Mill and overlay of deteriorated SR 48 lanes through Newport (MP 27.8) to restore ride quality. Limited safety or equity components.,New Castle,SR 48,pavement,11610000,9247967,unfunded,final-design,66,auto,2026,1,14,false,true,true,false,pavement; preservation; state-of-good-repair
UNF-4124,T202388625 I-495 Concrete Pavement Restoration — Woodside,"Slab repair, diamond grinding, and joint resealing on I-495 MP 2.7 in Kent County near Woodside.",Kent,I-495,pavement,14790000,13928953,unfunded,row,58,auto,2029,0,1,false,true,true,false,pavement; concrete; preservation
UNF-4125,T202488662 Rising Sun Complete Streets — DE 1 Town Center,"Lane reallocation, bicycle facilities, and pedestrian lighting on DE 1 through Rising Sun town center (Group A).",Kent,DE 1,complete-streets,4800000,4312794,unfunded,preliminary-design,28,auto; pedestrian; bicycle,2028,1,9,false,false,false,false,complete-streets; bike-ped; equity; safety
UNF-4126,T202588699 SR 42 Pavement Rehab — Felton Northbound,Mill and overlay of deteriorated SR 42 lanes through Felton (MP 16.5) to restore ride quality. Limited safety or equity components.,Kent,SR 42,pavement,20640000,19219426,unfunded,row,57,auto,2026,0,3,false,true,false,false,pavement; preservation; state-of-good-repair
UNF-4127,T202688736 US 13 Bridge Culvert Replacement — Laurel,Replace a deteriorated culvert on US 13 MP 6.2 near Laurel to restore hydraulic capacity and legal loads.,Sussex,US 13,bridge,10430000,9307302,partially-funded,row,53,auto; freight,2025,1,12,false,true,false,false,bridge; culvert; scour; state-of-good-repair
UNF-4128,T202788773 US 40 Lane Departure Countermeasures — Camden,"Rumble strips, high-friction surface treatment, and curve warning upgrades on US 40 MP 31.5 near Camden.",Kent,US 40,safety,2450000,2306104,unfunded,preliminary-design,29,auto,2029,0,6,false,false,false,false,lane-departure; rural; high-friction; systemic; safety
UNF-4129,T202288810 Bethany Beach Community Charging Hub — I-295,Public DC fast charging adjacent to I-295 serving Bethany Beach residents without home charging.,Sussex,I-295,ev-charging,1630000,1535875,partially-funded,final-design,65,auto,2027,0,12,false,false,true,true,ev; equity; community; charging
UNF-4130,T202388847 SR 299 Bridge Preservation — Christiana Phase 1,"Deck overlay, joint replacement, and scour countermeasures on the SR 299 bridge near Christiana (MP 1.2).",New Castle,SR 299,bridge,29350000,22889802,unfunded,final-design,69,auto; freight,2027,1,17,true,true,false,true,bridge; preservation; state-of-good-repair
UNF-4131,T202488884 SR 30 ITS Camera and Fiber — Dewey Beach FY26,"CCTV, fiber interconnect, and TMC integration on SR 30 MP 24.9 serving Dewey Beach and Sussex County operations.",Sussex,SR 30,signals,5040000,4688445,unfunded,final-design,69,auto,2029,1,8,false,true,true,true,its; operations; congestion; signal
UNF-4132,T202588921 US 301 Intersection Safety Package — Dover Group A,"Systemic safety package at US 301 MP 13.0 serving Dover: signal upgrades, left-turn protection, lighting, and pedestrian intervals.",Kent,US 301,safety,10060000,8533959,unfunded,planning,8,auto; pedestrian,2026,3,20,true,false,true,false,intersection; signal; safety; pedestrian; high-crash
UNF-4133,T202688958 SR 54 Intersection Safety Package — Blades Phase 2,"Systemic safety package at SR 54 MP 24.2 serving Blades: signal upgrades, left-turn protection, lighting, and pedestrian intervals.",Sussex,SR 54,safety,13210000,10539846,unfunded,final-design,78,auto; pedestrian,2027,1,7,false,true,false,true,intersection; signal; safety; pedestrian; high-crash
UNF-4134,T202788995 Odessa Sidewalk and Crossing Gap Closure — US 202,"Fill sidewalk gaps and add high-visibility crossings along US 202 MP 31.1 in Odessa, with ADA curb ramps.",New Castle,US 202,bike-ped,1800000,1632829,unfunded,planning,12,pedestrian; bicycle,2029,3,22,true,true,false,false,pedestrian; ada; crossing; vru
UNF-4135,T202289032 DE 1 Pavement Rehab — Camden-Wyoming Southbound,Mill and overlay of deteriorated DE 1 lanes through Camden-Wyoming (MP 25.5) to restore ride quality. Limited safety or equity components.,Kent,DE 1,pavement,10370000,7947871,unfunded,final-design,62,auto,2027,0,6,false,true,false,false,pavement; preservation; state-of-good-repair
UNF-4136,T202389069 Odessa School Zone and Speed Management,"School-zone flashers, gateway treatments, and speed management on local streets feeding US 13 in Odessa.",New Castle,US 13,safety,3680000,3624073,unfunded,row,53,auto; pedestrian,2027,5,23,true,true,false,false,safety; school; speed-management; lighting
UNF-4137,T202489106 US 202 Pavement Rehab — Kirkwood Group A,Mill and overlay of deteriorated US 202 lanes through Kirkwood (MP 15.0) to restore ride quality. Limited safety or equity components.,New Castle,US 202,pavement,15810000,13432413,unfunded,final-design,62,auto,2028,1,13,false,true,false,true,pavement; preservation; state-of-good-repair
UNF-4138,T202589143 Dagsboro DART Stop and Access Improvements — SR 18,"Accessible pads, shelters, lighting, and sidewalk connections to DART stops on SR 18 in Dagsboro.",Sussex,SR 18,transit,3080000,2921374,unfunded,preliminary-design,23,transit; pedestrian,2029,0,4,false,true,false,false,transit; equity; pedestrian; ada
UNF-4139,T202689180 SR 404 Intersection Safety Package — Lincoln FY27,"Systemic safety package at SR 404 MP 42.0 serving Lincoln: signal upgrades, left-turn protection, lighting, and pedestrian intervals.",Sussex,SR 404,safety,9690000,8817933,unfunded,row,44,auto; pedestrian,2028,5,24,true,true,true,true,intersection; signal; safety; pedestrian; high-crash
UNF-4140,T202789217 SR 4 ITS Camera and Fiber — Bethany Beach FY27,"CCTV, fiber interconnect, and TMC integration on SR 4 MP 6.2 serving Bethany Beach and Sussex County operations.",Sussex,SR 4,signals,3310000,3171443,unfunded,row,51,auto,2029,1,14,false,false,true,false,its; operations; congestion; signal
UNF-4141,T202289254 SR 26 Drainage and Flood Mitigation — Greenville,Stormwater upgrades and roadway raising where SR 26 MP 14.0 floods near Greenville.,New Castle,SR 26,resilience,30350000,27436038,unfunded,final-design,82,auto,2027,0,0,false,true,false,true,flood; drainage; resilience
UNF-4142,T202389291 SR 54 Pavement Rehab — Lewes Phase 1,Mill and overlay of deteriorated SR 54 lanes through Lewes (MP 26.7) to restore ride quality. Limited safety or equity components.,Sussex,SR 54,pavement,4500000,4122218,partially-funded,final-design,73,auto,2025,0,13,false,true,false,false,pavement; preservation; state-of-good-repair
UNF-4143,T202489328 Camden Adaptive Signal System — SR 58,"Adaptive signal control, detection, and communications along SR 58 MP 24.1 in Camden.",Kent,SR 58,signals,7980000,6681675,unfunded,final-design,76,auto; transit,2027,0,1,false,false,true,true,signal; operations; congestion; safety
UNF-4144,T202589365 Bridgeville Local Road Safety Plan,Data-driven local road safety plan for Bridgeville identifying a high-injury network and proven countermeasures.,Sussex,SR 141,planning,280000,248485,partially-funded,construction-ready,88,auto; pedestrian,2025,0,3,false,false,true,false,safety-plan; data-driven; planning
UNF-4145,T202689402 SR 10 Bridge Preservation — Woodside Group B,"Deck overlay, joint replacement, and scour countermeasures on the SR 10 bridge near Woodside (MP 15.9).",Kent,SR 10,bridge,36280000,27671196,partially-funded,row,51,auto; freight,2025,0,8,false,true,true,false,bridge; preservation; state-of-good-repair
UNF-4146,T202789439 SR 7 Intersection Safety Package — Smyrna Phase 1,"Systemic safety package at SR 7 MP 22.3 serving Smyrna: signal upgrades, left-turn protection, lighting, and pedestrian intervals.",Kent,SR 7,safety,8150000,7480037,unfunded,row,45,auto; pedestrian,2027,6,36,true,true,true,false,intersection; signal; safety; pedestrian; high-crash
UNF-4147,T202289476 SR 42 Drainage and Flood Mitigation — Clayton,Stormwater upgrades and roadway raising where SR 42 MP 1.9 floods near Clayton.,Kent,SR 42,resilience,21210000,18268163,partially-funded,row,50,auto,2026,1,17,true,false,true,false,flood; drainage; resilience
UNF-4148,T202389513 SR 299 Freight Bottleneck Relief — Smyrna,"Intersection capacity, turning-radius, and signal timing improvements for industrial freight on SR 299 MP 27.8 in Smyrna.",Kent,SR 299,freight,23660000,18292673,unfunded,final-design,61,freight; auto,2027,0,7,false,true,false,false,freight; bottleneck; signal; reliability
UNF-4149,T202489550 SR 58 Drainage and Flood Mitigation — Lewes,Stormwater upgrades and roadway raising where SR 58 MP 19.0 floods near Lewes.,Sussex,SR 58,resilience,29790000,26542817,unfunded,construction-ready,86,auto,2028,1,16,true,false,true,true,flood; drainage; resilience
UNF-4150,T202589587 SR 42 Lane Departure Countermeasures — Blades,"Rumble strips, high-friction surface treatment, and curve warning upgrades on SR 42 MP 33.9 near Blades.",Sussex,SR 42,safety,9300000,7510720,partially-funded,planning,11,auto,2028,6,32,true,false,true,false,lane-departure; rural; high-friction; systemic; safety
UNF-4151,T202689624 Bear Shared-Use Path — SR 4 Northbound,Construct a shared-use path parallel to SR 4 MP 43.4 connecting neighborhoods and schools in Bear.,New Castle,SR 4,bike-ped,3760000,3734033,partially-funded,construction-ready,92,pedestrian; bicycle,2025,0,3,false,false,true,true,bicycle; pedestrian; trail; vru
UNF-4152,T202789661 Henlopen Acres Adaptive Signal System — SR 54,"Adaptive signal control, detection, and communications along SR 54 MP 33.1 in Henlopen Acres.",Sussex,SR 54,signals,5290000,5016614,partially-funded,final-design,83,auto; transit,2025,0,1,false,true,false,false,signal; operations; congestion; safety
UNF-4153,T202289698 SR 141 Intersection Safety Package — Bellefonte Phase 1,"Systemic safety package at SR 141 MP 25.9 serving Bellefonte: signal upgrades, left-turn protection, lighting, and pedestrian intervals.",New Castle,SR 141,safety,8090000,6189987,unfunded,final-design,61,auto; pedestrian,2027,3,21,true,true,false,false,intersection; signal; safety; pedestrian; high-crash
UNF-4154,T202389735 Blades DART Stop and Access Improvements — SR 18,"Accessible pads, shelters, lighting, and sidewalk connections to DART stops on SR 18 in Blades.",Sussex,SR 18,transit,4530000,4032075,unfunded,preliminary-design,22,transit; pedestrian,2025,0,2,false,false,true,false,transit; equity; pedestrian; ada
UNF-4155,T202489772 Lewes Truck Route Geometric Improvements — SR 42,Widen turning radii and upgrade shoulders for freight movements on SR 42 MP 30.7 near Lewes.,Sussex,SR 42,freight,13720000,13158826,unfunded,preliminary-design,21,freight; auto,2026,0,3,false,true,false,false,freight; geometry; shoulders
UNF-4156,T202589809 Delmar Road Diet and Downtown Safety — US 13,"Road diet, on-street parking reconfiguration, ADA ramps, and pedestrian lighting in Delmar along US 13.",Sussex,US 13,complete-streets,7740000,7456815,unfunded,planning,18,auto; pedestrian; bicycle,2025,2,11,true,true,false,false,road-diet; ada; downtown; complete-streets; safety
UNF-4157,T202689846 SR 7 Intersection Safety Package — Red Lion FY26,"Systemic safety package at SR 7 MP 34.0 serving Red Lion: signal upgrades, left-turn protection, lighting, and pedestrian intervals.",New Castle,SR 7,safety,7970000,6467673,unfunded,planning,15,auto; pedestrian,2027,0,1,false,true,false,false,intersection; signal; safety; pedestrian; high-crash
UNF-4158,T202789883 SR 54 Drainage and Flood Mitigation — Harrington,Stormwater upgrades and roadway raising where SR 54 MP 21.3 floods near Harrington.,Kent,SR 54,resilience,5650000,4274727,partially-funded,final-design,76,auto,2025,0,10,false,false,true,false,flood; drainage; resilience
UNF-4159,T202289920 SR 92 Freight Bottleneck Relief — Dagsboro,"Intersection capacity, turning-radius, and signal timing improvements for industrial freight on SR 92 MP 26.9 in Dagsboro.",Sussex,SR 92,freight,8630000,6605151,unfunded,construction-ready,85,freight; auto,2029,1,4,false,false,true,false,freight; bottleneck; signal; reliability
UNF-4160,T202389957 Cheswold Shared-Use Path — DE 1 Phase 1,Construct a shared-use path parallel to DE 1 MP 40.2 connecting neighborhoods and schools in Cheswold.,Kent,DE 1,bike-ped,5970000,4804607,unfunded,preliminary-design,29,pedestrian; bicycle,2029,5,32,true,true,true,true,bicycle; pedestrian; trail; vru
UNF-4161,T202489994 SR 54 ITS Camera and Fiber — Camden-Wyoming Southbound,"CCTV, fiber interconnect, and TMC integration on SR 54 MP 27.7 serving Camden-Wyoming and Kent County operations.",Kent,SR 54,signals,4380000,3746082,partially-funded,row,53,auto,2026,1,10,false,false,true,false,its; operations; congestion; signal
UNF-4162,T202510031 Long Neck DART Stop and Access Improvements — SR 300,"Accessible pads, shelters, lighting, and sidewalk connections to DART stops on SR 300 in Long Neck.",Sussex,SR 300,transit,4270000,3644941,unfunded,row,52,transit; pedestrian,2026,1,9,false,true,false,false,transit; equity; pedestrian; ada
UNF-4163,T202610068 SR 36 ITS Camera and Fiber — Hockessin Southbound,"CCTV, fiber interconnect, and TMC integration on SR 36 MP 33.7 serving Hockessin and New Castle County operations.",New Castle,SR 36,signals,5360000,4456628,unfunded,planning,19,auto,2028,0,5,false,false,false,false,its; operations; congestion; signal
UNF-4164,T202710105 Clayton Sidewalk and Crossing Gap Closure — I-95,"Fill sidewalk gaps and add high-visibility crossings along I-95 MP 32.2 in Clayton, with ADA curb ramps.",Kent,I-95,bike-ped,7590000,7514310,unfunded,construction-ready,86,pedestrian; bicycle,2026,0,11,false,false,false,false,pedestrian; ada; crossing; vru
UNF-4165,T202210142 Houston Sidewalk and Crossing Gap Closure — SR 26,"Fill sidewalk gaps and add high-visibility crossings along SR 26 MP 29.7 in Houston, with ADA curb ramps.",Kent,SR 26,bike-ped,4250000,3797427,unfunded,row,45,pedestrian; bicycle,2028,5,27,true,false,true,true,pedestrian; ada; crossing; vru
UNF-4166,T202310179 Ocean View Shared-Use Path — SR 8 FY26,Construct a shared-use path parallel to SR 8 MP 35.1 connecting neighborhoods and schools in Ocean View.,Sussex,SR 8,bike-ped,4270000,4111757,unfunded,planning,13,pedestrian; bicycle,2027,6,36,true,true,true,false,bicycle; pedestrian; trail; vru
UNF-4167,T202410216 SR 7 Intersection Safety Package — Pike Creek Group A,"Systemic safety package at SR 7 MP 24.1 serving Pike Creek: signal upgrades, left-turn protection, lighting, and pedestrian intervals.",New Castle,SR 7,safety,13260000,10967284,partially-funded,row,57,auto; pedestrian,2026,3,15,true,false,false,false,intersection; signal; safety; pedestrian; high-crash
UNF-4168,T202510253 SR 82 Intersection Safety Package — Rehoboth Beach Group A,"Systemic safety package at SR 82 MP 28.1 serving Rehoboth Beach: signal upgrades, left-turn protection, lighting, and pedestrian intervals.",Sussex,SR 82,safety,11450000,9959340,unfunded,final-design,79,auto; pedestrian,2025,4,22,true,false,true,false,intersection; signal; safety; pedestrian; high-crash
UNF-4169,T202610290 SR 82 ITS Camera and Fiber — Wilmington FY26,"CCTV, fiber interconnect, and TMC integration on SR 82 MP 13.6 serving Wilmington and New Castle County operations.",New Castle,SR 82,signals,3830000,3769834,partially-funded,planning,11,auto,2027,1,6,false,false,false,true,its; operations; congestion; signal
UNF-4170,T202710327 Gumboro Local Road Safety Plan,Data-driven local road safety plan for Gumboro identifying a high-injury network and proven countermeasures.,Sussex,I-295,planning,390000,349579,unfunded,preliminary-design,29,auto; pedestrian,2025,1,11,false,true,true,false,safety-plan; data-driven; planning
UNF-4171,T202210364 SR 71 Bridge Preservation — Middletown Group B,"Deck overlay, joint replacement, and scour countermeasures on the SR 71 bridge near Middletown (MP 30.9).",New Castle,SR 71,bridge,35530000,32464013,unfunded,construction-ready,94,auto; freight,2029,0,11,false,true,true,false,bridge; preservation; state-of-good-repair
UNF-4172,T202310401 SR 299 Lane Departure Countermeasures — Bear,"Rumble strips, high-friction surface treatment, and curve warning upgrades on SR 299 MP 32.5 near Bear.",New Castle,SR 299,safety,4170000,3539533,unfunded,row,58,auto,2029,2,17,true,false,false,false,lane-departure; rural; high-friction; systemic; safety
UNF-4173,T202410438 US 13 Bridge Preservation — Viola Northbound,"Deck overlay, joint replacement, and scour countermeasures on the US 13 bridge near Viola (MP 16.4).",Kent,US 13,bridge,26580000,22565393,unfunded,row,35,auto; freight,2029,1,4,false,false,false,false,bridge; preservation; state-of-good-repair
UNF-4174,T202510475 US 113 Drainage and Flood Mitigation — Christiana,Stormwater upgrades and roadway raising where US 113 MP 7.9 floods near Christiana.,New Castle,US 113,resilience,25050000,20002918,partially-funded,final-design,69,auto,2025,0,1,false,true,false,false,flood; drainage; resilience
UNF-4175,T202610512 SR 20 Drainage and Flood Mitigation — Delaware City,Stormwater upgrades and roadway raising where SR 20 MP 1.7 floods near Delaware City.,New Castle,SR 20,resilience,21400000,21389690,unfunded,construction-ready,90,auto,2027,0,4,false,true,false,false,flood; drainage; resilience
UNF-4176,T202710549 Bethel DART Stop and Access Improvements — SR 14,"Accessible pads, shelters, lighting, and sidewalk connections to DART stops on SR 14 in Bethel.",Sussex,SR 14,transit,4240000,3401135,unfunded,preliminary-design,32,transit; pedestrian,2029,1,6,false,false,true,true,transit; equity; pedestrian; ada
UNF-4177,T202210586 SR 92 Intersection Safety Package — Claymont Northbound,"Systemic safety package at SR 92 MP 23.4 serving Claymont: signal upgrades, left-turn protection, lighting, and pedestrian intervals.",New Castle,SR 92,safety,4440000,3636040,unfunded,planning,16,auto; pedestrian,2029,3,25,true,false,false,false,intersection; signal; safety; pedestrian; high-crash
UNF-4178,T202310623 SR 896 Freight Bottleneck Relief — Magnolia,"Intersection capacity, turning-radius, and signal timing improvements for industrial freight on SR 896 MP 5.3 in Magnolia.",Kent,SR 896,freight,14190000,12872888,unfunded,row,46,freight; auto,2029,1,12,false,false,true,false,freight; bottleneck; signal; reliability
UNF-4179,T202410660 Ocean View School Zone and Speed Management,"School-zone flashers, gateway treatments, and speed management on local streets feeding US 40 in Ocean View.",Sussex,US 40,safety,4500000,4373994,unfunded,final-design,68,auto; pedestrian,2027,0,6,false,false,false,false,safety; school; speed-management; lighting
UNF-4180,T202510697 SR 42 Bridge Preservation — Seaford Southbound,"Deck overlay, joint replacement, and scour countermeasures on the SR 42 bridge near Seaford (MP 37.9).",Sussex,SR 42,bridge,31410000,29030307,unfunded,planning,10,auto; freight,2029,0,6,false,true,false,false,bridge; preservation; state-of-good-repair
UNF-4181,T202610734 DE 1 Bridge Preservation — Bridgeville Southbound,"Deck overlay, joint replacement, and scour countermeasures on the DE 1 bridge near Bridgeville (MP 33.7).",Sussex,DE 1,bridge,36550000,30941939,unfunded,planning,18,auto; freight,2026,1,5,false,true,false,false,bridge; preservation; state-of-good-repair
UNF-4182,T202710771 SR 8 Lane Departure Countermeasures — Bear,"Rumble strips, high-friction surface treatment, and curve warning upgrades on SR 8 MP 39.5 near Bear.",New Castle,SR 8,safety,6700000,5521628,unfunded,construction-ready,98,auto,2025,1,9,false,false,false,false,lane-departure; rural; high-friction; systemic; safety
UNF-4183,T202210808 SR 26 Lane Departure Countermeasures — Delaware City,"Rumble strips, high-friction surface treatment, and curve warning upgrades on SR 26 MP 11.0 near Delaware City.",New Castle,SR 26,safety,4840000,4406131,unfunded,planning,6,auto,2026,1,9,false,false,false,true,lane-departure; rural; high-friction; systemic; safety
UNF-4184,T202310845 SR 20 Bridge Culvert Replacement — Felton,Replace a deteriorated culvert on SR 20 MP 2.8 near Felton to restore hydraulic capacity and legal loads.,Kent,SR 20,bridge,10240000,9002282,unfunded,final-design,73,auto; freight,2028,0,12,false,false,false,false,bridge; culvert; scour; state-of-good-repair
UNF-4185,T202410882 SR 42 Drainage and Flood Mitigation — Lincoln,Stormwater upgrades and roadway raising where SR 42 MP 27.7 floods near Lincoln.,Sussex,SR 42,resilience,9590000,8003527,unfunded,row,50,auto,2028,1,9,false,true,true,false,flood; drainage; resilience
UNF-4186,T202510919 Gumboro DART Stop and Access Improvements — I-95,"Accessible pads, shelters, lighting, and sidewalk connections to DART stops on I-95 in Gumboro.",Sussex,I-95,transit,6460000,5579836,unfunded,preliminary-design,34,transit; pedestrian,2029,1,17,true,false,true,false,transit; equity; pedestrian; ada
UNF-4187,T202610956 Wyoming Complete Streets — US 40 Town Center,"Lane reallocation, bicycle facilities, and pedestrian lighting on US 40 through Wyoming town center (Phase 2).",Kent,US 40,complete-streets,8130000,6425893,partially-funded,final-design,64,auto; pedestrian; bicycle,2025,6,32,true,false,true,true,complete-streets; bike-ped; equity; safety
UNF-4188,T202710993 Ellendale Road Diet and Downtown Safety — SR 300,"Road diet, on-street parking reconfiguration, ADA ramps, and pedestrian lighting in Ellendale along SR 300.",Sussex,SR 300,complete-streets,7420000,6096824,unfunded,row,47,auto; pedestrian; bicycle,2025,6,24,true,false,false,false,road-diet; ada; downtown; complete-streets; safety
UNF-4189,T202211030 Kenton Shared-Use Path — US 202 Group A,Construct a shared-use path parallel to US 202 MP 23.2 connecting neighborhoods and schools in Kenton.,Kent,US 202,bike-ped,7370000,6504405,unfunded,construction-ready,94,pedestrian; bicycle,2025,2,8,true,true,false,false,bicycle; pedestrian; trail; vru
UNF-4190,T202311067 SR 10 Bridge Preservation — Georgetown Phase 1,"Deck overlay, joint replacement, and scour countermeasures on the SR 10 bridge near Georgetown (MP 5.5).",Sussex,SR 10,bridge,5630000,4635958,unfunded,preliminary-design,22,auto; freight,2029,1,10,false,true,true,false,bridge; preservation; state-of-good-repair
UNF-4191,T202411104 SR 52 Pavement Rehab — Smyrna Phase 1,Mill and overlay of deteriorated SR 52 lanes through Smyrna (MP 21.7) to restore ride quality. Limited safety or equity components.,Kent,SR 52,pavement,21390000,17375118,unfunded,planning,11,auto,2026,1,17,true,true,false,false,pavement; preservation; state-of-good-repair
UNF-4192,T202511141 SR 52 ITS Camera and Fiber — Newport Southbound,"CCTV, fiber interconnect, and TMC integration on SR 52 MP 11.6 serving Newport and New Castle County operations.",New Castle,SR 52,signals,3520000,3309184,unfunded,construction-ready,91,auto,2029,0,12,false,false,false,false,its; operations; congestion; signal
UNF-4193,T202611178 Wyoming Complete Streets — SR 300 Town Center,"Lane reallocation, bicycle facilities, and pedestrian lighting on SR 300 through Wyoming town center (FY26).",Kent,SR 300,complete-streets,4570000,4291482,unfunded,final-design,69,auto; pedestrian; bicycle,2029,0,10,false,true,false,true,complete-streets; bike-ped; equity; safety
UNF-4194,T202711215 SR 141 ITS Camera and Fiber — Dewey Beach FY26,"CCTV, fiber interconnect, and TMC integration on SR 141 MP 38.5 serving Dewey Beach and Sussex County operations.",Sussex,SR 141,signals,4180000,3523729,unfunded,final-design,64,auto,2028,0,7,false,true,true,false,its; operations; congestion; signal
UNF-4195,T202211252 Milton Truck Route Geometric Improvements — I-495,Widen turning radii and upgrade shoulders for freight movements on I-495 MP 43.9 near Milton.,Sussex,I-495,freight,16150000,14927869,unfunded,preliminary-design,29,freight; auto,2027,0,1,false,true,true,false,freight; geometry; shoulders
UNF-4196,T202311289 SR 30 Intersection Safety Package — Newark FY27,"Systemic safety package at SR 30 MP 36.3 serving Newark: signal upgrades, left-turn protection, lighting, and pedestrian intervals.",New Castle,SR 30,safety,11380000,9944021,partially-funded,planning,9,auto; pedestrian,2025,4,19,true,false,false,false,intersection; signal; safety; pedestrian; high-crash
UNF-4197,T202411326 SR 7 Bridge Preservation — Christiana Phase 1,"Deck overlay, joint replacement, and scour countermeasures on the SR 7 bridge near Christiana (MP 19.6).",New Castle,SR 7,bridge,17970000,15582762,unfunded,row,45,auto; freight,2028,0,11,false,true,false,false,bridge; preservation; state-of-good-repair
UNF-4198,T202511363 Greenville School Zone and Speed Management,"School-zone flashers, gateway treatments, and speed management on local streets feeding SR 71 in Greenville.",New Castle,SR 71,safety,4460000,3994401,unfunded,construction-ready,93,auto; pedestrian,2027,4,20,true,false,false,false,safety; school; speed-management; lighting
UNF-4199,T202611400 Little Creek Shared-Use Path — SR 1 Phase 1,Construct a shared-use path parallel to SR 1 MP 10.4 connecting neighborhoods and schools in Little Creek.,Kent,SR 1,bike-ped,5910000,5822987,unfunded,row,46,pedestrian; bicycle,2026,2,19,true,true,false,false,bicycle; pedestrian; trail; vru
UNF-4200,T202711437 Edgemoor Sidewalk and Crossing Gap Closure — SR 48,"Fill sidewalk gaps and add high-visibility crossings along SR 48 MP 43.2 in Edgemoor, with ADA curb ramps.",New Castle,SR 48,bike-ped,1290000,1204698,unfunded,planning,10,pedestrian; bicycle,2029,6,25,true,true,false,true,pedestrian; ada; crossing; vru
UNF-4201,T202211474 DART Bus Fleet Replacement — Kenton Division,"Replace diesel buses with low- and no-emission transit buses and related equipment at the DART Kenton division, including depot charging.",Kent,SR 404,transit,18390000,18312627,unfunded,final-design,66,transit,2028,1,11,false,false,false,false,transit; bus-fleet; low-no; zero-emission; garage
UNF-4202,T202311511 Wilmington DART Stop and Access Improvements — DE 1,"Accessible pads, shelters, lighting, and sidewalk connections to DART stops on DE 1 in Wilmington.",New Castle,DE 1,transit,5180000,4393022,unfunded,final-design,76,transit; pedestrian,2029,0,11,false,true,false,false,transit; equity; pedestrian; ada
UNF-4203,T202411548 Harrington Adaptive Signal System — SR 7,"Adaptive signal control, detection, and communications along SR 7 MP 3.3 in Harrington.",Kent,SR 7,signals,3140000,2793199,unfunded,row,46,auto; transit,2028,1,14,false,true,true,true,signal; operations; congestion; safety
UNF-4204,T202511585 SR 36 Pavement Rehab — Claymont Phase 2,Mill and overlay of deteriorated SR 36 lanes through Claymont (MP 36.3) to restore ride quality. Limited safety or equity components.,New Castle,SR 36,pavement,19120000,14979066,unfunded,preliminary-design,30,auto,2028,0,1,false,true,false,false,pavement; preservation; state-of-good-repair
UNF-4205,T202611622 Little Creek DART Stop and Access Improvements — I-495,"Accessible pads, shelters, lighting, and sidewalk connections to DART stops on I-495 in Little Creek.",Kent,I-495,transit,3350000,2742460,unfunded,construction-ready,91,transit; pedestrian,2028,1,8,false,false,true,false,transit; equity; pedestrian; ada
UNF-4206,T202711659 Red Lion Shared-Use Path — SR 20 FY27,Construct a shared-use path parallel to SR 20 MP 25.5 connecting neighborhoods and schools in Red Lion.,New Castle,SR 20,bike-ped,5960000,5168884,unfunded,construction-ready,86,pedestrian; bicycle,2029,4,21,true,true,false,false,bicycle; pedestrian; trail; vru
UNF-4207,T202211696 SR 26 Freight Bottleneck Relief — Gumboro,"Intersection capacity, turning-radius, and signal timing improvements for industrial freight on SR 26 MP 20.5 in Gumboro.",Sussex,SR 26,freight,25630000,24424188,unfunded,preliminary-design,22,freight; auto,2026,1,4,false,true,true,false,freight; bottleneck; signal; reliability
UNF-4208,T202311733 Magnolia Complete Streets — SR 4 Town Center,"Lane reallocation, bicycle facilities, and pedestrian lighting on SR 4 through Magnolia town center (Phase 2).",Kent,SR 4,complete-streets,17220000,16312999,partially-funded,final-design,77,auto; pedestrian; bicycle,2025,6,34,true,false,true,true,complete-streets; bike-ped; equity; safety
UNF-4209,T202411770 SR 2 Bridge Preservation — Kenton Group A,"Deck overlay, joint replacement, and scour countermeasures on the SR 2 bridge near Kenton (MP 34.6).",Kent,SR 2,bridge,31880000,25821975,unfunded,preliminary-design,29,auto; freight,2027,1,5,false,false,true,false,bridge; preservation; state-of-good-repair
UNF-4210,T202511807 SR 8 Guardrail and End Treatment Upgrade — Elsmere,Replace outdated guardrail and end treatments on SR 8 MP 26.7 near Elsmere to current MASH standards.,New Castle,SR 8,safety,2380000,2156042,unfunded,planning,7,auto,2025,5,21,true,false,false,true,guardrail; safety; roadside; systemic
UNF-4211,T202611844 Christiana Complete Streets — SR 72 Town Center,"Lane reallocation, bicycle facilities, and pedestrian lighting on SR 72 through Christiana town center (Southbound).",New Castle,SR 72,complete-streets,14180000,11083262,unfunded,preliminary-design,25,auto; pedestrian; bicycle,2025,2,9,true,false,false,false,complete-streets; bike-ped; equity; safety
UNF-4212,T202711881 DE 1 Bridge Culvert Replacement — Hartly,Replace a deteriorated culvert on DE 1 MP 19.6 near Hartly to restore hydraulic capacity and legal loads.,Kent,DE 1,bridge,2470000,2035392,unfunded,final-design,75,auto; freight,2028,0,2,false,false,false,false,bridge; culvert; scour; state-of-good-repair
UNF-4213,T202211918 Wilmington School Zone and Speed Management,"School-zone flashers, gateway treatments, and speed management on local streets feeding SR 202 in Wilmington.",New Castle,SR 202,safety,5200000,3901642,unfunded,final-design,66,auto; pedestrian,2025,2,15,true,false,true,true,safety; school; speed-management; lighting
UNF-4214,T202311955 SR 24 Bridge Culvert Replacement — Arden,Replace a deteriorated culvert on SR 24 MP 11.3 near Arden to restore hydraulic capacity and legal loads.,New Castle,SR 24,bridge,8630000,7109777,unfunded,row,39,auto; freight,2029,0,13,false,true,false,false,bridge; culvert; scour; state-of-good-repair
UNF-4215,T202411992 Frankford School Zone and Speed Management,"School-zone flashers, gateway treatments, and speed management on local streets feeding DE 1 in Frankford.",Sussex,DE 1,safety,3980000,3720459,unfunded,row,43,auto; pedestrian,2029,2,12,true,false,false,true,safety; school; speed-management; lighting
UNF-4216,T202512029 SR 14 Guardrail and End Treatment Upgrade — Newport,Replace outdated guardrail and end treatments on SR 14 MP 5.1 near Newport to current MASH standards.,New Castle,SR 14,safety,1870000,1706794,unfunded,planning,18,auto,2028,4,21,true,false,true,true,guardrail; safety; roadside; systemic
UNF-4217,T202612066 Edgemoor Complete Streets — SR 92 Town Center,"Lane reallocation, bicycle facilities, and pedestrian lighting on SR 92 through Edgemoor town center (FY26).",New Castle,SR 92,complete-streets,7430000,6336943,unfunded,planning,15,auto; pedestrian; bicycle,2027,1,14,false,false,false,false,complete-streets; bike-ped; equity; safety
UNF-4218,T202712103 SR 82 Bridge Preservation — St. Georges FY27,"Deck overlay, joint replacement, and scour countermeasures on the SR 82 bridge near St. Georges (MP 44.3).",New Castle,SR 82,bridge,17680000,14926339,unfunded,row,54,auto; freight,2026,0,9,false,false,false,true,bridge; preservation; state-of-good-repair
UNF-4219,T202212140 Little Creek Complete Streets — SR 896 Town Center,"Lane reallocation, bicycle facilities, and pedestrian lighting on SR 896 through Little Creek town center (Phase 1).",Kent,SR 896,complete-streets,5440000,4720390,unfunded,final-design,66,auto; pedestrian; bicycle,2027,1,15,true,false,true,false,complete-streets; bike-ped; equity; safety
UNF-4220,T202312177 Magnolia Shared-Use Path — SR 36 FY27,Construct a shared-use path parallel to SR 36 MP 8.5 connecting neighborhoods and schools in Magnolia.,Kent,SR 36,bike-ped,11140000,10019366,unfunded,preliminary-design,20,pedestrian; bicycle,2025,2,20,true,true,true,true,bicycle; pedestrian; trail; vru
UNF-4221,T202412214 SR 52 Intersection Safety Package — Henlopen Acres FY26,"Systemic safety package at SR 52 MP 39.7 serving Henlopen Acres: signal upgrades, left-turn protection, lighting, and pedestrian intervals.",Sussex,SR 52,safety,12880000,12750920,unfunded,final-design,84,auto; pedestrian,2026,0,0,false,false,true,false,intersection; signal; safety; pedestrian; high-crash
UNF-4222,T202512251 Hockessin Community Charging Hub — SR 48,Public DC fast charging adjacent to SR 48 serving Hockessin residents without home charging.,New Castle,SR 48,ev-charging,1650000,1480092,unfunded,planning,14,auto,2025,1,10,false,false,false,false,ev; equity; community; charging
UNF-4223,T202612288 SR 300 Guardrail and End Treatment Upgrade — Kenton,Replace outdated guardrail and end treatments on SR 300 MP 15.9 near Kenton to current MASH standards.,Kent,SR 300,safety,1680000,1630146,partially-funded,row,52,auto,2025,0,11,false,false,false,true,guardrail; safety; roadside; systemic
UNF-4224,T202712325 Dewey Beach DART Stop and Access Improvements — US 13,"Accessible pads, shelters, lighting, and sidewalk connections to DART stops on US 13 in Dewey Beach.",Sussex,US 13,transit,5680000,4910049,unfunded,final-design,84,transit; pedestrian,2027,0,11,false,true,false,false,transit; equity; pedestrian; ada
UNF-4225,T202212362 US 202 Intersection Safety Package — Felton Southbound,"Systemic safety package at US 202 MP 27.5 serving Felton: signal upgrades, left-turn protection, lighting, and pedestrian intervals.",Kent,US 202,safety,5900000,5735243,partially-funded,planning,12,auto; pedestrian,2028,1,11,false,false,true,true,intersection; signal; safety; pedestrian; high-crash
UNF-4226,T202312399 SR 52 Pavement Rehab — Milford Northbound,Mill and overlay of deteriorated SR 52 lanes through Milford (MP 4.4) to restore ride quality. Limited safety or equity components.,Kent,SR 52,pavement,10640000,9770249,partially-funded,row,41,auto,2029,0,8,false,true,true,true,pavement; preservation; state-of-good-repair
UNF-4227,T202412436 Felton Shared-Use Path — SR 82 FY26,Construct a shared-use path parallel to SR 82 MP 3.9 connecting neighborhoods and schools in Felton.,Kent,SR 82,bike-ped,10410000,10333884,partially-funded,final-design,75,pedestrian; bicycle,2026,5,31,true,true,false,false,bicycle; pedestrian; trail; vru
UNF-4228,T202512473 Georgetown Truck Route Geometric Improvements — SR 52,Widen turning radii and upgrade shoulders for freight movements on SR 52 MP 39.6 near Georgetown.,Sussex,SR 52,freight,4770000,3868934,unfunded,row,57,freight; auto,2028,1,6,false,true,true,false,freight; geometry; shoulders
UNF-4229,T202612510 Greenville Shared-Use Path — SR 52 Group A,Construct a shared-use path parallel to SR 52 MP 24.1 connecting neighborhoods and schools in Greenville.,New Castle,SR 52,bike-ped,7580000,7414020,partially-funded,final-design,61,pedestrian; bicycle,2025,4,22,true,false,false,true,bicycle; pedestrian; trail; vru
UNF-4230,T202712547 Clayton Slope Stabilization — SR 36 MP 20.7,"Embankment repair, drainage, and slope stabilization on SR 36 near Clayton after repeated washouts.",Kent,SR 36,resilience,8060000,6860850,unfunded,final-design,65,auto,2025,0,6,false,false,true,true,slope; drainage; resilience; geotech
UNF-4231,T202212584 SR 26 Pavement Rehab — Dover FY27,Mill and overlay of deteriorated SR 26 lanes through Dover (MP 22.0) to restore ride quality. Limited safety or equity components.,Kent,SR 26,pavement,11580000,9836974,unfunded,final-design,77,auto,2029,1,12,false,true,true,true,pavement; preservation; state-of-good-repair
UNF-4232,T202312621 SR 24 Pavement Rehab — Long Neck FY27,Mill and overlay of deteriorated SR 24 lanes through Long Neck (MP 8.5) to restore ride quality. Limited safety or equity components.,Sussex,SR 24,pavement,18010000,14445511,unfunded,final-design,67,auto,2028,0,9,false,true,true,false,pavement; preservation; state-of-good-repair
UNF-4233,T202412658 Milford Road Diet and Downtown Safety — SR 92,"Road diet, on-street parking reconfiguration, ADA ramps, and pedestrian lighting in Milford along SR 92.",Kent,SR 92,complete-streets,12140000,10993461,unfunded,construction-ready,94,auto; pedestrian; bicycle,2029,6,35,true,true,true,false,road-diet; ada; downtown; complete-streets; safety
UNF-4234,T202512695 New Castle County Freight and Multimodal Plan Update,"Update the New Castle County freight and multimodal plan, including bottleneck screening on I-495 and equity analysis.",New Castle,I-495,planning,1470000,1303118,unfunded,construction-ready,86,auto; freight; transit,2026,1,6,false,false,false,false,planning; freight; multimodal; data-driven
UNF-4235,T202612732 SR 20 Bridge Preservation — Lincoln Group A,"Deck overlay, joint replacement, and scour countermeasures on the SR 20 bridge near Lincoln (MP 2.3).",Sussex,SR 20,bridge,16330000,15589181,unfunded,preliminary-design,34,auto; freight,2029,1,16,true,true,true,false,bridge; preservation; state-of-good-repair
UNF-4236,T202712769 SR 72 Bridge Preservation — Newark Phase 1,"Deck overlay, joint replacement, and scour countermeasures on the SR 72 bridge near Newark (MP 12.8).",New Castle,SR 72,bridge,9670000,7485128,unfunded,final-design,76,auto; freight,2026,1,13,false,false,false,false,bridge; preservation; state-of-good-repair
UNF-4237,T202212806 Milford Shared-Use Path — SR 52 Southbound,Construct a shared-use path parallel to SR 52 MP 21.9 connecting neighborhoods and schools in Milford.,Sussex,SR 52,bike-ped,9150000,7049926,unfunded,row,50,pedestrian; bicycle,2028,2,17,true,true,true,false,bicycle; pedestrian; trail; vru
UNF-4238,T202312843 SR 9 Freight Bottleneck Relief — Christiana,"Intersection capacity, turning-radius, and signal timing improvements for industrial freight on SR 9 MP 23.7 in Christiana.",New Castle,SR 9,freight,24270000,23607631,partially-funded,final-design,68,freight; auto,2027,1,12,false,true,false,false,freight; bottleneck; signal; reliability
UNF-4239,T202412880 US 13 Concrete Pavement Restoration — St. Georges,"Slab repair, diamond grinding, and joint resealing on US 13 MP 40.9 in New Castle County near St. Georges.",New Castle,US 13,pavement,20450000,16185820,unfunded,planning,17,auto,2029,0,5,false,false,false,true,pavement; concrete; preservation
UNF-4240,T202512917 SR 14 Lane Departure Countermeasures — Dagsboro,"Rumble strips, high-friction surface treatment, and curve warning upgrades on SR 14 MP 18.7 near Dagsboro.",Sussex,SR 14,safety,7800000,7439542,unfunded,construction-ready,88,auto,2026,5,23,true,false,true,false,lane-departure; rural; high-friction; systemic; safety
UNF-4241,T202612954 Elsmere Truck Route Geometric Improvements — SR 4,Widen turning radii and upgrade shoulders for freight movements on SR 4 MP 32.7 near Elsmere.,New Castle,SR 4,freight,5630000,4943658,partially-funded,construction-ready,92,freight; auto,2028,0,9,false,true,false,false,freight; geometry; shoulders
UNF-4242,T202712991 SR 16 Bridge Preservation — Kenton FY26,"Deck overlay, joint replacement, and scour countermeasures on the SR 16 bridge near Kenton (MP 19.5).",Kent,SR 16,bridge,24680000,19928066,unfunded,final-design,82,auto; freight,2025,1,16,true,true,false,false,bridge; preservation; state-of-good-repair
UNF-4243,T202213028 Elsmere Complete Streets — SR 202 Town Center,"Lane reallocation, bicycle facilities, and pedestrian lighting on SR 202 through Elsmere town center (FY26).",New Castle,SR 202,complete-streets,9010000,7106681,unfunded,construction-ready,89,auto; pedestrian; bicycle,2029,1,10,false,true,false,true,complete-streets; bike-ped; equity; safety
UNF-4244,T202313065 Christiana Truck Route Geometric Improvements — SR 82,Widen turning radii and upgrade shoulders for freight movements on SR 82 MP 15.7 near Christiana.,New Castle,SR 82,freight,12420000,10151706,unfunded,planning,19,freight; auto,2027,0,9,false,true,false,true,freight; geometry; shoulders
UNF-4245,T202413102 SR 896 Bridge Preservation — Odessa Phase 2,"Deck overlay, joint replacement, and scour countermeasures on the SR 896 bridge near Odessa (MP 8.3).",New Castle,SR 896,bridge,17080000,12860651,unfunded,row,45,auto; freight,2027,0,10,false,false,true,true,bridge; preservation; state-of-good-repair
UNF-4246,T202513139 Millsboro Complete Streets — SR 26 Town Center,"Lane reallocation, bicycle facilities, and pedestrian lighting on SR 26 through Millsboro town center (Southbound).",Sussex,SR 26,complete-streets,9250000,8238041,unfunded,final-design,61,auto; pedestrian; bicycle,2025,1,16,true,true,false,false,complete-streets; bike-ped; equity; safety
UNF-4247,T202613176 Kenton DART Stop and Access Improvements — SR 42,"Accessible pads, shelters, lighting, and sidewalk connections to DART stops on SR 42 in Kenton.",Kent,SR 42,transit,6300000,5656591,unfunded,construction-ready,93,transit; pedestrian,2029,0,3,false,false,true,true,transit; equity; pedestrian; ada
UNF-4248,T202713213 US 40 Lane Departure Countermeasures — Frederica,"Rumble strips, high-friction surface treatment, and curve warning upgrades on US 40 MP 6.4 near Frederica.",Kent,US 40,safety,3260000,2639385,unfunded,final-design,77,auto,2026,6,33,true,true,true,true,lane-departure; rural; high-friction; systemic; safety
UNF-4249,T202213250 Red Lion Community Charging Hub — SR 404,Public DC fast charging adjacent to SR 404 serving Red Lion residents without home charging.,New Castle,SR 404,ev-charging,3760000,3439574,unfunded,row,47,auto,2026,0,3,false,false,false,true,ev; equity; community; charging
UNF-4250,T202313287 Laurel Sidewalk and Crossing Gap Closure — US 13,"Fill sidewalk gaps and add high-visibility crossings along US 13 MP 34.4 in Laurel, with ADA curb ramps.",Sussex,US 13,bike-ped,5580000,4516896,unfunded,row,47,pedestrian; bicycle,2027,1,6,false,true,true,false,pedestrian; ada; crossing; vru
UNF-4251,T202413324 I-495 Pavement Rehab — Lewes Group A,Mill and overlay of deteriorated I-495 lanes through Lewes (MP 30.6) to restore ride quality. Limited safety or equity components.,Sussex,I-495,pavement,18950000,17138593,unfunded,final-design,67,auto,2027,0,7,false,false,true,false,pavement; preservation; state-of-good-repair
UNF-4252,T202513361 DART Bus Maintenance Facility Rehab — Newark,"Rehabilitate the DART bus maintenance garage in Newark, including lifts, bus wash, and charging/fueling for the transit fleet.",New Castle,SR 20,transit,13530000,13313812,unfunded,construction-ready,93,transit,2026,0,3,false,true,false,true,transit; bus-fleet; garage; facility; low-no
UNF-4253,T202613398 SR 92 Guardrail and End Treatment Upgrade — Woodside,Replace outdated guardrail and end treatments on SR 92 MP 22.6 near Woodside to current MASH standards.,Kent,SR 92,safety,4620000,3890765,partially-funded,final-design,83,auto,2025,4,28,true,true,true,false,guardrail; safety; roadside; systemic
UNF-4254,T202713435 Dover Community Charging Hub — US 301,Public DC fast charging adjacent to US 301 serving Dover residents without home charging.,Kent,US 301,ev-charging,3950000,3125096,unfunded,construction-ready,88,auto,2025,0,5,false,true,true,false,ev; equity; community; charging
UNF-4255,T202213472 SR 273 Bridge Preservation — Frederica Phase 1,"Deck overlay, joint replacement, and scour countermeasures on the SR 273 bridge near Frederica (MP 13.8).",Kent,SR 273,bridge,34780000,26715770,unfunded,planning,13,auto; freight,2029,1,15,true,true,true,true,bridge; preservation; state-of-good-repair
UNF-4256,T202313509 SR 72 Concrete Pavement Restoration — Milford,"Slab repair, diamond grinding, and joint resealing on SR 72 MP 20.2 in Sussex County near Milford.",Sussex,SR 72,pavement,25640000,23336596,unfunded,final-design,80,auto,2029,1,8,false,true,false,false,pavement; concrete; preservation
UNF-4257,T202413546 Blades DART Stop and Access Improvements — SR 72,"Accessible pads, shelters, lighting, and sidewalk connections to DART stops on SR 72 in Blades.",Sussex,SR 72,transit,2670000,2516481,unfunded,final-design,75,transit; pedestrian,2027,0,0,false,false,true,false,transit; equity; pedestrian; ada
UNF-4258,T202513583 Greenville Shared-Use Path — SR 72 Phase 2,Construct a shared-use path parallel to SR 72 MP 20.1 connecting neighborhoods and schools in Greenville.,New Castle,SR 72,bike-ped,5450000,4735613,partially-funded,planning,10,pedestrian; bicycle,2026,2,16,true,false,false,true,bicycle; pedestrian; trail; vru
UNF-4259,T202613620 Little Creek Local Road Safety Plan,Data-driven local road safety plan for Little Creek identifying a high-injury network and proven countermeasures.,Kent,US 40,planning,510000,474277,unfunded,preliminary-design,26,auto; pedestrian,2025,0,1,false,false,false,false,safety-plan; data-driven; planning
UNF-4260,T202713657 SR 273 Pavement Rehab — Kirkwood Group A,Mill and overlay of deteriorated SR 273 lanes through Kirkwood (MP 10.3) to restore ride quality. Limited safety or equity components.,New Castle,SR 273,pavement,10240000,8164320,unfunded,final-design,76,auto,2028,0,2,false,true,false,true,pavement; preservation; state-of-good-repair
UNF-4261,T202213694 Edgemoor Shared-Use Path — SR 58 Southbound,Construct a shared-use path parallel to SR 58 MP 17.9 connecting neighborhoods and schools in Edgemoor.,New Castle,SR 58,bike-ped,5350000,4950866,unfunded,construction-ready,85,pedestrian; bicycle,2026,5,28,true,true,false,false,bicycle; pedestrian; trail; vru
UNF-4262,T202313731 Red Lion Local Road Safety Plan,Data-driven local road safety plan for Red Lion identifying a high-injury network and proven countermeasures.,New Castle,SR 1,planning,600000,575868,unfunded,row,59,auto; pedestrian,2026,1,11,false,false,false,false,safety-plan; data-driven; planning
UNF-4263,T202413768 SR 896 Pavement Rehab — Port Penn Group A,Mill and overlay of deteriorated SR 896 lanes through Port Penn (MP 15.7) to restore ride quality. Limited safety or equity components.,New Castle,SR 896,pavement,18690000,18655399,unfunded,final-design,73,auto,2025,0,3,false,false,true,false,pavement; preservation; state-of-good-repair
UNF-4264,T202513805 SR 896 Lane Departure Countermeasures — Milford,"Rumble strips, high-friction surface treatment, and curve warning upgrades on SR 896 MP 10.1 near Milford.",Kent,SR 896,safety,6550000,5820052,unfunded,final-design,72,auto,2025,0,2,false,false,true,false,lane-departure; rural; high-friction; systemic; safety
UNF-4265,T202613842 Dewey Beach Adaptive Signal System — SR 36,"Adaptive signal control, detection, and communications along SR 36 MP 42.3 in Dewey Beach.",Sussex,SR 36,signals,5180000,4411517,partially-funded,final-design,84,auto; transit,2028,1,10,false,false,true,true,signal; operations; congestion; safety
UNF-4266,T202713879 SR 30 Drainage and Flood Mitigation — New Castle,Stormwater upgrades and roadway raising where SR 30 MP 16.7 floods near New Castle.,New Castle,SR 30,resilience,29540000,28836476,unfunded,preliminary-design,23,auto,2027,1,7,false,true,false,false,flood; drainage; resilience
UNF-4267,T202213916 SR 202 Pavement Rehab — Milford Group A,Mill and overlay of deteriorated SR 202 lanes through Milford (MP 40.5) to restore ride quality. Limited safety or equity components.,Kent,SR 202,pavement,5240000,4087884,unfunded,construction-ready,98,auto,2028,0,5,false,false,true,false,pavement; preservation; state-of-good-repair
UNF-4268,T202313953 SR 8 Drainage and Flood Mitigation — Pike Creek,Stormwater upgrades and roadway raising where SR 8 MP 7.6 floods near Pike Creek.,New Castle,SR 8,resilience,31530000,29547532,unfunded,row,55,auto,2026,0,4,false,true,false,false,flood; drainage; resilience
UNF-4269,T202413990 Port Penn Community Charging Hub — SR 20,Public DC fast charging adjacent to SR 20 serving Port Penn residents without home charging.,New Castle,SR 20,ev-charging,4100000,3276654,partially-funded,row,47,auto,2028,0,8,false,true,false,false,ev; equity; community; charging
UNF-4270,T202514027 SR 54 Drainage and Flood Mitigation — Blades,Stormwater upgrades and roadway raising where SR 54 MP 13.6 floods near Blades.,Sussex,SR 54,resilience,5590000,4343293,partially-funded,preliminary-design,34,auto,2028,0,5,false,true,true,false,flood; drainage; resilience
UNF-4271,T202614064 SR 36 Bridge Preservation — Wilmington Group B,"Deck overlay, joint replacement, and scour countermeasures on the SR 36 bridge near Wilmington (MP 2.7).",New Castle,SR 36,bridge,35680000,30923022,unfunded,final-design,77,auto; freight,2029,0,5,false,false,false,false,bridge; preservation; state-of-good-repair
UNF-4272,T202714101 US 202 Concrete Pavement Restoration — Hockessin,"Slab repair, diamond grinding, and joint resealing on US 202 MP 30.9 in New Castle County near Hockessin.",New Castle,US 202,pavement,22080000,20046931,unfunded,final-design,83,auto,2026,0,10,false,true,false,false,pavement; concrete; preservation
UNF-4273,T202214138 SR 10 Freight Bottleneck Relief — Laurel,"Intersection capacity, turning-radius, and signal timing improvements for industrial freight on SR 10 MP 7.2 in Laurel.",Sussex,SR 10,freight,16610000,13572532,partially-funded,planning,12,freight; auto,2029,1,12,false,false,true,true,freight; bottleneck; signal; reliability
UNF-4274,T202314175 Little Creek Sidewalk and Crossing Gap Closure — I-295,"Fill sidewalk gaps and add high-visibility crossings along I-295 MP 9.4 in Little Creek, with ADA curb ramps.",Kent,I-295,bike-ped,5130000,4817645,unfunded,planning,7,pedestrian; bicycle,2026,3,23,true,false,true,true,pedestrian; ada; crossing; vru
UNF-4275,T202414212 SR 58 Pavement Rehab — New Castle Group A,Mill and overlay of deteriorated SR 58 lanes through New Castle (MP 35.3) to restore ride quality. Limited safety or equity components.,New Castle,SR 58,pavement,18940000,14711905,unfunded,preliminary-design,26,auto,2026,0,7,false,false,false,false,pavement; preservation; state-of-good-repair
UNF-4276,T202514249 SR 92 Guardrail and End Treatment Upgrade — Kirkwood,Replace outdated guardrail and end treatments on SR 92 MP 19.0 near Kirkwood to current MASH standards.,New Castle,SR 92,safety,3790000,3193079,unfunded,construction-ready,91,auto,2025,0,8,false,false,false,true,guardrail; safety; roadside; systemic
UNF-4277,T202614286 SR 1 Pavement Rehab — Dover FY27,Mill and overlay of deteriorated SR 1 lanes through Dover (MP 14.2) to restore ride quality. Limited safety or equity components.,Kent,SR 1,pavement,21960000,20577851,unfunded,preliminary-design,25,auto,2026,1,10,false,false,true,false,pavement; preservation; state-of-good-repair
UNF-4278,T202714323 SR 300 Pavement Rehab — Milford Phase 1,Mill and overlay of deteriorated SR 300 lanes through Milford (MP 3.6) to restore ride quality. Limited safety or equity components.,Kent,SR 300,pavement,12970000,10913312,unfunded,final-design,80,auto,2026,0,2,false,true,true,false,pavement; preservation; state-of-good-repair
UNF-4279,T202214360 Clayton School Zone and Speed Management,"School-zone flashers, gateway treatments, and speed management on local streets feeding SR 273 in Clayton.",Kent,SR 273,safety,1430000,1356332,partially-funded,planning,8,auto; pedestrian,2027,5,23,true,false,false,false,safety; school; speed-management; lighting
UNF-4280,T202314397 Woodside Sidewalk and Crossing Gap Closure — SR 2,"Fill sidewalk gaps and add high-visibility crossings along SR 2 MP 31.6 in Woodside, with ADA curb ramps.",Kent,SR 2,bike-ped,7080000,5542218,unfunded,preliminary-design,29,pedestrian; bicycle,2027,5,33,true,false,true,false,pedestrian; ada; crossing; vru
UNF-4281,T202414434 SR 1 Bridge Preservation — Smyrna Group A,"Deck overlay, joint replacement, and scour countermeasures on the SR 1 bridge near Smyrna (MP 20.4).",Kent,SR 1,bridge,11760000,10194031,unfunded,planning,19,auto; freight,2027,1,4,false,false,true,false,bridge; preservation; state-of-good-repair
UNF-4282,T202514471 Stanton Road Diet and Downtown Safety — SR 92,"Road diet, on-street parking reconfiguration, ADA ramps, and pedestrian lighting in Stanton along SR 92.",New Castle,SR 92,complete-streets,5270000,4470431,unfunded,final-design,78,auto; pedestrian; bicycle,2028,5,30,true,true,false,false,road-diet; ada; downtown; complete-streets; safety
UNF-4283,T202614508 US 301 Pavement Rehab — Wilmington Northbound,Mill and overlay of deteriorated US 301 lanes through Wilmington (MP 15.7) to restore ride quality. Limited safety or equity components.,New Castle,US 301,pavement,13640000,11730019,unfunded,row,43,auto,2026,1,5,false,false,false,false,pavement; preservation; state-of-good-repair
UNF-4284,T202714545 Newport Community Charging Hub — US 113,Public DC fast charging adjacent to US 113 serving Newport residents without home charging.,New Castle,US 113,ev-charging,2050000,1585798,unfunded,final-design,76,auto,2029,1,4,false,true,false,true,ev; equity; community; charging
UNF-4285,T202214582 SR 48 Guardrail and End Treatment Upgrade — Camden,Replace outdated guardrail and end treatments on SR 48 MP 38.5 near Camden to current MASH standards.,Kent,SR 48,safety,2690000,2062121,unfunded,row,52,auto,2025,2,10,true,true,true,true,guardrail; safety; roadside; systemic
UNF-4286,T202314619 Arden Shared-Use Path — US 202 Southbound,Construct a shared-use path parallel to US 202 MP 43.8 connecting neighborhoods and schools in Arden.,New Castle,US 202,bike-ped,11230000,8581692,unfunded,construction-ready,93,pedestrian; bicycle,2026,5,30,true,true,false,false,bicycle; pedestrian; trail; vru
UNF-4287,T202414656 SR 58 Pavement Rehab — Stanton Group A,Mill and overlay of deteriorated SR 58 lanes through Stanton (MP 15.4) to restore ride quality. Limited safety or equity components.,New Castle,SR 58,pavement,12730000,12422275,unfunded,final-design,80,auto,2028,0,12,false,false,true,false,pavement; preservation; state-of-good-repair
UNF-4288,T202514693 US 202 Bridge Preservation — Rising Sun FY26,"Deck overlay, joint replacement, and scour countermeasures on the US 202 bridge near Rising Sun (MP 31.0).",Kent,US 202,bridge,23930000,22112016,partially-funded,row,53,auto; freight,2026,0,0,false,true,true,false,bridge; preservation; state-of-good-repair
UNF-4289,T202614730 Smyrna Local Road Safety Plan,Data-driven local road safety plan for Smyrna identifying a high-injury network and proven countermeasures.,Kent,DE 1,planning,970000,962007,unfunded,final-design,78,auto; pedestrian,2029,0,0,false,false,false,true,safety-plan; data-driven; planning
UNF-4290,T202714767 SR 273 Bridge Culvert Replacement — Millsboro,Replace a deteriorated culvert on SR 273 MP 40.5 near Millsboro to restore hydraulic capacity and legal loads.,Sussex,SR 273,bridge,4290000,3253975,unfunded,final-design,61,auto; freight,2025,1,15,true,false,true,true,bridge; culvert; scour; state-of-good-repair
UNF-4291,T202214804 SR 404 Freight Bottleneck Relief — Dover,"Intersection capacity, turning-radius, and signal timing improvements for industrial freight on SR 404 MP 11.6 in Dover.",Kent,SR 404,freight,16510000,16272522,partially-funded,row,53,freight; auto,2027,0,3,false,false,false,true,freight; bottleneck; signal; reliability
UNF-4292,T202314841 SR 299 Drainage and Flood Mitigation — Ellendale,Stormwater upgrades and roadway raising where SR 299 MP 44.5 floods near Ellendale.,Sussex,SR 299,resilience,24840000,22273504,unfunded,construction-ready,93,auto,2027,1,10,false,false,true,false,flood; drainage; resilience
UNF-4293,T202414878 Arden Truck Route Geometric Improvements — SR 10,Widen turning radii and upgrade shoulders for freight movements on SR 10 MP 16.2 near Arden.,New Castle,SR 10,freight,10470000,8290980,unfunded,final-design,76,freight; auto,2027,1,13,false,false,true,true,freight; geometry; shoulders
UNF-4294,T202514915 SR 52 ITS Camera and Fiber — Viola Group A,"CCTV, fiber interconnect, and TMC integration on SR 52 MP 25.8 serving Viola and Kent County operations.",Kent,SR 52,signals,7190000,6128130,unfunded,final-design,67,auto,2025,1,13,false,false,true,false,its; operations; congestion; signal
UNF-4295,T202614952 SR 82 Pavement Rehab — Delaware City Phase 1,Mill and overlay of deteriorated SR 82 lanes through Delaware City (MP 28.3) to restore ride quality. Limited safety or equity components.,New Castle,SR 82,pavement,10130000,7657574,unfunded,preliminary-design,20,auto,2028,1,8,false,false,true,false,pavement; preservation; state-of-good-repair
UNF-4296,T202714989 SR 273 Intersection Safety Package — Ocean View Phase 2,"Systemic safety package at SR 273 MP 19.8 serving Ocean View: signal upgrades, left-turn protection, lighting, and pedestrian intervals.",Sussex,SR 273,safety,8920000,6694768,partially-funded,construction-ready,99,auto; pedestrian,2025,0,12,false,true,true,false,intersection; signal; safety; pedestrian; high-crash
UNF-4297,T202215026 SR 7 Intersection Safety Package — Magnolia FY26,"Systemic safety package at SR 7 MP 1.7 serving Magnolia: signal upgrades, left-turn protection, lighting, and pedestrian intervals.",Kent,SR 7,safety,10310000,8716197,partially-funded,final-design,66,auto; pedestrian,2027,4,25,true,false,true,false,intersection; signal; safety; pedestrian; high-crash
UNF-4298,T202315063 SR 404 ITS Camera and Fiber — Middletown FY27,"CCTV, fiber interconnect, and TMC integration on SR 404 MP 6.2 serving Middletown and New Castle County operations.",New Castle,SR 404,signals,1830000,1537681,unfunded,construction-ready,93,auto,2026,1,11,false,false,false,false,its; operations; congestion; signal
UNF-4299,T202415100 Bellefonte Truck Route Geometric Improvements — SR 1,Widen turning radii and upgrade shoulders for freight movements on SR 1 MP 6.1 near Bellefonte.,New Castle,SR 1,freight,18520000,17089633,unfunded,construction-ready,92,freight; auto,2028,1,15,true,true,false,false,freight; geometry; shoulders
UNF-4300,T202515137 SR 52 Pavement Rehab — Edgemoor Group B,Mill and overlay of deteriorated SR 52 lanes through Edgemoor (MP 44.5) to restore ride quality. Limited safety or equity components.,New Castle,SR 52,pavement,3640000,3050357,partially-funded,construction-ready,99,auto,2027,0,9,false,false,false,true,pavement; preservation; state-of-good-repair
UNF-4301,T202615174 SR 82 Bridge Preservation — Milford Phase 1,"Deck overlay, joint replacement, and scour countermeasures on the SR 82 bridge near Milford (MP 6.3).",Kent,SR 82,bridge,28830000,27077664,unfunded,row,50,auto; freight,2025,1,7,false,false,true,true,bridge; preservation; state-of-good-repair
UNF-4302,T202715211 I-295 Pavement Rehab — Little Creek Phase 2,Mill and overlay of deteriorated I-295 lanes through Little Creek (MP 5.9) to restore ride quality. Limited safety or equity components.,Kent,I-295,pavement,6500000,6283280,unfunded,planning,7,auto,2027,1,11,false,false,true,true,pavement; preservation; state-of-good-repair
UNF-4303,T202215248 Newark Sidewalk and Crossing Gap Closure — SR 7,"Fill sidewalk gaps and add high-visibility crossings along SR 7 MP 23.2 in Newark, with ADA curb ramps.",New Castle,SR 7,bike-ped,3180000,2714888,unfunded,planning,19,pedestrian; bicycle,2025,4,21,true,true,false,false,pedestrian; ada; crossing; vru
UNF-4304,T202315285 Newark Truck Route Geometric Improvements — SR 24,Widen turning radii and upgrade shoulders for freight movements on SR 24 MP 4.4 near Newark.,New Castle,SR 24,freight,7700000,6283880,unfunded,row,45,freight; auto,2027,1,16,true,false,false,true,freight; geometry; shoulders
UNF-4305,T202415322 Dagsboro Sidewalk and Crossing Gap Closure — DE 1,"Fill sidewalk gaps and add high-visibility crossings along DE 1 MP 32.1 in Dagsboro, with ADA curb ramps.",Sussex,DE 1,bike-ped,5730000,4746665,partially-funded,row,39,pedestrian; bicycle,2028,5,30,true,false,false,false,pedestrian; ada; crossing; vru
UNF-4306,T202515359 SR 202 Pavement Rehab — Houston Phase 2,Mill and overlay of deteriorated SR 202 lanes through Houston (MP 2.9) to restore ride quality. Limited safety or equity components.,Kent,SR 202,pavement,10410000,9021338,partially-funded,final-design,71,auto,2029,1,4,false,true,true,false,pavement; preservation; state-of-good-repair
UNF-4307,T202615396 SR 7 Lane Departure Countermeasures — Milford,"Rumble strips, high-friction surface treatment, and curve warning upgrades on SR 7 MP 3.0 near Milford.",Sussex,SR 7,safety,7040000,6666977,unfunded,construction-ready,95,auto,2026,2,19,true,true,true,true,lane-departure; rural; high-friction; systemic; safety
UNF-4308,T202715433 US 202 Bridge Preservation — Red Lion Phase 1,"Deck overlay, joint replacement, and scour countermeasures on the US 202 bridge near Red Lion (MP 37.7).",New Castle,US 202,bridge,31620000,27224858,unfunded,final-design,75,auto; freight,2025,1,5,false,false,false,false,bridge; preservation; state-of-good-repair
UNF-4309,T202215470 Hockessin Complete Streets — SR 30 Town Center,"Lane reallocation, bicycle facilities, and pedestrian lighting on SR 30 through Hockessin town center (Group B).",New Castle,SR 30,complete-streets,8240000,6541380,unfunded,preliminary-design,34,auto; pedestrian; bicycle,2027,3,16,true,true,true,false,complete-streets; bike-ped; equity; safety
UNF-4310,T202315507 Hockessin Sidewalk and Crossing Gap Closure — SR 273,"Fill sidewalk gaps and add high-visibility crossings along SR 273 MP 40.9 in Hockessin, with ADA curb ramps.",New Castle,SR 273,bike-ped,2910000,2828075,unfunded,final-design,83,pedestrian; bicycle,2027,5,23,true,true,false,false,pedestrian; ada; crossing; vru
UNF-4311,T202415544 SR 24 Drainage and Flood Mitigation — Ocean View,Stormwater upgrades and roadway raising where SR 24 MP 7.8 floods near Ocean View.,Sussex,SR 24,resilience,31580000,28283394,unfunded,construction-ready,95,auto,2026,1,6,false,true,false,true,flood; drainage; resilience
UNF-4312,T202515581 Frankford Complete Streets — I-495 Town Center,"Lane reallocation, bicycle facilities, and pedestrian lighting on I-495 through Frankford town center (Northbound).",Sussex,I-495,complete-streets,6600000,5720514,unfunded,planning,12,auto; pedestrian; bicycle,2027,5,27,true,false,false,false,complete-streets; bike-ped; equity; safety
UNF-4313,T202615618 US 40 Lane Departure Countermeasures — Greenwood,"Rumble strips, high-friction surface treatment, and curve warning upgrades on US 40 MP 32.0 near Greenwood.",Sussex,US 40,safety,2870000,2830861,unfunded,construction-ready,99,auto,2028,3,17,true,false,true,false,lane-departure; rural; high-friction; systemic; safety
UNF-4314,T202715655 US 40 Lane Departure Countermeasures — Rehoboth Beach,"Rumble strips, high-friction surface treatment, and curve warning upgrades on US 40 MP 24.3 near Rehoboth Beach.",Sussex,US 40,safety,5650000,4871378,unfunded,preliminary-design,32,auto,2029,2,15,true,false,true,false,lane-departure; rural; high-friction; systemic; safety
UNF-4315,T202215692 SR 8 Pavement Rehab — Red Lion Group A,Mill and overlay of deteriorated SR 8 lanes through Red Lion (MP 26.1) to restore ride quality. Limited safety or equity components.,New Castle,SR 8,pavement,10010000,8207519,unfunded,preliminary-design,33,auto,2028,0,13,false,false,false,false,pavement; preservation; state-of-good-repair
UNF-4316,T202315729 Milton Sidewalk and Crossing Gap Closure — SR 26,"Fill sidewalk gaps and add high-visibility crossings along SR 26 MP 2.3 in Milton, with ADA curb ramps.",Sussex,SR 26,bike-ped,4440000,3344396,partially-funded,final-design,70,pedestrian; bicycle,2029,4,25,true,true,false,false,pedestrian; ada; crossing; vru
UNF-4317,T202415766 SR 18 Pavement Rehab — Leipsic Phase 1,Mill and overlay of deteriorated SR 18 lanes through Leipsic (MP 2.7) to restore ride quality. Limited safety or equity components.,Kent,SR 18,pavement,6490000,6383255,unfunded,planning,7,auto,2029,1,10,false,true,false,false,pavement; preservation; state-of-good-repair
UNF-4318,T202515803 New Castle Shared-Use Path — SR 14 Phase 1,Construct a shared-use path parallel to SR 14 MP 40.3 connecting neighborhoods and schools in New Castle.,New Castle,SR 14,bike-ped,8050000,6764608,unfunded,construction-ready,93,pedestrian; bicycle,2025,4,26,true,true,false,false,bicycle; pedestrian; trail; vru
UNF-4319,T202615840 I-495 Freight Bottleneck Relief — Milford,"Intersection capacity, turning-radius, and signal timing improvements for industrial freight on I-495 MP 32.8 in Milford.",Kent,I-495,freight,26960000,25943420,unfunded,construction-ready,99,freight; auto,2028,1,8,false,true,false,false,freight; bottleneck; signal; reliability
UNF-4320,T202715877 SR 14 Bridge Preservation — Elsmere Northbound,"Deck overlay, joint replacement, and scour countermeasures on the SR 14 bridge near Elsmere (MP 13.5).",New Castle,SR 14,bridge,14240000,14221536,unfunded,planning,8,auto; freight,2029,0,3,false,false,true,false,bridge; preservation; state-of-good-repair
UNF-4321,T202215914 Glasgow Truck Route Geometric Improvements — SR 4,Widen turning radii and upgrade shoulders for freight movements on SR 4 MP 36.5 near Glasgow.,New Castle,SR 4,freight,8470000,8418562,unfunded,row,39,freight; auto,2025,1,7,false,false,false,true,freight; geometry; shoulders
UNF-4322,T202315951 SR 8 Bridge Culvert Replacement — Bowers,Replace a deteriorated culvert on SR 8 MP 37.7 near Bowers to restore hydraulic capacity and legal loads.,Kent,SR 8,bridge,6860000,5288788,unfunded,planning,9,auto; freight,2025,0,10,false,false,true,false,bridge; culvert; scour; state-of-good-repair
UNF-4323,T202415988 SR 299 Concrete Pavement Restoration — Seaford,"Slab repair, diamond grinding, and joint resealing on SR 299 MP 42.4 in Sussex County near Seaford.",Sussex,SR 299,pavement,24620000,24165990,unfunded,final-design,76,auto,2025,1,15,true,false,false,true,pavement; concrete; preservation
UNF-4324,T202516025 SR 30 Drainage and Flood Mitigation — Bowers,Stormwater upgrades and roadway raising where SR 30 MP 41.6 floods near Bowers.,Kent,SR 30,resilience,31370000,26771298,unfunded,planning,5,auto,2027,1,10,false,true,true,true,flood; drainage; resilience
UNF-4325,T202616062 Claymont School Zone and Speed Management,"School-zone flashers, gateway treatments, and speed management on local streets feeding DE 1 in Claymont.",New Castle,DE 1,safety,3230000,3059162,unfunded,preliminary-design,31,auto; pedestrian,2027,4,18,true,false,false,false,safety; school; speed-management; lighting
UNF-4326,T202716099 Delmar DART Stop and Access Improvements — I-95,"Accessible pads, shelters, lighting, and sidewalk connections to DART stops on I-95 in Delmar.",Sussex,I-95,transit,5240000,4817592,unfunded,preliminary-design,24,transit; pedestrian,2025,1,13,false,true,false,true,transit; equity; pedestrian; ada
UNF-4327,T202216136 SR 71 Drainage and Flood Mitigation — Bellefonte,Stormwater upgrades and roadway raising where SR 71 MP 12.7 floods near Bellefonte.,New Castle,SR 71,resilience,16230000,13131199,unfunded,final-design,74,auto,2027,0,8,false,false,false,false,flood; drainage; resilience
UNF-4328,T202316173 Bear Complete Streets — SR 2 Town Center,"Lane reallocation, bicycle facilities, and pedestrian lighting on SR 2 through Bear town center (Phase 1).",New Castle,SR 2,complete-streets,3780000,3212168,unfunded,final-design,84,auto; pedestrian; bicycle,2029,4,27,true,false,false,false,complete-streets; bike-ped; equity; safety
UNF-4329,T202416210 Greenwood Local Road Safety Plan,Data-driven local road safety plan for Greenwood identifying a high-injury network and proven countermeasures.,Sussex,SR 72,planning,810000,610417,partially-funded,planning,14,auto; pedestrian,2027,1,8,false,true,true,true,safety-plan; data-driven; planning
UNF-4330,T202516247 I-295 Bridge Preservation — New Castle Southbound,"Deck overlay, joint replacement, and scour countermeasures on the I-295 bridge near New Castle (MP 32.5).",New Castle,I-295,bridge,7170000,6976934,unfunded,planning,17,auto; freight,2026,1,6,false,true,false,false,bridge; preservation; state-of-good-repair
UNF-4331,T202616284 Wilmington DART Stop and Access Improvements — SR 26,"Accessible pads, shelters, lighting, and sidewalk connections to DART stops on SR 26 in Wilmington.",New Castle,SR 26,transit,2730000,2403770,unfunded,final-design,79,transit; pedestrian,2029,0,13,false,false,false,true,transit; equity; pedestrian; ada
UNF-4332,T202716321 Bethany Beach School Zone and Speed Management,"School-zone flashers, gateway treatments, and speed management on local streets feeding I-495 in Bethany Beach.",Sussex,I-495,safety,4890000,3912554,unfunded,preliminary-design,28,auto; pedestrian,2028,1,8,false,true,true,false,safety; school; speed-management; lighting
UNF-4333,T202216358 SR 7 Bridge Culvert Replacement — Port Penn,Replace a deteriorated culvert on SR 7 MP 28.1 near Port Penn to restore hydraulic capacity and legal loads.,New Castle,SR 7,bridge,11280000,10057234,unfunded,final-design,78,auto; freight,2027,0,2,false,false,false,false,bridge; culvert; scour; state-of-good-repair
UNF-4334,T202316395 Bowers Complete Streets — SR 92 Town Center,"Lane reallocation, bicycle facilities, and pedestrian lighting on SR 92 through Bowers town center (Group A).",Kent,SR 92,complete-streets,6020000,5478215,unfunded,preliminary-design,34,auto; pedestrian; bicycle,2027,1,5,false,true,false,false,complete-streets; bike-ped; equity; safety
UNF-4335,T202416432 SR 202 Concrete Pavement Restoration — Hartly,"Slab repair, diamond grinding, and joint resealing on SR 202 MP 32.7 in Kent County near Hartly.",Kent,SR 202,pavement,13930000,12362292,unfunded,preliminary-design,29,auto,2029,0,4,false,false,false,false,pavement; concrete; preservation
UNF-4336,T202516469 US 202 Intersection Safety Package — Millville Phase 1,"Systemic safety package at US 202 MP 13.2 serving Millville: signal upgrades, left-turn protection, lighting, and pedestrian intervals.",Sussex,US 202,safety,10420000,9492218,unfunded,final-design,69,auto; pedestrian,2029,1,17,true,true,true,false,intersection; signal; safety; pedestrian; high-crash
UNF-4337,T202616506 Bethany Beach DART Stop and Access Improvements — SR 58,"Accessible pads, shelters, lighting, and sidewalk connections to DART stops on SR 58 in Bethany Beach.",Sussex,SR 58,transit,1060000,1039133,unfunded,final-design,80,transit; pedestrian,2025,0,12,false,true,true,false,transit; equity; pedestrian; ada
UNF-4338,T202716543 SR 52 ITS Camera and Fiber — Wyoming FY26,"CCTV, fiber interconnect, and TMC integration on SR 52 MP 21.4 serving Wyoming and Kent County operations.",Kent,SR 52,signals,3730000,2895146,unfunded,final-design,60,auto,2025,1,13,false,false,false,true,its; operations; congestion; signal
UNF-4339,T202216580 Kenton Roundabout Conversion — SR 30,Convert a high-crash SR 30 intersection in Kenton (MP 22.4) to a single-lane roundabout with pedestrian crossings.,Kent,SR 30,safety,8180000,7345250,unfunded,final-design,73,auto; pedestrian,2025,3,23,true,true,true,false,roundabout; intersection; safety; pedestrian
UNF-4340,T202316617 Harrington Shared-Use Path — I-95 Group B,Construct a shared-use path parallel to I-95 MP 30.8 connecting neighborhoods and schools in Harrington.,Kent,I-95,bike-ped,5070000,3977345,unfunded,construction-ready,90,pedestrian; bicycle,2028,3,20,true,false,true,false,bicycle; pedestrian; trail; vru
UNF-4341,T202416654 Bridgeville DART Stop and Access Improvements — SR 404,"Accessible pads, shelters, lighting, and sidewalk connections to DART stops on SR 404 in Bridgeville.",Sussex,SR 404,transit,4640000,4281411,unfunded,final-design,72,transit; pedestrian,2029,1,4,false,false,true,false,transit; equity; pedestrian; ada
UNF-4342,T202516691 DART Bus Fleet Replacement — Greenville Division,"Replace diesel buses with low- and no-emission transit buses and related equipment at the DART Greenville division, including depot charging.",New Castle,SR 48,transit,23800000,18140917,partially-funded,row,57,transit,2025,1,15,true,false,false,false,transit; bus-fleet; low-no; zero-emission; garage
UNF-4343,T202616728 Milford Shared-Use Path — SR 4 Phase 1,Construct a shared-use path parallel to SR 4 MP 12.7 connecting neighborhoods and schools in Milford.,Sussex,SR 4,bike-ped,7210000,6598823,unfunded,row,54,pedestrian; bicycle,2027,5,26,true,true,false,true,bicycle; pedestrian; trail; vru
UNF-4344,T202716765 Edgemoor Road Diet and Downtown Safety — US 202,"Road diet, on-street parking reconfiguration, ADA ramps, and pedestrian lighting in Edgemoor along US 202.",New Castle,US 202,complete-streets,6060000,5855552,unfunded,row,54,auto; pedestrian; bicycle,2026,3,18,true,false,false,false,road-diet; ada; downtown; complete-streets; safety
UNF-4345,T202216802 Camden-Wyoming DART Stop and Access Improvements — SR 14,"Accessible pads, shelters, lighting, and sidewalk connections to DART stops on SR 14 in Camden-Wyoming.",Kent,SR 14,transit,5900000,5636982,unfunded,construction-ready,85,transit; pedestrian,2027,0,12,false,true,true,false,transit; equity; pedestrian; ada
UNF-4346,T202316839 Felton Sidewalk and Crossing Gap Closure — SR 16,"Fill sidewalk gaps and add high-visibility crossings along SR 16 MP 34.8 in Felton, with ADA curb ramps.",Kent,SR 16,bike-ped,4910000,4006719,unfunded,row,59,pedestrian; bicycle,2025,2,8,true,true,false,false,pedestrian; ada; crossing; vru
UNF-4347,T202416876 SR 36 Intersection Safety Package — Wilmington Group A,"Systemic safety package at SR 36 MP 35.9 serving Wilmington: signal upgrades, left-turn protection, lighting, and pedestrian intervals.",New Castle,SR 36,safety,15320000,13241135,unfunded,row,35,auto; pedestrian,2025,3,24,true,true,false,false,intersection; signal; safety; pedestrian; high-crash
UNF-4348,T202516913 Magnolia Sidewalk and Crossing Gap Closure — I-495,"Fill sidewalk gaps and add high-visibility crossings along I-495 MP 18.3 in Magnolia, with ADA curb ramps.",Kent,I-495,bike-ped,7690000,6278482,unfunded,final-design,84,pedestrian; bicycle,2029,6,25,true,false,false,false,pedestrian; ada; crossing; vru
UNF-4349,T202616950 SR 300 Concrete Pavement Restoration — Dewey Beach,"Slab repair, diamond grinding, and joint resealing on SR 300 MP 7.3 in Sussex County near Dewey Beach.",Sussex,SR 300,pavement,10980000,9626727,unfunded,row,38,auto,2028,1,12,false,true,true,false,pavement; concrete; preservation
UNF-4350,T202716987 SR 1 Freight Bottleneck Relief — Frankford,"Intersection capacity, turning-radius, and signal timing improvements for industrial freight on SR 1 MP 40.0 in Frankford.",Sussex,SR 1,freight,22590000,19145662,unfunded,final-design,65,freight; auto,2029,1,11,false,false,true,false,freight; bottleneck; signal; reliability
UNF-4351,T202217024 SR 18 Bridge Preservation — Odessa Phase 2,"Deck overlay, joint replacement, and scour countermeasures on the SR 18 bridge near Odessa (MP 42.9).",New Castle,SR 18,bridge,11210000,10179923,partially-funded,construction-ready,97,auto; freight,2028,0,11,false,false,false,false,bridge; preservation; state-of-good-repair
UNF-4352,T202317061 SR 404 Lane Departure Countermeasures — Kenton,"Rumble strips, high-friction surface treatment, and curve warning upgrades on SR 404 MP 23.8 near Kenton.",Kent,SR 404,safety,7950000,6797278,partially-funded,preliminary-design,32,auto,2026,5,22,true,true,true,false,lane-departure; rural; high-friction; systemic; safety
UNF-4353,T202417098 Long Neck Local Road Safety Plan,Data-driven local road safety plan for Long Neck identifying a high-injury network and proven countermeasures.,Sussex,SR 9,planning,360000,320316,unfunded,final-design,77,auto; pedestrian,2027,0,13,false,false,true,true,safety-plan; data-driven; planning
UNF-4354,T202517135 SR 299 Concrete Pavement Restoration — Felton,"Slab repair, diamond grinding, and joint resealing on SR 299 MP 3.9 in Kent County near Felton.",Kent,SR 299,pavement,14710000,13905693,unfunded,construction-ready,97,auto,2025,0,4,false,false,false,false,pavement; concrete; preservation
UNF-4355,T202617172 US 113 Pavement Rehab — Milton Phase 1,Mill and overlay of deteriorated US 113 lanes through Milton (MP 22.7) to restore ride quality. Limited safety or equity components.,Sussex,US 113,pavement,10650000,10345785,unfunded,row,39,auto,2028,0,7,false,false,true,false,pavement; preservation; state-of-good-repair
UNF-4356,T202717209 Camden-Wyoming Shared-Use Path — SR 42 FY27,Construct a shared-use path parallel to SR 42 MP 1.7 connecting neighborhoods and schools in Camden-Wyoming.,Kent,SR 42,bike-ped,2620000,2552502,unfunded,row,40,pedestrian; bicycle,2026,3,15,true,false,true,true,bicycle; pedestrian; trail; vru
UNF-4357,T202217246 SR 42 Lane Departure Countermeasures — Townsend,"Rumble strips, high-friction surface treatment, and curve warning upgrades on SR 42 MP 42.8 near Townsend.",New Castle,SR 42,safety,9460000,8562302,unfunded,construction-ready,86,auto,2028,0,7,false,false,false,false,lane-departure; rural; high-friction; systemic; safety
UNF-4358,T202317283 Lincoln Community Charging Hub — SR 18,Public DC fast charging adjacent to SR 18 serving Lincoln residents without home charging.,Sussex,SR 18,ev-charging,1000000,802521,unfunded,row,36,auto,2027,1,7,false,false,true,false,ev; equity; community; charging
UNF-4359,T202417320 SR 30 ITS Camera and Fiber — Delmar FY26,"CCTV, fiber interconnect, and TMC integration on SR 30 MP 39.4 serving Delmar and Sussex County operations.",Sussex,SR 30,signals,3980000,3140626,unfunded,final-design,74,auto,2025,1,9,false,false,false,false,its; operations; congestion; signal
UNF-4360,T202517357 SR 16 ITS Camera and Fiber — Stanton Phase 1,"CCTV, fiber interconnect, and TMC integration on SR 16 MP 17.3 serving Stanton and New Castle County operations.",New Castle,SR 16,signals,6720000,6010681,partially-funded,final-design,77,auto,2029,1,14,false,true,false,false,its; operations; congestion; signal
UNF-4361,T202617394 DE 1 Intersection Safety Package — Viola Southbound,"Systemic safety package at DE 1 MP 27.6 serving Viola: signal upgrades, left-turn protection, lighting, and pedestrian intervals.",Kent,DE 1,safety,5440000,4551984,unfunded,row,56,auto; pedestrian,2027,2,11,true,false,true,true,intersection; signal; safety; pedestrian; high-crash
UNF-4362,T202717431 US 301 Bridge Preservation — Ellendale Group A,"Deck overlay, joint replacement, and scour countermeasures on the US 301 bridge near Ellendale (MP 32.7).",Sussex,US 301,bridge,37320000,31637956,unfunded,planning,15,auto; freight,2029,0,9,false,true,true,false,bridge; preservation; state-of-good-repair
UNF-4363,T202217468 I-95 Lane Departure Countermeasures — Delmar,"Rumble strips, high-friction surface treatment, and curve warning upgrades on I-95 MP 19.3 near Delmar.",Sussex,I-95,safety,2010000,1576180,unfunded,final-design,69,auto,2027,4,21,true,true,true,false,lane-departure; rural; high-friction; systemic; safety
UNF-4364,T202317505 Stanton Sidewalk and Crossing Gap Closure — SR 20,"Fill sidewalk gaps and add high-visibility crossings along SR 20 MP 16.4 in Stanton, with ADA curb ramps.",New Castle,SR 20,bike-ped,7870000,6947263,unfunded,planning,12,pedestrian; bicycle,2028,3,18,true,false,false,false,pedestrian; ada; crossing; vru
UNF-4365,T202417542 SR 1 Bridge Culvert Replacement — Bethel,Replace a deteriorated culvert on SR 1 MP 6.1 near Bethel to restore hydraulic capacity and legal loads.,Sussex,SR 1,bridge,10890000,10769647,unfunded,row,40,auto; freight,2029,0,5,false,true,true,false,bridge; culvert; scour; state-of-good-repair
UNF-4366,T202517579 Elsmere Shared-Use Path — SR 9 Southbound,Construct a shared-use path parallel to SR 9 MP 16.5 connecting neighborhoods and schools in Elsmere.,New Castle,SR 9,bike-ped,3880000,3045477,unfunded,row,50,pedestrian; bicycle,2026,4,28,true,true,true,false,bicycle; pedestrian; trail; vru
UNF-4367,T202617616 SR 54 Bridge Preservation — Clayton Phase 1,"Deck overlay, joint replacement, and scour countermeasures on the SR 54 bridge near Clayton (MP 31.8).",Kent,SR 54,bridge,29180000,27820339,unfunded,preliminary-design,34,auto; freight,2025,1,4,false,false,false,false,bridge; preservation; state-of-good-repair
UNF-4368,T202717653 Frankford Truck Route Geometric Improvements — US 40,Widen turning radii and upgrade shoulders for freight movements on US 40 MP 38.9 near Frankford.,Sussex,US 40,freight,14570000,11705679,partially-funded,row,52,freight; auto,2028,0,6,false,false,true,false,freight; geometry; shoulders
UNF-4369,T202217690 Harrington School Zone and Speed Management,"School-zone flashers, gateway treatments, and speed management on local streets feeding SR 42 in Harrington.",Kent,SR 42,safety,2540000,2449517,unfunded,final-design,60,auto; pedestrian,2026,4,29,true,false,true,true,safety; school; speed-management; lighting
UNF-4370,T202317727 Bethany Beach Sidewalk and Crossing Gap Closure — SR 71,"Fill sidewalk gaps and add high-visibility crossings along SR 71 MP 27.1 in Bethany Beach, with ADA curb ramps.",Sussex,SR 71,bike-ped,3890000,3840295,unfunded,final-design,68,pedestrian; bicycle,2029,1,5,false,false,true,false,pedestrian; ada; crossing; vru
UNF-4371,T202417764 Kenton Community Charging Hub — SR 58,Public DC fast charging adjacent to SR 58 serving Kenton residents without home charging.,Kent,SR 58,ev-charging,3540000,3158890,unfunded,row,56,auto,2025,1,8,false,true,true,false,ev; equity; community; charging
UNF-4372,T202517801 Frederica Local Road Safety Plan,Data-driven local road safety plan for Frederica identifying a high-injury network and proven countermeasures.,Kent,DE 1,planning,1060000,913960,unfunded,final-design,67,auto; pedestrian,2029,0,3,false,true,true,true,safety-plan; data-driven; planning
UNF-4373,T202617838 Felton Local Road Safety Plan,Data-driven local road safety plan for Felton identifying a high-injury network and proven countermeasures.,Kent,US 113,planning,1050000,907142,unfunded,final-design,70,auto; pedestrian,2029,1,10,false,false,true,false,safety-plan; data-driven; planning
UNF-4374,T202717875 I-95 ITS Camera and Fiber — Harrington Southbound,"CCTV, fiber interconnect, and TMC integration on I-95 MP 27.4 serving Harrington and Kent County operations.",Kent,I-95,signals,1920000,1580337,unfunded,preliminary-design,28,auto,2027,0,8,false,false,true,false,its; operations; congestion; signal
UNF-4375,T202217912 Dewey Beach Local Road Safety Plan,Data-driven local road safety plan for Dewey Beach identifying a high-injury network and proven countermeasures.,Sussex,I-95,planning,310000,265859,unfunded,final-design,67,auto; pedestrian,2026,1,9,false,true,false,false,safety-plan; data-driven; planning
UNF-4376,T202317949 SR 92 Pavement Rehab — Milton Northbound,Mill and overlay of deteriorated SR 92 lanes through Milton (MP 39.8) to restore ride quality. Limited safety or equity components.,Sussex,SR 92,pavement,14380000,13167480,unfunded,planning,18,auto,2028,0,8,false,true,false,true,pavement; preservation; state-of-good-repair
UNF-4377,T202417986 Rising Sun DART Stop and Access Improvements — SR 36,"Accessible pads, shelters, lighting, and sidewalk connections to DART stops on SR 36 in Rising Sun.",Kent,SR 36,transit,1250000,1059237,unfunded,construction-ready,95,transit; pedestrian,2027,1,14,false,false,false,false,transit; equity; pedestrian; ada
UNF-4378,T202518023 Rehoboth Beach Sidewalk and Crossing Gap Closure — SR 10,"Fill sidewalk gaps and add high-visibility crossings along SR 10 MP 1.9 in Rehoboth Beach, with ADA curb ramps.",Sussex,SR 10,bike-ped,3110000,2351944,unfunded,row,53,pedestrian; bicycle,2028,4,16,true,false,false,false,pedestrian; ada; crossing; vru
UNF-4379,T202618060 Cheswold Slope Stabilization — SR 299 MP 37.1,"Embankment repair, drainage, and slope stabilization on SR 299 near Cheswold after repeated washouts.",Kent,SR 299,resilience,8050000,6088066,unfunded,planning,10,auto,2028,1,12,false,true,true,true,slope; drainage; resilience; geotech
UNF-4380,T202718097 Houston Sidewalk and Crossing Gap Closure — SR 54,"Fill sidewalk gaps and add high-visibility crossings along SR 54 MP 44.2 in Houston, with ADA curb ramps.",Kent,SR 54,bike-ped,5270000,4986284,partially-funded,row,54,pedestrian; bicycle,2029,6,25,true,false,true,false,pedestrian; ada; crossing; vru
UNF-4381,T202218134 Arden Local Road Safety Plan,Data-driven local road safety plan for Arden identifying a high-injury network and proven countermeasures.,New Castle,SR 92,planning,730000,701060,unfunded,planning,10,auto; pedestrian,2025,0,8,false,true,true,false,safety-plan; data-driven; planning
UNF-4382,T202318171 Glasgow Adaptive Signal System — I-495,"Adaptive signal control, detection, and communications along I-495 MP 8.4 in Glasgow.",New Castle,I-495,signals,6220000,5402100,unfunded,preliminary-design,29,auto; transit,2028,0,7,false,true,false,true,signal; operations; congestion; safety
UNF-4383,T202418208 Rehoboth Beach Local Road Safety Plan,Data-driven local road safety plan for Rehoboth Beach identifying a high-injury network and proven countermeasures.,Sussex,SR 896,planning,960000,844980,unfunded,preliminary-design,34,auto; pedestrian,2025,1,15,true,true,true,false,safety-plan; data-driven; planning
UNF-4384,T202518245 Magnolia Truck Route Geometric Improvements — SR 10,Widen turning radii and upgrade shoulders for freight movements on SR 10 MP 8.5 near Magnolia.,Kent,SR 10,freight,8240000,6838939,unfunded,final-design,81,freight; auto,2028,1,12,false,false,true,false,freight; geometry; shoulders
UNF-4385,T202618282 SR 1 Lane Departure Countermeasures — Blades,"Rumble strips, high-friction surface treatment, and curve warning upgrades on SR 1 MP 30.0 near Blades.",Sussex,SR 1,safety,2630000,2117577,unfunded,final-design,67,auto,2027,0,1,false,true,true,false,lane-departure; rural; high-friction; systemic; safety
UNF-4386,T202718319 SR 18 Pavement Rehab — Bridgeville Southbound,Mill and overlay of deteriorated SR 18 lanes through Bridgeville (MP 25.9) to restore ride quality. Limited safety or equity components.,Sussex,SR 18,pavement,6250000,5098240,unfunded,planning,12,auto,2029,0,7,false,false,false,true,pavement; preservation; state-of-good-repair
UNF-4387,T202218356 I-495 ITS Camera and Fiber — Delaware City Northbound,"CCTV, fiber interconnect, and TMC integration on I-495 MP 9.7 serving Delaware City and New Castle County operations.",New Castle,I-495,signals,1610000,1282294,unfunded,final-design,60,auto,2029,0,7,false,true,true,false,its; operations; congestion; signal
UNF-4388,T202318393 New Castle County Freight and Multimodal Plan Update,"Update the New Castle County freight and multimodal plan, including bottleneck screening on SR 10 and equity analysis.",New Castle,SR 10,planning,1640000,1361192,unfunded,final-design,62,auto; freight; transit,2026,1,6,false,true,false,true,planning; freight; multimodal; data-driven
UNF-4389,T202418430 SR 54 Pavement Rehab — Georgetown Phase 2,Mill and overlay of deteriorated SR 54 lanes through Georgetown (MP 27.6) to restore ride quality. Limited safety or equity components.,Sussex,SR 54,pavement,8040000,7816771,unfunded,planning,19,auto,2026,1,5,false,false,true,false,pavement; preservation; state-of-good-repair
UNF-4390,T202518467 Milford Adaptive Signal System — SR 14,"Adaptive signal control, detection, and communications along SR 14 MP 13.0 in Milford.",Sussex,SR 14,signals,6430000,5374831,unfunded,construction-ready,96,auto; transit,2027,1,16,true,true,true,false,signal; operations; congestion; safety
UNF-4391,T202618504 SR 10 Bridge Preservation — Rising Sun Phase 2,"Deck overlay, joint replacement, and scour countermeasures on the SR 10 bridge near Rising Sun (MP 32.8).",Kent,SR 10,bridge,29290000,23817965,unfunded,row,39,auto; freight,2026,1,14,false,false,false,false,bridge; preservation; state-of-good-repair
UNF-4392,T202718541 SR 24 Bridge Culvert Replacement — Edgemoor,Replace a deteriorated culvert on SR 24 MP 33.3 near Edgemoor to restore hydraulic capacity and legal loads.,New Castle,SR 24,bridge,5900000,5079131,partially-funded,preliminary-design,22,auto; freight,2027,1,7,false,true,false,false,bridge; culvert; scour; state-of-good-repair
UNF-4393,T202218578 Selbyville Local Road Safety Plan,Data-driven local road safety plan for Selbyville identifying a high-injury network and proven countermeasures.,Sussex,SR 4,planning,800000,626237,partially-funded,preliminary-design,33,auto; pedestrian,2025,1,8,false,true,false,false,safety-plan; data-driven; planning
UNF-4394,T202318615 SR 2 ITS Camera and Fiber — Middletown FY27,"CCTV, fiber interconnect, and TMC integration on SR 2 MP 10.9 serving Middletown and New Castle County operations.",New Castle,SR 2,signals,1410000,1117380,partially-funded,row,43,auto,2026,1,15,true,true,true,false,its; operations; congestion; signal
UNF-4395,T202418652 SR 42 Drainage and Flood Mitigation — Woodside,Stormwater upgrades and roadway raising where SR 42 MP 34.7 floods near Woodside.,Kent,SR 42,resilience,25440000,22426615,unfunded,row,47,auto,2025,1,4,false,true,true,false,flood; drainage; resilience
UNF-4396,T202518689 SR 8 ITS Camera and Fiber — Bear Phase 1,"CCTV, fiber interconnect, and TMC integration on SR 8 MP 19.9 serving Bear and New Castle County operations.",New Castle,SR 8,signals,7140000,6340041,unfunded,preliminary-design,23,auto,2027,0,6,false,true,false,false,its; operations; congestion; signal
UNF-4397,T202618726 US 40 Freight Bottleneck Relief — Greenville,"Intersection capacity, turning-radius, and signal timing improvements for industrial freight on US 40 MP 21.8 in Greenville.",New Castle,US 40,freight,6320000,5977450,unfunded,row,48,freight; auto,2026,0,3,false,false,false,false,freight; bottleneck; signal; reliability
UNF-4398,T202718763 I-95 Lane Departure Countermeasures — Milton,"Rumble strips, high-friction surface treatment, and curve warning upgrades on I-95 MP 37.4 near Milton.",Sussex,I-95,safety,2090000,1945152,unfunded,planning,13,auto,2026,4,23,true,true,true,false,lane-departure; rural; high-friction; systemic; safety
UNF-4399,T202218800 SR 141 Pavement Rehab — Camden-Wyoming Phase 2,Mill and overlay of deteriorated SR 141 lanes through Camden-Wyoming (MP 34.2) to restore ride quality. Limited safety or equity components.,Kent,SR 141,pavement,11520000,9555793,partially-funded,final-design,75,auto,2029,0,6,false,true,false,true,pavement; preservation; state-of-good-repair
UNF-4400,T202318837 SR 4 Intersection Safety Package — Cheswold Phase 2,"Systemic safety package at SR 4 MP 15.5 serving Cheswold: signal upgrades, left-turn protection, lighting, and pedestrian intervals.",Kent,SR 4,safety,9650000,8502890,unfunded,preliminary-design,34,auto; pedestrian,2025,6,32,true,false,true,false,intersection; signal; safety; pedestrian; high-crash
UNF-4401,T202418874 SR 9 Concrete Pavement Restoration — Millville,"Slab repair, diamond grinding, and joint resealing on SR 9 MP 32.0 in Sussex County near Millville.",Sussex,SR 9,pavement,20470000,17604134,unfunded,final-design,83,auto,2028,1,16,true,true,true,true,pavement; concrete; preservation
UNF-4402,T202518911 Elsmere Truck Route Geometric Improvements — SR 54,Widen turning radii and upgrade shoulders for freight movements on SR 54 MP 43.3 near Elsmere.,New Castle,SR 54,freight,14540000,13454711,unfunded,planning,12,freight; auto,2025,0,2,false,false,false,true,freight; geometry; shoulders
UNF-4403,T202618948 US 301 Drainage and Flood Mitigation — Slaughter Beach,Stormwater upgrades and roadway raising where US 301 MP 36.8 floods near Slaughter Beach.,Sussex,US 301,resilience,14900000,13885630,unfunded,preliminary-design,20,auto,2027,1,10,false,true,true,true,flood; drainage; resilience
UNF-4404,T202718985 US 202 Drainage and Flood Mitigation — Blades,Stormwater upgrades and roadway raising where US 202 MP 39.0 floods near Blades.,Sussex,US 202,resilience,15000000,14389225,partially-funded,final-design,66,auto,2029,0,5,false,false,false,false,flood; drainage; resilience
UNF-4405,T202219022 Wilmington Slope Stabilization — SR 48 MP 21.4,"Embankment repair, drainage, and slope stabilization on SR 48 near Wilmington after repeated washouts.",New Castle,SR 48,resilience,6220000,5697178,unfunded,final-design,66,auto,2029,1,17,true,false,false,false,slope; drainage; resilience; geotech
UNF-4406,T202319059 SR 71 Intersection Safety Package — Hartly Group B,"Systemic safety package at SR 71 MP 13.0 serving Hartly: signal upgrades, left-turn protection, lighting, and pedestrian intervals.",Kent,SR 71,safety,15390000,12429535,unfunded,row,41,auto; pedestrian,2027,0,3,false,false,true,true,intersection; signal; safety; pedestrian; high-crash
UNF-4407,T202419096 Townsend Local Road Safety Plan,Data-driven local road safety plan for Townsend identifying a high-injury network and proven countermeasures.,New Castle,I-95,planning,1010000,838775,unfunded,construction-ready,93,auto; pedestrian,2028,0,13,false,false,false,false,safety-plan; data-driven; planning
UNF-4408,T202519133 SR 202 Freight Bottleneck Relief — Stanton,"Intersection capacity, turning-radius, and signal timing improvements for industrial freight on SR 202 MP 26.8 in Stanton.",New Castle,SR 202,freight,21380000,17486396,unfunded,construction-ready,87,freight; auto,2025,0,0,false,false,false,false,freight; bottleneck; signal; reliability
UNF-4409,T202619170 Milford Truck Route Geometric Improvements — SR 404,Widen turning radii and upgrade shoulders for freight movements on SR 404 MP 38.8 near Milford.,Sussex,SR 404,freight,17730000,16015752,unfunded,final-design,78,freight; auto,2029,0,3,false,true,false,false,freight; geometry; shoulders
UNF-4410,T202719207 SR 9 Lane Departure Countermeasures — Hockessin,"Rumble strips, high-friction surface treatment, and curve warning upgrades on SR 9 MP 14.1 near Hockessin.",New Castle,SR 9,safety,3500000,3231958,unfunded,row,52,auto,2026,1,13,false,false,true,false,lane-departure; rural; high-friction; systemic; safety
UNF-4411,T202219244 SR 2 Bridge Culvert Replacement — Woodside,Replace a deteriorated culvert on SR 2 MP 25.5 near Woodside to restore hydraulic capacity and legal loads.,Kent,SR 2,bridge,4140000,3689908,unfunded,row,59,auto; freight,2026,0,3,false,true,true,true,bridge; culvert; scour; state-of-good-repair
UNF-4412,T202319281 SR 202 Bridge Preservation — Middletown Group A,"Deck overlay, joint replacement, and scour countermeasures on the SR 202 bridge near Middletown (MP 15.5).",New Castle,SR 202,bridge,30420000,25764447,unfunded,preliminary-design,29,auto; freight,2026,1,11,false,true,false,false,bridge; preservation; state-of-good-repair
UNF-4413,T202419318 Harrington Sidewalk and Crossing Gap Closure — SR 896,"Fill sidewalk gaps and add high-visibility crossings along SR 896 MP 40.4 in Harrington, with ADA curb ramps.",Kent,SR 896,bike-ped,2720000,2582221,partially-funded,final-design,83,pedestrian; bicycle,2027,3,18,true,true,true,false,pedestrian; ada; crossing; vru
UNF-4414,T202519355 US 301 Concrete Pavement Restoration — Christiana,"Slab repair, diamond grinding, and joint resealing on US 301 MP 10.8 in New Castle County near Christiana.",New Castle,US 301,pavement,20370000,20040447,unfunded,final-design,77,auto,2025,0,9,false,true,false,false,pavement; concrete; preservation
UNF-4415,T202619392 Middletown Sidewalk and Crossing Gap Closure — SR 7,"Fill sidewalk gaps and add high-visibility crossings along SR 7 MP 38.7 in Middletown, with ADA curb ramps.",New Castle,SR 7,bike-ped,1620000,1403063,partially-funded,row,57,pedestrian; bicycle,2027,0,6,false,true,false,false,pedestrian; ada; crossing; vru
UNF-4416,T202719429 Wyoming Road Diet and Downtown Safety — SR 36,"Road diet, on-street parking reconfiguration, ADA ramps, and pedestrian lighting in Wyoming along SR 36.",Kent,SR 36,complete-streets,6290000,5903416,unfunded,final-design,81,auto; pedestrian; bicycle,2025,3,17,true,false,true,false,road-diet; ada; downtown; complete-streets; safety
UNF-4417,T202219466 SR 54 Bridge Preservation — Kenton Northbound,"Deck overlay, joint replacement, and scour countermeasures on the SR 54 bridge near Kenton (MP 37.7).",Kent,SR 54,bridge,8910000,6754133,unfunded,planning,17,auto; freight,2025,1,13,false,false,true,false,bridge; preservation; state-of-good-repair
UNF-4418,T202319503 Greenville Community Charging Hub — SR 54,Public DC fast charging adjacent to SR 54 serving Greenville residents without home charging.,New Castle,SR 54,ev-charging,3760000,2897982,unfunded,row,44,auto,2028,0,8,false,false,false,false,ev; equity; community; charging
UNF-4419,T202419540 SR 404 Pavement Rehab — Magnolia Phase 2,Mill and overlay of deteriorated SR 404 lanes through Magnolia (MP 15.1) to restore ride quality. Limited safety or equity components.,Kent,SR 404,pavement,20310000,19991318,unfunded,final-design,79,auto,2027,1,12,false,false,true,true,pavement; preservation; state-of-good-repair
UNF-4420,T202519577 Houston Slope Stabilization — SR 10 MP 15.7,"Embankment repair, drainage, and slope stabilization on SR 10 near Houston after repeated washouts.",Kent,SR 10,resilience,7670000,7489254,unfunded,construction-ready,90,auto,2028,0,3,false,false,false,false,slope; drainage; resilience; geotech
UNF-4421,T202619614 US 13 Bridge Preservation — Delmar Northbound,"Deck overlay, joint replacement, and scour countermeasures on the US 13 bridge near Delmar (MP 27.4).",Sussex,US 13,bridge,24010000,20976399,unfunded,planning,7,auto; freight,2028,0,8,false,false,true,false,bridge; preservation; state-of-good-repair
UNF-4422,T202719651 Pike Creek Roundabout Conversion — SR 42,Convert a high-crash SR 42 intersection in Pike Creek (MP 32.7) to a single-lane roundabout with pedestrian crossings.,New Castle,SR 42,safety,7250000,6887149,unfunded,row,58,auto; pedestrian,2025,2,11,true,false,false,true,roundabout; intersection; safety; pedestrian
UNF-4423,T202219688 SR 54 Pavement Rehab — Harrington Group B,Mill and overlay of deteriorated SR 54 lanes through Harrington (MP 18.6) to restore ride quality. Limited safety or equity components.,Kent,SR 54,pavement,16600000,12891901,unfunded,row,59,auto,2029,1,5,false,true,false,false,pavement; preservation; state-of-good-repair
UNF-4424,T202319725 US 40 Pavement Rehab — Clayton Northbound,Mill and overlay of deteriorated US 40 lanes through Clayton (MP 6.3) to restore ride quality. Limited safety or equity components.,Kent,US 40,pavement,17920000,13897592,unfunded,construction-ready,91,auto,2027,1,14,false,true,false,false,pavement; preservation; state-of-good-repair
UNF-4425,T202419762 Elsmere Adaptive Signal System — SR 300,"Adaptive signal control, detection, and communications along SR 300 MP 25.3 in Elsmere.",New Castle,SR 300,signals,3610000,2923984,unfunded,final-design,67,auto; transit,2027,1,7,false,false,true,false,signal; operations; congestion; safety
UNF-4426,T202519799 SR 30 Bridge Preservation — Lewes Phase 1,"Deck overlay, joint replacement, and scour countermeasures on the SR 30 bridge near Lewes (MP 17.9).",Sussex,SR 30,bridge,18770000,16425193,unfunded,preliminary-design,26,auto; freight,2027,0,8,false,false,true,false,bridge; preservation; state-of-good-repair
UNF-4427,T202619836 St. Georges Slope Stabilization — SR 273 MP 6.5,"Embankment repair, drainage, and slope stabilization on SR 273 near St. Georges after repeated washouts.",New Castle,SR 273,resilience,13290000,11069826,partially-funded,row,57,auto,2026,0,7,false,false,false,false,slope; drainage; resilience; geotech
UNF-4428,T202719873 SR 20 Pavement Rehab — Kirkwood FY26,Mill and overlay of deteriorated SR 20 lanes through Kirkwood (MP 39.6) to restore ride quality. Limited safety or equity components.,New Castle,SR 20,pavement,14640000,11384275,unfunded,row,47,auto,2029,1,8,false,false,false,false,pavement; preservation; state-of-good-repair
UNF-4429,T202219910 Christiana Complete Streets — SR 24 Town Center,"Lane reallocation, bicycle facilities, and pedestrian lighting on SR 24 through Christiana town center (Phase 1).",New Castle,SR 24,complete-streets,17960000,15107023,unfunded,construction-ready,94,auto; pedestrian; bicycle,2026,5,33,true,false,false,true,complete-streets; bike-ped; equity; safety
UNF-4430,T202319947 SR 273 Guardrail and End Treatment Upgrade — Delmar,Replace outdated guardrail and end treatments on SR 273 MP 1.5 near Delmar to current MASH standards.,Sussex,SR 273,safety,4030000,4008232,unfunded,preliminary-design,32,auto,2028,4,28,true,false,true,true,guardrail; safety; roadside; systemic
UNF-4431,T202419984 SR 82 Intersection Safety Package — Woodside Group B,"Systemic safety package at SR 82 MP 23.6 serving Woodside: signal upgrades, left-turn protection, lighting, and pedestrian intervals.",Kent,SR 82,safety,15720000,14625938,unfunded,final-design,71,auto; pedestrian,2029,6,31,true,false,true,false,intersection; signal; safety; pedestrian; high-crash
UNF-4432,T202520021 SR 71 Pavement Rehab — Newport FY26,Mill and overlay of deteriorated SR 71 lanes through Newport (MP 36.9) to restore ride quality. Limited safety or equity components.,New Castle,SR 71,pavement,15990000,14220253,unfunded,row,43,auto,2026,1,15,true,true,false,false,pavement; preservation; state-of-good-repair
UNF-4433,T202620058 Bethel Road Diet and Downtown Safety — SR 9,"Road diet, on-street parking reconfiguration, ADA ramps, and pedestrian lighting in Bethel along SR 9.",Sussex,SR 9,complete-streets,11090000,9893928,unfunded,final-design,69,auto; pedestrian; bicycle,2029,6,27,true,false,true,true,road-diet; ada; downtown; complete-streets; safety
UNF-4434,T202720095 Laurel School Zone and Speed Management,"School-zone flashers, gateway treatments, and speed management on local streets feeding SR 71 in Laurel.",Sussex,SR 71,safety,2840000,2659307,unfunded,row,54,auto; pedestrian,2028,0,1,false,true,true,false,safety; school; speed-management; lighting
UNF-4435,T202220132 SR 42 Pavement Rehab — Kirkwood Group B,Mill and overlay of deteriorated SR 42 lanes through Kirkwood (MP 40.3) to restore ride quality. Limited safety or equity components.,New Castle,SR 42,pavement,3500000,2969086,unfunded,final-design,79,auto,2025,1,7,false,false,false,true,pavement; preservation; state-of-good-repair
UNF-4436,T202320169 SR 20 Intersection Safety Package — Frankford FY26,"Systemic safety package at SR 20 MP 2.8 serving Frankford: signal upgrades, left-turn protection, lighting, and pedestrian intervals.",Sussex,SR 20,safety,10850000,9870380,unfunded,final-design,81,auto; pedestrian,2025,4,29,true,false,false,false,intersection; signal; safety; pedestrian; high-crash
UNF-4437,T202420206 DART Bus Fleet Replacement — Long Neck Division,"Replace diesel buses with low- and no-emission transit buses and related equipment at the DART Long Neck division, including depot charging.",Sussex,DE 1,transit,14780000,11317787,unfunded,preliminary-design,30,transit,2027,1,4,false,true,true,true,transit; bus-fleet; low-no; zero-emission; garage
UNF-4438,T202520243 SR 72 Drainage and Flood Mitigation — Stanton,Stormwater upgrades and roadway raising where SR 72 MP 32.8 floods near Stanton.,New Castle,SR 72,resilience,15710000,13847251,unfunded,planning,16,auto,2026,1,17,true,false,false,true,flood; drainage; resilience
UNF-4439,T202620280 SR 14 Pavement Rehab — Millsboro Phase 2,Mill and overlay of deteriorated SR 14 lanes through Millsboro (MP 1.6) to restore ride quality. Limited safety or equity components.,Sussex,SR 14,pavement,15260000,15122905,unfunded,planning,15,auto,2027,1,16,true,true,true,false,pavement; preservation; state-of-good-repair
UNF-4440,T202720317 SR 8 Intersection Safety Package — Milton Group A,"Systemic safety package at SR 8 MP 29.3 serving Milton: signal upgrades, left-turn protection, lighting, and pedestrian intervals.",Sussex,SR 8,safety,6300000,5684084,unfunded,planning,13,auto; pedestrian,2025,0,7,false,true,true,true,intersection; signal; safety; pedestrian; high-crash
UNF-4441,T202220354 SR 42 ITS Camera and Fiber — Leipsic Phase 1,"CCTV, fiber interconnect, and TMC integration on SR 42 MP 2.5 serving Leipsic and Kent County operations.",Kent,SR 42,signals,6050000,5352055,unfunded,final-design,71,auto,2027,0,11,false,true,true,false,its; operations; congestion; signal
UNF-4442,T202320391 US 40 Lane Departure Countermeasures — Ocean View,"Rumble strips, high-friction surface treatment, and curve warning upgrades on US 40 MP 28.0 near Ocean View.",Sussex,US 40,safety,4410000,3320203,unfunded,row,49,auto,2025,4,20,true,false,true,false,lane-departure; rural; high-friction; systemic; safety
UNF-4443,T202420428 Millville Local Road Safety Plan,Data-driven local road safety plan for Millville identifying a high-injury network and proven countermeasures.,Sussex,SR 18,planning,960000,893737,unfunded,planning,9,auto; pedestrian,2025,1,15,true,true,false,true,safety-plan; data-driven; planning
UNF-4444,T202520465 I-495 Bridge Preservation — Ellendale Southbound,"Deck overlay, joint replacement, and scour countermeasures on the I-495 bridge near Ellendale (MP 18.6).",Sussex,I-495,bridge,14430000,12272654,partially-funded,final-design,83,auto; freight,2025,0,1,false,true,true,false,bridge; preservation; state-of-good-repair
UNF-4445,T202620502 SR 20 Pavement Rehab — Greenville Group B,Mill and overlay of deteriorated SR 20 lanes through Greenville (MP 35.1) to restore ride quality. Limited safety or equity components.,New Castle,SR 20,pavement,16480000,13700529,unfunded,row,35,auto,2025,0,2,false,false,false,true,pavement; preservation; state-of-good-repair
UNF-4446,T202720539 Little Creek Roundabout Conversion — US 40,Convert a high-crash US 40 intersection in Little Creek (MP 22.5) to a single-lane roundabout with pedestrian crossings.,Kent,US 40,safety,8580000,7741019,unfunded,row,48,auto; pedestrian,2026,6,34,true,true,true,true,roundabout; intersection; safety; pedestrian
UNF-4447,T202220576 SR 404 Intersection Safety Package — Arden FY26,"Systemic safety package at SR 404 MP 25.3 serving Arden: signal upgrades, left-turn protection, lighting, and pedestrian intervals.",New Castle,SR 404,safety,5260000,3993335,unfunded,planning,16,auto; pedestrian,2027,2,13,true,true,false,false,intersection; signal; safety; pedestrian; high-crash
UNF-4448,T202320613 Bowers Truck Route Geometric Improvements — SR 24,Widen turning radii and upgrade shoulders for freight movements on SR 24 MP 2.8 near Bowers.,Kent,SR 24,freight,9670000,8978625,unfunded,preliminary-design,30,freight; auto,2027,1,14,false,true,true,false,freight; geometry; shoulders
UNF-4449,T202420650 SR 141 Intersection Safety Package — Woodside FY26,"Systemic safety package at SR 141 MP 19.9 serving Woodside: signal upgrades, left-turn protection, lighting, and pedestrian intervals.",Kent,SR 141,safety,5820000,4731753,unfunded,row,53,auto; pedestrian,2028,3,24,true,true,false,false,intersection; signal; safety; pedestrian; high-crash
UNF-4450,T202520687 Lewes Complete Streets — SR 58 Town Center,"Lane reallocation, bicycle facilities, and pedestrian lighting on SR 58 through Lewes town center (Group B).",Sussex,SR 58,complete-streets,8140000,6993051,unfunded,final-design,74,auto; pedestrian; bicycle,2027,2,16,true,true,true,false,complete-streets; bike-ped; equity; safety
UNF-4451,T202620724 SR 82 Bridge Preservation — Slaughter Beach Phase 2,"Deck overlay, joint replacement, and scour countermeasures on the SR 82 bridge near Slaughter Beach (MP 37.7).",Sussex,SR 82,bridge,28030000,24303712,unfunded,preliminary-design,22,auto; freight,2029,1,7,false,true,true,true,bridge; preservation; state-of-good-repair
UNF-4452,T202720761 SR 20 Intersection Safety Package — Slaughter Beach Southbound,"Systemic safety package at SR 20 MP 22.8 serving Slaughter Beach: signal upgrades, left-turn protection, lighting, and pedestrian intervals.",Sussex,SR 20,safety,6290000,5976386,unfunded,planning,8,auto; pedestrian,2028,6,35,true,true,true,false,intersection; signal; safety; pedestrian; high-crash
UNF-4453,T202220798 SR 16 Guardrail and End Treatment Upgrade — Dewey Beach,Replace outdated guardrail and end treatments on SR 16 MP 5.5 near Dewey Beach to current MASH standards.,Sussex,SR 16,safety,1580000,1288238,unfunded,row,50,auto,2027,0,3,false,false,true,false,guardrail; safety; roadside; systemic
UNF-4454,T202320835 SR 16 Intersection Safety Package — Henlopen Acres Phase 1,"Systemic safety package at SR 16 MP 28.5 serving Henlopen Acres: signal upgrades, left-turn protection, lighting, and pedestrian intervals.",Sussex,SR 16,safety,15790000,14066184,unfunded,row,46,auto; pedestrian,2025,5,29,true,true,true,false,intersection; signal; safety; pedestrian; high-crash
UNF-4455,T202420872 Viola Road Diet and Downtown Safety — SR 300,"Road diet, on-street parking reconfiguration, ADA ramps, and pedestrian lighting in Viola along SR 300.",Kent,SR 300,complete-streets,7930000,7537961,unfunded,final-design,83,auto; pedestrian; bicycle,2025,3,20,true,true,true,false,road-diet; ada; downtown; complete-streets; safety
UNF-4456,T202520909 SR 300 Bridge Preservation — Cheswold FY27,"Deck overlay, joint replacement, and scour countermeasures on the SR 300 bridge near Cheswold (MP 44.5).",Kent,SR 300,bridge,16640000,13373761,partially-funded,planning,19,auto; freight,2029,0,2,false,false,true,false,bridge; preservation; state-of-good-repair
UNF-4457,T202620946 SR 141 Pavement Rehab — Dewey Beach Group B,Mill and overlay of deteriorated SR 141 lanes through Dewey Beach (MP 11.3) to restore ride quality. Limited safety or equity components.,Sussex,SR 141,pavement,17100000,13490470,unfunded,final-design,70,auto,2025,0,12,false,true,true,false,pavement; preservation; state-of-good-repair
UNF-4458,T202720983 I-495 Bridge Preservation — Houston Group A,"Deck overlay, joint replacement, and scour countermeasures on the I-495 bridge near Houston (MP 11.8).",Kent,I-495,bridge,36080000,34914044,unfunded,preliminary-design,29,auto; freight,2029,1,16,true,false,true,false,bridge; preservation; state-of-good-repair
UNF-4459,T202221020 New Castle County Freight and Multimodal Plan Update,"Update the New Castle County freight and multimodal plan, including bottleneck screening on SR 16 and equity analysis.",New Castle,SR 16,planning,1430000,1193478,unfunded,final-design,77,auto; freight; transit,2027,1,13,false,false,true,false,planning; freight; multimodal; data-driven
UNF-4460,T202321057 US 40 Concrete Pavement Restoration — Hockessin,"Slab repair, diamond grinding, and joint resealing on US 40 MP 35.3 in New Castle County near Hockessin.",New Castle,US 40,pavement,23920000,23157631,unfunded,construction-ready,93,auto,2029,1,15,true,false,true,false,pavement; concrete; preservation
UNF-4461,T202421094 SR 42 Bridge Preservation — Odessa Group A,"Deck overlay, joint replacement, and scour countermeasures on the SR 42 bridge near Odessa (MP 10.6).",New Castle,SR 42,bridge,24080000,22296308,unfunded,planning,5,auto; freight,2026,1,9,false,true,false,true,bridge; preservation; state-of-good-repair
UNF-4462,T202521131 I-495 Pavement Rehab — Bowers Southbound,Mill and overlay of deteriorated I-495 lanes through Bowers (MP 36.1) to restore ride quality. Limited safety or equity components.,Kent,I-495,pavement,15810000,14679824,partially-funded,row,55,auto,2027,0,5,false,false,false,true,pavement; preservation; state-of-good-repair
UNF-4463,T202621168 US 13 Intersection Safety Package — Bowers Northbound,"Systemic safety package at US 13 MP 25.8 serving Bowers: signal upgrades, left-turn protection, lighting, and pedestrian intervals.",Kent,US 13,safety,8100000,7917004,unfunded,final-design,60,auto; pedestrian,2025,1,10,false,true,true,false,intersection; signal; safety; pedestrian; high-crash
UNF-4464,T202721205 Millville Truck Route Geometric Improvements — SR 24,Widen turning radii and upgrade shoulders for freight movements on SR 24 MP 15.8 near Millville.,Sussex,SR 24,freight,14150000,13419914,unfunded,row,50,freight; auto,2026,1,13,false,false,true,true,freight; geometry; shoulders
UNF-4465,T202221242 Bridgeville Slope Stabilization — SR 202 MP 35.7,"Embankment repair, drainage, and slope stabilization on SR 202 near Bridgeville after repeated washouts.",Sussex,SR 202,resilience,7850000,6556747,unfunded,final-design,64,auto,2028,1,9,false,false,true,false,slope; drainage; resilience; geotech
UNF-4466,T202321279 SR 273 Pavement Rehab — Henlopen Acres Northbound,Mill and overlay of deteriorated SR 273 lanes through Henlopen Acres (MP 41.1) to restore ride quality. Limited safety or equity components.,Sussex,SR 273,pavement,15380000,13330639,unfunded,row,55,auto,2029,0,5,false,false,true,false,pavement; preservation; state-of-good-repair
UNF-4467,T202421316 Dewey Beach Local Road Safety Plan,Data-driven local road safety plan for Dewey Beach identifying a high-injury network and proven countermeasures.,Sussex,US 202,planning,780000,601416,unfunded,preliminary-design,29,auto; pedestrian,2029,1,16,true,false,true,false,safety-plan; data-driven; planning
UNF-4468,T202521353 SR 141 Guardrail and End Treatment Upgrade — Kenton,Replace outdated guardrail and end treatments on SR 141 MP 31.6 near Kenton to current MASH standards.,Kent,SR 141,safety,3930000,3718009,unfunded,planning,13,auto,2027,2,12,true,true,true,true,guardrail; safety; roadside; systemic
UNF-4469,T202621390 Greenville School Zone and Speed Management,"School-zone flashers, gateway treatments, and speed management on local streets feeding SR 273 in Greenville.",New Castle,SR 273,safety,1230000,1066259,partially-funded,row,35,auto; pedestrian,2026,6,34,true,true,true,false,safety; school; speed-management; lighting
UNF-4470,T202721427 SR 404 Lane Departure Countermeasures — Kenton,"Rumble strips, high-friction surface treatment, and curve warning upgrades on SR 404 MP 37.0 near Kenton.",Kent,SR 404,safety,2480000,1919093,unfunded,row,38,auto,2028,4,26,true,false,false,true,lane-departure; rural; high-friction; systemic; safety
UNF-4471,T202221464 Felton Adaptive Signal System — SR 24,"Adaptive signal control, detection, and communications along SR 24 MP 20.9 in Felton.",Kent,SR 24,signals,6740000,5089737,unfunded,preliminary-design,24,auto; transit,2026,0,1,false,false,false,false,signal; operations; congestion; safety
UNF-4472,T202321501 SR 30 Lane Departure Countermeasures — Millville,"Rumble strips, high-friction surface treatment, and curve warning upgrades on SR 30 MP 12.1 near Millville.",Sussex,SR 30,safety,8630000,7186616,partially-funded,preliminary-design,23,auto,2026,4,25,true,false,true,true,lane-departure; rural; high-friction; systemic; safety
UNF-4473,T202421538 SR 404 ITS Camera and Fiber — Cheswold Southbound,"CCTV, fiber interconnect, and TMC integration on SR 404 MP 27.4 serving Cheswold and Kent County operations.",Kent,SR 404,signals,5740000,5509057,unfunded,preliminary-design,26,auto,2029,1,14,false,true,true,false,its; operations; congestion; signal
UNF-4474,T202521575 SR 299 Drainage and Flood Mitigation — Edgemoor,Stormwater upgrades and roadway raising where SR 299 MP 5.2 floods near Edgemoor.,New Castle,SR 299,resilience,10360000,8927626,partially-funded,final-design,80,auto,2026,1,8,false,true,false,true,flood; drainage; resilience
UNF-4475,T202621612 Leipsic Sidewalk and Crossing Gap Closure — SR 10,"Fill sidewalk gaps and add high-visibility crossings along SR 10 MP 34.3 in Leipsic, with ADA curb ramps.",Kent,SR 10,bike-ped,6650000,5679637,unfunded,planning,16,pedestrian; bicycle,2028,4,29,true,true,true,false,pedestrian; ada; crossing; vru
UNF-4476,T202721649 DART Bus Fleet Replacement — Greenville Division,"Replace diesel buses with low- and no-emission transit buses and related equipment at the DART Greenville division, including depot charging.",New Castle,I-495,transit,10930000,9323131,partially-funded,construction-ready,86,transit,2027,1,17,true,false,true,false,transit; bus-fleet; low-no; zero-emission; garage
UNF-4477,T202221686 SR 16 Pavement Rehab — Wyoming Southbound,Mill and overlay of deteriorated SR 16 lanes through Wyoming (MP 13.5) to restore ride quality. Limited safety or equity components.,Kent,SR 16,pavement,6120000,4773837,unfunded,preliminary-design,25,auto,2027,0,4,false,true,false,false,pavement; preservation; state-of-good-repair
UNF-4478,T202321723 SR 4 Intersection Safety Package — Houston Group B,"Systemic safety package at SR 4 MP 32.4 serving Houston: signal upgrades, left-turn protection, lighting, and pedestrian intervals.",Kent,SR 4,safety,6480000,5895692,partially-funded,preliminary-design,23,auto; pedestrian,2028,5,27,true,false,true,true,intersection; signal; safety; pedestrian; high-crash
UNF-4479,T202421760 Stanton Slope Stabilization — SR 20 MP 9.2,"Embankment repair, drainage, and slope stabilization on SR 20 near Stanton after repeated washouts.",New Castle,SR 20,resilience,6940000,6785197,unfunded,final-design,84,auto,2029,1,14,false,false,true,false,slope; drainage; resilience; geotech
UNF-4480,T202521797 US 13 Pavement Rehab — Greenville FY26,Mill and overlay of deteriorated US 13 lanes through Greenville (MP 12.1) to restore ride quality. Limited safety or equity components.,New Castle,US 13,pavement,9120000,7034235,partially-funded,preliminary-design,34,auto,2028,0,12,false,false,false,false,pavement; preservation; state-of-good-repair
UNF-4481,T202621834 DART Bus Maintenance Facility Rehab — Bowers,"Rehabilitate the DART bus maintenance garage in Bowers, including lifts, bus wash, and charging/fueling for the transit fleet.",Kent,US 301,transit,28720000,24603346,unfunded,final-design,61,transit,2026,1,6,false,true,true,false,transit; bus-fleet; garage; facility; low-no
UNF-4482,T202721871 SR 48 Bridge Preservation — Ocean View Northbound,"Deck overlay, joint replacement, and scour countermeasures on the SR 48 bridge near Ocean View (MP 21.0).",Sussex,SR 48,bridge,27030000,25941725,partially-funded,row,56,auto; freight,2028,0,9,false,true,true,true,bridge; preservation; state-of-good-repair
UNF-4483,T202221908 Middletown Local Road Safety Plan,Data-driven local road safety plan for Middletown identifying a high-injury network and proven countermeasures.,New Castle,SR 48,planning,690000,660178,partially-funded,construction-ready,100,auto; pedestrian,2028,1,5,false,true,false,false,safety-plan; data-driven; planning
UNF-4484,T202321945 SR 54 Intersection Safety Package — Millsboro FY26,"Systemic safety package at SR 54 MP 42.1 serving Millsboro: signal upgrades, left-turn protection, lighting, and pedestrian intervals.",Sussex,SR 54,safety,4680000,4557607,unfunded,row,45,auto; pedestrian,2029,4,20,true,true,true,false,intersection; signal; safety; pedestrian; high-crash
UNF-4485,T202421982 SR 54 Bridge Preservation — Camden Phase 2,"Deck overlay, joint replacement, and scour countermeasures on the SR 54 bridge near Camden (MP 2.2).",Kent,SR 54,bridge,5230000,4082342,unfunded,preliminary-design,33,auto; freight,2028,0,0,false,false,false,false,bridge; preservation; state-of-good-repair
UNF-4486,T202522019 SR 7 Freight Bottleneck Relief — Delaware City,"Intersection capacity, turning-radius, and signal timing improvements for industrial freight on SR 7 MP 37.1 in Delaware City.",New Castle,SR 7,freight,8000000,6620195,unfunded,row,38,freight; auto,2025,1,6,false,false,false,true,freight; bottleneck; signal; reliability
UNF-4487,T202622056 US 301 Drainage and Flood Mitigation — Delaware City,Stormwater upgrades and roadway raising where US 301 MP 33.7 floods near Delaware City.,New Castle,US 301,resilience,10240000,9232830,unfunded,planning,16,auto,2026,1,9,false,true,false,false,flood; drainage; resilience
UNF-4488,T202722093 US 40 Bridge Preservation — Bellefonte FY27,"Deck overlay, joint replacement, and scour countermeasures on the US 40 bridge near Bellefonte (MP 5.5).",New Castle,US 40,bridge,4220000,3408752,unfunded,row,49,auto; freight,2026,0,10,false,true,true,false,bridge; preservation; state-of-good-repair
UNF-4489,T202222130 US 113 Drainage and Flood Mitigation — Bowers,Stormwater upgrades and roadway raising where US 113 MP 28.5 floods near Bowers.,Kent,US 113,resilience,21670000,19251423,unfunded,construction-ready,94,auto,2025,1,8,false,true,false,false,flood; drainage; resilience
UNF-4490,T202322167 SR 896 Bridge Preservation — Selbyville Phase 2,"Deck overlay, joint replacement, and scour countermeasures on the SR 896 bridge near Selbyville (MP 6.4).",Sussex,SR 896,bridge,35980000,27777556,partially-funded,preliminary-design,34,auto; freight,2025,1,9,false,false,true,false,bridge; preservation; state-of-good-repair
UNF-4491,T202422204 Middletown Slope Stabilization — SR 4 MP 19.5,"Embankment repair, drainage, and slope stabilization on SR 4 near Middletown after repeated washouts.",New Castle,SR 4,resilience,5910000,5134871,unfunded,row,39,auto,2029,1,15,true,false,false,false,slope; drainage; resilience; geotech
UNF-4492,T202522241 Milford Local Road Safety Plan,Data-driven local road safety plan for Milford identifying a high-injury network and proven countermeasures.,Kent,SR 896,planning,500000,412660,unfunded,final-design,64,auto; pedestrian,2026,1,4,false,false,true,false,safety-plan; data-driven; planning
UNF-4493,T202622278 SR 92 Bridge Preservation — Bellefonte Group B,"Deck overlay, joint replacement, and scour countermeasures on the SR 92 bridge near Bellefonte (MP 28.8).",New Castle,SR 92,bridge,19950000,17629213,unfunded,final-design,60,auto; freight,2027,0,6,false,false,false,true,bridge; preservation; state-of-good-repair
UNF-4494,T202722315 SR 7 Drainage and Flood Mitigation — Harrington,Stormwater upgrades and roadway raising where SR 7 MP 8.6 floods near Harrington.,Kent,SR 7,resilience,11130000,8497962,unfunded,preliminary-design,34,auto,2029,0,10,false,false,false,false,flood; drainage; resilience
UNF-4495,T202222352 SR 10 Guardrail and End Treatment Upgrade — Delmar,Replace outdated guardrail and end treatments on SR 10 MP 25.5 near Delmar to current MASH standards.,Sussex,SR 10,safety,3720000,3633312,unfunded,planning,9,auto,2029,2,20,true,true,true,true,guardrail; safety; roadside; systemic
UNF-4496,T202322389 SR 36 Pavement Rehab — Smyrna Phase 2,Mill and overlay of deteriorated SR 36 lanes through Smyrna (MP 28.4) to restore ride quality. Limited safety or equity components.,Kent,SR 36,pavement,5500000,4721669,unfunded,planning,5,auto,2026,1,11,false,true,true,true,pavement; preservation; state-of-good-repair
UNF-4497,T202422426 SR 20 Intersection Safety Package — Georgetown Northbound,"Systemic safety package at SR 20 MP 5.3 serving Georgetown: signal upgrades, left-turn protection, lighting, and pedestrian intervals.",Sussex,SR 20,safety,9500000,7482684,unfunded,row,59,auto; pedestrian,2026,2,16,true,false,true,false,intersection; signal; safety; pedestrian; high-crash
UNF-4498,T202522463 SR 299 Drainage and Flood Mitigation — Middletown,Stormwater upgrades and roadway raising where SR 299 MP 27.4 floods near Middletown.,New Castle,SR 299,resilience,26610000,21472065,partially-funded,row,50,auto,2029,1,15,true,false,false,false,flood; drainage; resilience
UNF-4499,T202622500 Smyrna Slope Stabilization — SR 30 MP 17.2,"Embankment repair, drainage, and slope stabilization on SR 30 near Smyrna after repeated washouts.",Kent,SR 30,resilience,3160000,2864219,unfunded,final-design,73,auto,2029,0,13,false,false,true,false,slope; drainage; resilience; geotech